location,Basel,Basel,Basel
lat,47.75000,47.75000,47.75000
lon,7.50000,7.50000,7.50000
asl,363.653,363.653,363.653
variable,Temperature,Relative Humidity,Mean Sea Level Pressure
unit,°C,%,hPa
level,2 m elevation corrected,2 m,MSL
resolution,hourly,hourly,hourly
aggregation,None,None,None
timestamp,Basel Temperature [2 m elevation corrected],Basel Relative Humidity [2 m],Basel Mean Sea Level Pressure [MSL]
20240101T0000,6.5302453,81.2849,1012.5
20240101T0100,6.2402453,83.22755,1012.6
20240101T0200,6.210245,84.7112,1013.0
20240101T0300,6.170245,84.94641,1013.2
20240101T0400,6.1602454,83.80913,1013.3
20240101T0500,6.130245,84.10285,1013.7
20240101T0600,6.020245,84.32747,1014.1
20240101T0700,6.040245,84.449776,1014.7
20240101T0800,6.290245,82.822174,1015.0
20240101T0900,6.8402452,81.61914,1015.2
20240101T1000,7.4302454,78.20641,1015.6
20240101T1100,8.080246,75.3871,1015.6
20240101T1200,8.210245,75.784424,1015.6
20240101T1300,8.190246,76.4252,1015.1
20240101T1400,8.290245,75.05355,1015.1
20240101T1500,8.080246,75.12102,1015.3
20240101T1600,7.0102453,79.64705,1015.8
20240101T1700,5.7202454,85.010635,1016.3
20240101T1800,5.2602453,86.418076,1016.2
20240101T1900,5.420245,85.39759,1016.3
20240101T2000,5.110245,86.277504,1016.2
20240101T2100,5.3102455,84.65669,1015.1
20240101T2200,5.6002455,84.45306,1014.5
20240101T2300,5.8302455,82.46372,1014.8
20240102T0000,6.1602454,80.252014,1013.8
20240102T0100,6.6402454,77.46423,1012.4
20240102T0200,7.3502455,72.56643,1011.8
20240102T0300,7.5702453,75.34709,1011.1
20240102T0400,7.7202454,79.81503,1010.1
20240102T0500,7.960245,82.068115,1009.5
20240102T0600,8.350245,82.065636,1009.0
20240102T0700,8.590245,81.8136,1008.9
20240102T0800,8.820246,82.017204,1008.9
20240102T0900,9.110246,81.716576,1009.0
20240102T1000,9.270246,82.8227,1008.9
20240102T1100,9.8102455,80.58039,1007.9
20240102T1200,9.890245,80.59219,1006.6
20240102T1300,9.820246,82.49687,1006.1
20240102T1400,9.690246,85.31209,1005.6
20240102T1500,9.670245,86.19404,1005.3
20240102T1600,9.740245,85.788315,1004.5
20240102T1700,9.930245,85.34003,1003.6
20240102T1800,10.280245,83.643074,1002.6
20240102T1900,10.590245,81.530655,1002.3
20240102T2000,10.770246,81.33253,1002.4
20240102T2100,10.940246,79.42699,1002.7
20240102T2200,11.170245,76.72658,1003.7
20240102T2300,11.150246,76.09163,1004.2
20240103T0000,10.960245,79.53919,1004.2
20240103T0100,10.930245,80.08247,1004.5
20240103T0200,10.930245,79.589264,1004.4
20240103T0300,10.760245,80.112114,1004.6
20240103T0400,10.670245,80.87297,1004.5
20240103T0500,10.670245,78.84078,1004.9
20240103T0600,10.630245,76.74078,1005.2
20240103T0700,10.520246,75.56196,1005.6
20240103T0800,10.790245,72.42809,1005.5
20240103T0900,11.270246,67.461555,1005.7
20240103T1000,11.630245,65.40755,1006.1
20240103T1100,11.880245,63.438194,1005.8
20240103T1200,12.270246,65.00892,1004.9
20240103T1300,12.360246,65.66552,1004.1
20240103T1400,12.230246,66.55447,1003.6
20240103T1500,11.680245,69.11898,1003.2
20240103T1600,11.340245,68.75921,1002.9
20240103T1700,11.000245,68.11295,1002.7
20240103T1800,10.100245,78.64177,1003.6
20240103T1900,9.920245,77.90736,1004.4
20240103T2000,10.000245,75.943535,1005.2
20240103T2100,9.880245,73.67892,1005.7
20240103T2200,9.600245,73.21427,1006.0
20240103T2300,9.540245,73.71763,1006.5
20240104T0000,9.330245,73.98857,1006.7
20240104T0100,9.160245,75.212715,1007.2
20240104T0200,8.980246,75.70946,1007.9
20240104T0300,8.760245,79.25285,1008.9
20240104T0400,8.490246,80.89044,1009.3
20240104T0500,8.360246,80.92777,1010.2
20240104T0600,8.480246,78.60014,1010.8
20240104T0700,8.330246,78.74142,1011.6
20240104T0800,8.350245,78.74465,1012.0
20240104T0900,8.480246,82.25587,1012.6
20240104T1000,8.730246,81.09537,1013.1
20240104T1100,9.210245,78.71801,1013.0
20240104T1200,9.740245,77.76958,1012.4
20240104T1300,9.940246,76.03872,1011.8
20240104T1400,9.890245,74.14545,1011.5
20240104T1500,9.380245,75.78089,1011.0
20240104T1600,7.3902454,82.79874,1010.4
20240104T1700,8.090245,79.87262,1010.5
20240104T1800,5.480245,90.58234,1010.1
20240104T1900,5.1202455,92.62564,1009.8
20240104T2000,4.7602453,93.589226,1009.5
20240104T2100,4.2402453,95.70598,1008.8
20240104T2200,3.9602456,95.42036,1008.7
20240104T2300,4.0502453,95.76462,1008.4
20240105T0000,4.150245,95.90553,1008.0
20240105T0100,4.3302455,95.37175,1007.4
20240105T0200,4.380245,94.29815,1006.9
20240105T0300,4.4402456,93.104416,1006.6
20240105T0400,4.770245,91.68544,1006.0
20240105T0500,5.0502453,90.67364,1005.5
20240105T0600,5.5602455,88.68788,1005.5
20240105T0700,5.8902454,88.84601,1005.5
20240105T0800,5.8902454,90.68127,1005.6
20240105T0900,6.5902452,90.10664,1005.6
20240105T1000,6.900245,91.337685,1005.9
20240105T1100,7.4302454,91.37885,1006.1
20240105T1200,7.900245,90.344864,1005.2
20240105T1300,8.240246,88.45523,1005.0
20240105T1400,8.280246,89.01207,1005.1
20240105T1500,8.090245,89.67528,1004.9
20240105T1600,7.420245,91.061104,1005.1
20240105T1700,7.110245,92.05645,1005.0
20240105T1800,6.4902453,94.15688,1005.2
20240105T1900,5.9702454,95.85516,1005.6
20240105T2000,5.650245,95.63918,1005.8
20240105T2100,5.860245,93.72487,1005.8
20240105T2200,5.9502454,93.07531,1006.1
20240105T2300,5.790245,92.28286,1006.0
20240106T0000,5.7402453,92.14943,1006.2
20240106T0100,5.630245,91.236595,1007.3
20240106T0200,5.4102454,90.4483,1007.5
20240106T0300,5.210245,89.91965,1007.8
20240106T0400,5.040245,89.96792,1008.1
20240106T0500,4.920245,90.59809,1008.3
20240106T0600,4.8502455,90.39915,1008.8
20240106T0700,4.5802455,91.02076,1009.5
20240106T0800,4.6602454,89.933075,1010.0
20240106T0900,5.2002454,89.030235,1010.5
20240106T1000,5.5602455,87.06864,1010.7
20240106T1100,5.980245,84.561966,1010.7
20240106T1200,6.2602453,82.23217,1010.5
20240106T1300,6.2602453,81.998856,1010.1
20240106T1400,6.0702453,83.44102,1010.1
20240106T1500,5.860245,84.06746,1010.7
20240106T1600,5.4702454,85.952255,1010.9
20240106T1700,5.210245,86.227806,1011.3
20240106T1800,5.1602454,86.59128,1011.6
20240106T1900,5.1202455,87.32979,1011.8
20240106T2000,4.960245,88.375725,1011.9
20240106T2100,4.790245,89.49821,1011.5
20240106T2200,4.730245,91.68229,1011.8
20240106T2300,4.6002455,92.325615,1011.7
20240107T0000,4.5702453,92.586044,1011.8
20240107T0100,4.4902453,93.77111,1012.1
20240107T0200,4.3302455,94.832115,1012.3
20240107T0300,4.1902456,95.83943,1012.5
20240107T0400,4.0902452,95.3593,1012.5
20240107T0500,3.8402452,95.21054,1012.8
20240107T0600,3.6002455,95.19762,1013.2
20240107T0700,3.4702454,96.14667,1013.8
20240107T0800,3.4102454,96.14385,1014.3
20240107T0900,3.5402455,96.149956,1014.6
20240107T1000,4.1002455,95.76707,1014.9
20240107T1100,4.3702455,92.90125,1014.9
20240107T1200,4.7402453,88.47911,1014.3
20240107T1300,4.730245,88.03747,1014.4
20240107T1400,4.5402455,88.52173,1014.9
20240107T1500,4.0402455,88.5971,1015.6
20240107T1600,3.4702454,89.49933,1016.2
20240107T1700,2.7902455,90.27736,1017.0
20240107T1800,2.2102454,90.68294,1017.8
20240107T1900,1.7202454,91.16808,1018.5
20240107T2000,1.3402455,90.53691,1018.8
20240107T2100,0.9502454,89.11544,1019.2
20240107T2200,0.4902454,88.93581,1019.9
20240107T2300,0.080245405,87.45406,1019.9
20240108T0000,-0.35975462,86.6239,1020.0
20240108T0100,-0.72975457,85.547104,1020.4
20240108T0200,-0.9597546,84.81319,1020.8
20240108T0300,-1.1597546,83.51814,1020.8
20240108T0400,-1.1797546,81.460526,1021.1
20240108T0500,-1.1897546,79.14838,1021.3
20240108T0600,-1.1797546,77.308586,1021.8
20240108T0700,-1.1797546,75.90907,1022.0
20240108T0800,-1.0897546,74.892456,1022.2
20240108T0900,-0.9497546,74.63593,1022.3
20240108T1000,-0.7197546,71.5616,1022.9
20240108T1100,-0.61975455,69.63993,1022.6
20240108T1200,-0.3797546,68.53212,1022.2
20240108T1300,-0.28975457,67.978546,1022.6
20240108T1400,-0.2697546,68.03541,1022.5
20240108T1500,-0.34975457,68.22504,1022.7
20240108T1600,-0.5697546,68.80295,1023.0
20240108T1700,-0.76975465,69.445244,1023.5
20240108T1800,-0.9597546,70.04352,1024.0
20240108T1900,-1.0797546,71.09922,1024.2
20240108T2000,-0.98975456,71.173904,1024.3
20240108T2100,-1.0197546,71.82452,1024.2
20240108T2200,-0.9597546,73.279915,1024.9
20240108T2300,-1.0397546,73.76836,1025.2
20240109T0000,-1.1997546,73.509674,1025.0
20240109T0100,-1.5697545,74.224075,1025.1
20240109T0200,-1.9097546,74.72531,1025.1
20240109T0300,-2.1097546,74.62677,1025.3
20240109T0400,-2.6397548,76.38059,1025.2
20240109T0500,-2.7997546,75.12037,1025.1
20240109T0600,-2.8797545,73.492256,1025.1
20240109T0700,-2.9797544,72.33781,1025.4
20240109T0800,-2.9897547,74.041084,1025.5
20240109T0900,-2.8297548,72.42716,1025.7
20240109T1000,-2.7397547,75.42347,1026.7
20240109T1100,-2.4497547,74.90242,1026.5
20240109T1200,-2.1897545,74.897995,1026.2
20240109T1300,-1.9597546,74.31415,1026.0
20240109T1400,-1.8497547,74.3941,1026.2
20240109T1500,-1.9097546,76.230736,1026.3
20240109T1600,-2.7297544,83.85702,1026.2
20240109T1700,-2.5297546,82.30205,1026.6
20240109T1800,-2.3197546,83.40833,1026.8
20240109T1900,-2.5497546,87.33327,1027.2
20240109T2000,-2.6197548,88.05649,1027.0
20240109T2100,-2.4497547,86.03032,1026.8
20240109T2200,-2.5597544,90.97576,1027.5
20240109T2300,-2.6297545,91.31327,1027.2
20240110T0000,-2.6497545,91.79538,1027.0
20240110T0100,-2.7097545,92.067665,1026.7
20240110T0200,-2.8797545,93.24274,1026.7
20240110T0300,-2.7497544,92.34266,1026.6
20240110T0400,-2.8797545,91.6357,1026.4
20240110T0500,-3.0297546,91.13705,1026.2
20240110T0600,-3.2197547,89.81249,1026.3
20240110T0700,-3.3897548,88.97692,1026.2
20240110T0800,-3.2197547,87.31645,1026.5
20240110T0900,-2.3397546,85.65405,1026.6
20240110T1000,-1.3397546,83.743935,1027.9
20240110T1100,-0.4297546,82.814476,1027.8
20240110T1200,0.23024541,81.32003,1027.3
20240110T1300,0.8202454,81.051346,1027.0
20240110T1400,0.9502454,80.35215,1026.8
20240110T1500,0.100245416,87.13257,1026.7
20240110T1600,-1.3197546,86.893906,1026.6
20240110T1700,-2.1197548,90.47174,1026.7
20240110T1800,-2.0697546,90.81773,1026.9
20240110T1900,-2.1897545,91.76784,1027.1
20240110T2000,-2.5497546,91.183044,1027.4
20240110T2100,-2.8097544,91.711464,1027.3
20240110T2200,-2.9097548,91.0796,1028.0
20240110T2300,-3.1097546,90.71539,1028.3
20240111T0000,-3.3197546,91.10898,1028.1
20240111T0100,-3.3797545,90.55046,1028.2
20240111T0200,-3.519755,89.16612,1028.1
20240111T0300,-3.5397549,88.21562,1028.3
20240111T0400,-3.4497547,86.02789,1028.0
20240111T0500,-4.0097547,87.41808,1027.8
20240111T0600,-4.1097546,87.742004,1028.2
20240111T0700,-4.369755,88.59176,1028.3
20240111T0800,-3.8697548,89.12675,1028.7
20240111T0900,-2.4897547,85.04981,1029.0
20240111T1000,-3.6697545,85.14428,1030.1
20240111T1100,-2.1897545,84.70507,1029.9
20240111T1200,-1.4197546,83.10207,1029.3
20240111T1300,-0.8197546,82.75533,1028.9
20240111T1400,-0.97975457,83.356255,1028.8
20240111T1500,-2.3597546,85.45649,1028.7
20240111T1600,-2.8797545,85.77664,1029.4
20240111T1700,-4.309755,87.91999,1030.1
20240111T1800,-4.1297545,89.16565,1030.2
20240111T1900,-5.0697546,90.93498,1030.5
20240111T2000,-4.8597546,91.02635,1031.1
20240111T2100,-4.459755,90.09265,1030.9
20240111T2200,-4.559755,89.25407,1032.0
20240111T2300,-4.829755,89.36116,1032.0
20240112T0000,-5.1897545,88.97525,1031.6
20240112T0100,-5.309755,88.41118,1031.9
20240112T0200,-5.4897547,88.80216,1031.8
20240112T0300,-5.559755,89.90368,1031.8
20240112T0400,-5.639755,89.5465,1031.7
20240112T0500,-6.1097546,90.263626,1031.5
20240112T0600,-6.4697547,90.436066,1031.7
20240112T0700,-6.389755,90.79842,1031.9
20240112T0800,-5.209755,90.43026,1032.0
20240112T0900,-3.5397549,85.68674,1031.9
20240112T1000,-2.9297547,80.800255,1033.9
20240112T1100,-3.6797547,86.459854,1033.6
20240112T1200,-2.6397548,83.67865,1032.5
20240112T1300,-2.0997548,82.87261,1032.1
20240112T1400,-2.2197547,83.23325,1031.3
20240112T1500,-2.8197546,84.22872,1031.3
20240112T1600,-3.8997545,88.03751,1031.4
20240112T1700,-4.289755,91.01352,1031.2
20240112T1800,-3.769755,90.92613,1031.3
20240112T1900,-4.3997545,92.54983,1031.6
20240112T2000,-4.6097546,92.176994,1031.7
20240112T2100,-4.3397546,91.70865,1031.5
20240112T2200,-5.1997547,92.193695,1032.3
20240112T2300,-5.5697546,93.09043,1031.9
20240113T0000,-5.289755,92.54173,1031.4
20240113T0100,-4.6597548,91.186516,1031.1
20240113T0200,-4.7597547,90.33835,1030.2
20240113T0300,-4.849755,89.35889,1029.8
20240113T0400,-5.1697545,89.3917,1029.4
20240113T0500,-5.7197547,91.93139,1029.4
20240113T0600,-6.119755,93.47709,1029.3
20240113T0700,-6.039755,93.628914,1029.3
20240113T0800,-7.249755,94.632065,1029.3
20240113T0900,-7.269755,93.67189,1028.8
20240113T1000,-5.0697546,90.93498,1030.1
20240113T1100,-3.9197545,86.49453,1029.2
20240113T1200,-2.9497547,83.31285,1027.8
20240113T1300,-2.4497547,83.071556,1026.7
20240113T1400,-2.0897546,80.387764,1025.7
20240113T1500,-1.8897547,79.38657,1025.1
20240113T1600,-1.9797546,81.57829,1024.8
20240113T1700,-3.769755,87.9858,1024.3
20240113T1800,-4.709755,91.603096,1024.1
20240113T1900,-4.709755,91.603096,1023.8
20240113T2000,-4.749755,91.037415,1023.3
20240113T2100,-4.869755,90.18758,1022.6
20240113T2200,-4.8997545,88.66583,1023.3
20240113T2300,-5.1497545,88.77352,1022.9
20240114T0000,-5.269755,88.621864,1022.0
20240114T0100,-5.619755,89.34037,1021.0
20240114T0200,-6.099755,89.77367,1020.3
20240114T0300,-6.349755,88.83815,1019.9
20240114T0400,-6.499755,89.308235,1019.1
20240114T0500,-6.459755,87.925064,1018.6
20240114T0600,-6.6597548,87.41776,1018.4
20240114T0700,-6.6297545,86.73746,1018.1
20240114T0800,-6.079755,83.408844,1017.6
20240114T0900,-4.829755,82.37732,1016.9
20240114T1000,-5.209755,86.85971,1018.0
20240114T1100,-2.8397546,77.707695,1016.9
20240114T1200,-1.1997546,70.04216,1015.1
20240114T1300,-0.8097546,70.88783,1013.7
20240114T1400,0.1202454,69.17516,1012.5
20240114T1500,-0.9197546,81.01195,1011.7
20240114T1600,-1.7597545,81.05778,1011.1
20240114T1700,-1.1197546,77.496346,1010.5
20240114T1800,-0.75975454,76.97783,1010.6
20240114T1900,-0.48975456,84.81446,1010.9
20240114T2000,-0.6797546,87.23329,1011.0
20240114T2100,-0.3097546,86.30788,1010.9
20240114T2200,-0.51975465,89.55692,1011.2
20240114T2300,-0.49975455,89.02767,1011.1
20240115T0000,-1.0097545,89.907646,1010.7
20240115T0100,-1.0997546,89.36266,1010.7
20240115T0200,-1.0197546,86.28188,1010.4
20240115T0300,-1.1397547,85.87866,1010.5
20240115T0400,-0.61975455,84.037476,1010.3
20240115T0500,-0.62975454,84.28842,1010.2
20240115T0600,-0.4297546,83.938866,1010.0
20240115T0700,-1.0897546,83.7174,1009.7
20240115T0800,-1.0097545,83.28908,1009.7
20240115T0900,-0.34975457,82.57865,1009.4
20240115T1000,1.5202454,75.01767,1009.3
20240115T1100,2.0202456,72.10111,1008.8
20240115T1200,2.1202455,71.7467,1008.2
20240115T1300,2.0402455,73.07982,1008.4
20240115T1400,1.9802454,74.82919,1008.8
20240115T1500,1.7302454,76.923965,1009.6
20240115T1600,1.5102453,78.85028,1010.3
20240115T1700,1.1102455,80.497955,1011.2
20240115T1800,0.5902454,78.27861,1012.0
20240115T1900,-0.46975458,78.976425,1012.9
20240115T2000,-0.8497546,80.59661,1013.6
20240115T2100,-2.4797544,81.37231,1013.9
20240115T2200,-1.6297547,80.71067,1014.3
20240115T2300,-2.8997545,83.96001,1014.6
20240116T0000,-3.7797546,85.0633,1014.5
20240116T0100,-4.2797546,85.58444,1014.8
20240116T0200,-5.209755,87.062256,1014.8
20240116T0300,-5.8997545,89.865974,1014.8
20240116T0400,-6.3197546,91.089485,1014.6
20240116T0500,-6.6297545,90.4895,1014.2
20240116T0600,-6.9097548,90.88572,1013.6
20240116T0700,-6.6697545,89.638916,1013.6
20240116T0800,-5.789755,87.94078,1013.7
20240116T0900,-3.5497546,83.992226,1013.4
20240116T1000,-2.2397547,81.722725,1013.6
20240116T1100,-0.6797546,75.03223,1013.3
20240116T1200,0.5402454,68.38361,1012.3
20240116T1300,1.4602454,64.08035,1011.1
20240116T1400,1.8202454,62.58501,1010.5
20240116T1500,1.5902454,59.49782,1010.2
20240116T1600,0.9502454,64.43986,1010.3
20240116T1700,-2.0797548,78.08904,1010.4
20240116T1800,-3.6297545,86.13563,1009.9
20240116T1900,-3.3697548,87.03128,1009.2
20240116T2000,-2.4497547,84.09029,1008.3
20240116T2100,-1.6697546,81.44281,1007.5
20240116T2200,-1.1897546,81.64383,1006.9
20240116T2300,-0.9697546,84.62088,1006.2
20240117T0000,-0.6697546,89.47469,1005.3
20240117T0100,-0.49975455,94.39894,1004.1
20240117T0200,-0.24975461,95.88794,1003.4
20240117T0300,0.040245414,96.752235,1002.5
20240117T0400,0.2702454,97.3314,1001.2
20240117T0500,0.6602454,98.20312,999.9
20240117T0600,0.89024544,98.64041,998.4
20240117T0700,1.4902453,97.66435,997.0
20240117T0800,1.9902455,97.472015,995.9
20240117T0900,2.5402455,97.21345,995.3
20240117T1000,2.5102453,97.0727,995.2
20240117T1100,4.150245,95.02435,993.9
20240117T1200,5.7002454,94.17682,992.6
20240117T1300,8.210245,90.37079,991.4
20240117T1400,9.760245,87.334946,990.4
20240117T1500,10.200245,87.61889,990.0
20240117T1600,10.160245,89.42645,990.0
20240117T1700,10.200245,91.21186,990.2
20240117T1800,10.500245,90.98692,990.3
20240117T1900,10.530245,90.12921,990.0
20240117T2000,10.490245,89.75948,990.4
20240117T2100,10.710245,89.77796,990.7
20240117T2200,10.850245,88.04131,991.1
20240117T2300,10.930245,88.768364,991.5
20240118T0000,10.870245,89.48777,991.4
20240118T0100,10.700245,89.10967,991.9
20240118T0200,10.520246,88.55014,992.1
20240118T0300,10.240245,87.62288,991.6
20240118T0400,9.500245,88.57572,991.2
20240118T0500,9.410245,88.3244,991.1
20240118T0600,10.130245,86.244705,991.0
20240118T0700,10.3102455,87.093285,990.9
20240118T0800,10.580245,86.6475,990.9
20240118T0900,10.640245,86.24147,991.4
20240118T1000,10.500245,86.34398,992.1
20240118T1100,9.950245,86.81778,992.9
20240118T1200,8.990245,90.93325,994.7
20240118T1300,6.0702453,96.46404,997.6
20240118T1400,2.9402456,91.33941,1000.7
20240118T1500,1.3302454,87.85699,1003.1
20240118T1600,1.2102454,87.52129,1005.1
20240118T1700,1.1602454,88.42047,1006.8
20240118T1800,1.0802454,89.653854,1008.1
20240118T1900,0.9402454,90.69883,1009.6
20240118T2000,0.6002454,92.348366,1010.8
20240118T2100,0.4002454,92.40006,1012.3
20240118T2200,0.16024542,90.69272,1013.2
20240118T2300,-0.05975461,89.60436,1014.2
20240119T0000,-0.3697546,88.382034,1015.2
20240119T0100,-0.5797546,87.50614,1016.3
20240119T0200,-0.98975456,87.653854,1017.1
20240119T0300,-1.3097546,88.40804,1017.3
20240119T0400,-1.4697546,87.59671,1018.0
20240119T0500,-2.2497544,89.23886,1018.7
20240119T0600,-2.5597544,89.06994,1019.6
20240119T0700,-3.1097546,90.02919,1020.6
20240119T0800,-2.1197548,88.515434,1021.9
20240119T0900,-1.1097546,86.011665,1022.7
20240119T1000,0.060245395,85.016205,1024.2
20240119T1100,0.9402454,76.77697,1024.2
20240119T1200,1.2602453,69.542564,1023.9
20240119T1300,1.4202454,67.052666,1024.0
20240119T1400,1.3902454,67.14697,1024.0
20240119T1500,1.1002455,70.77612,1024.5
20240119T1600,-0.47975457,80.53675,1025.1
20240119T1700,-1.6797546,86.97993,1025.9
20240119T1800,-2.6697545,90.48489,1026.6
20240119T1900,-3.3697548,91.520546,1027.4
20240119T2000,-3.5097547,92.48663,1027.6
20240119T2100,-3.6397548,91.77416,1028.1
20240119T2200,-4.499755,93.7535,1028.9
20240119T2300,-4.8597546,93.72489,1029.3
20240120T0000,-5.1697545,93.988846,1029.5
20240120T0100,-5.3597546,92.89322,1029.4
20240120T0200,-5.269755,91.832146,1029.7
20240120T0300,-5.4097548,90.759674,1029.9
20240120T0400,-5.579755,91.51862,1030.1
20240120T0500,-5.7797546,91.712074,1030.3
20240120T0600,-5.9197545,90.56552,1030.7
20240120T0700,-6.249755,90.0374,1031.2
20240120T0800,-5.059755,88.2362,1032.0
20240120T0900,-3.2497544,79.57236,1032.4
20240120T1000,-1.7897545,77.01643,1033.3
20240120T1100,-0.7197546,73.55445,1033.0
20240120T1200,0.4402454,68.30805,1032.2
20240120T1300,1.2702454,64.61922,1031.5
20240120T1400,1.5202454,65.12537,1031.1
20240120T1500,0.6502454,76.03515,1031.0
20240120T1600,-0.62975454,72.90397,1031.4
20240120T1700,-2.8097544,83.84514,1031.5
20240120T1800,-3.1997547,85.5368,1031.6
20240120T1900,-3.3097544,86.11253,1031.8
20240120T2000,-3.4497547,83.172295,1031.8
20240120T2100,-3.9197545,82.907166,1031.4
20240120T2200,-4.349755,80.807625,1032.1
20240120T2300,-5.079755,83.37022,1032.3
20240121T0000,-5.3797545,84.37048,1032.6
20240121T0100,-5.119755,83.36395,1032.2
20240121T0200,-5.119755,83.03962,1031.9
20240121T0300,-4.9697547,83.25765,1031.3
20240121T0400,-4.6097546,83.0556,1031.1
20240121T0500,-3.7897549,81.46828,1030.8
20240121T0600,-3.499755,82.590744,1031.0
20240121T0700,-3.2997546,82.62237,1031.7
20240121T0800,-2.5997548,82.16527,1032.1
20240121T0900,-1.1597546,79.93734,1031.9
20240121T1000,0.6302454,78.57903,1032.8
20240121T1100,2.4202454,74.14219,1032.5
20240121T1200,4.2702456,68.68106,1032.3
20240121T1300,5.880245,63.199352,1031.7
20240121T1400,6.3202453,64.90175,1031.0
20240121T1500,5.4502454,65.45527,1030.8
20240121T1600,3.3402452,71.42298,1030.9
20240121T1700,1.9102454,77.014275,1031.0
20240121T1800,0.9502454,79.3418,1031.2
20240121T1900,0.5702454,79.454414,1031.2
20240121T2000,0.5302454,78.973816,1030.9
20240121T2100,0.4402454,76.109024,1030.0
20240121T2200,0.5502454,73.04303,1030.0
20240121T2300,0.3702454,74.845764,1029.9
20240122T0000,0.9402454,75.579735,1028.2
20240122T0100,1.3602455,74.09445,1027.4
20240122T0200,1.0402454,74.642685,1026.4
20240122T0300,1.5802454,69.56301,1025.9
20240122T0400,2.1102452,65.71665,1025.5
20240122T0500,2.9402456,58.786804,1024.9
20240122T0600,3.7202454,58.117073,1024.7
20240122T0700,5.0702453,57.921707,1024.0
20240122T0800,6.6602454,63.070526,1023.9
20240122T0900,8.080246,66.93633,1022.8
20240122T1000,9.390245,68.2892,1023.3
20240122T1100,9.470245,74.796486,1022.2
20240122T1200,9.0602455,78.69391,1021.5
20240122T1300,8.800245,86.39522,1020.8
20240122T1400,8.700245,90.22476,1020.2
20240122T1500,8.710245,89.72974,1020.0
20240122T1600,8.690246,90.59746,1021.1
20240122T1700,8.5602455,90.586914,1022.4
20240122T1800,8.740245,89.11605,1023.9
20240122T1900,8.660245,88.312645,1025.3
20240122T2000,8.540245,87.4499,1026.3
20240122T2100,8.380245,87.07037,1027.1
20240122T2200,8.150246,88.6921,1027.5
20240122T2300,8.170245,86.74608,1027.9
20240123T0000,7.8302455,86.34694,1028.0
20240123T0100,7.7402453,84.42808,1027.9
20240123T0200,7.5802455,83.70103,1029.0
20240123T0300,7.4502454,82.16899,1029.5
20240123T0400,7.3902454,84.32471,1029.5
20240123T0500,7.3902454,83.970375,1030.9
20240123T0600,7.0102453,84.632774,1031.7
20240123T0700,6.750245,85.13831,1033.0
20240123T0800,6.880245,85.03446,1034.0
20240123T0900,7.3902454,84.20645,1034.5
20240123T1000,8.170245,79.997185,1035.3
20240123T1100,8.610246,77.4721,1034.8
20240123T1200,8.990245,73.612854,1034.1
20240123T1300,8.910245,73.701294,1034.3
20240123T1400,8.910245,74.2219,1033.7
20240123T1500,8.5602455,75.58077,1033.6
20240123T1600,8.480246,76.31491,1034.0
20240123T1700,8.130245,78.322426,1034.2
20240123T1800,7.9902453,79.18616,1033.9
20240123T1900,8.270246,76.5471,1033.3
20240123T2000,8.430245,74.18377,1032.4
20240123T2100,9.010245,69.03339,1031.9
20240123T2200,9.300245,65.74849,1032.1
20240123T2300,9.610246,64.47794,1031.5
20240124T0000,10.160245,64.06117,1030.9
20240124T0100,10.730246,64.332596,1030.2
20240124T0200,11.3102455,64.92301,1029.7
20240124T0300,11.750245,66.81855,1029.5
20240124T0400,11.960245,70.239044,1030.1
20240124T0500,11.980246,75.35188,1030.3
20240124T0600,12.100245,78.365944,1030.6
20240124T0700,11.970245,80.94854,1030.5
20240124T0800,12.440246,80.522606,1030.6
20240124T0900,12.860246,79.98622,1031.1
20240124T1000,13.240245,79.182976,1031.0
20240124T1100,13.460245,79.26948,1030.7
20240124T1200,13.720245,79.201904,1030.2
20240124T1300,13.920245,78.64898,1030.3
20240124T1400,13.750245,80.277084,1030.6
20240124T1500,13.260245,80.80268,1031.0
20240124T1600,12.760245,83.275566,1031.3
20240124T1700,12.220245,85.65745,1031.6
20240124T1800,11.370245,89.77222,1031.8
20240124T1900,10.970245,91.76256,1032.1
20240124T2000,10.790245,91.87421,1032.2
20240124T2100,10.490245,92.35255,1032.3
20240124T2200,10.490245,94.18126,1032.2
20240124T2300,10.5602455,94.50317,1032.4
20240125T0000,10.470245,94.62645,1032.1
20240125T0100,10.430245,95.008575,1031.8
20240125T0200,10.240245,96.35701,1031.8
20240125T0300,10.110246,96.3524,1031.8
20240125T0400,10.0602455,96.35062,1031.5
20240125T0500,10.000245,95.56952,1031.9
20240125T0600,9.790245,96.145386,1032.3
20240125T0700,9.530245,96.462395,1032.6
20240125T0800,9.630245,96.59683,1032.6
20240125T0900,9.920245,95.89026,1032.6
20240125T1000,10.530245,94.501724,1032.8
20240125T1100,11.200245,91.964,1032.5
20240125T1200,11.770246,88.6645,1032.0
20240125T1300,12.040245,86.97555,1031.1
20240125T1400,12.040245,87.03412,1030.5
20240125T1500,12.000245,87.030075,1030.2
20240125T1600,11.390245,88.80985,1030.1
20240125T1700,10.700245,90.81728,1030.1
20240125T1800,10.140245,91.76699,1030.4
20240125T1900,10.500245,89.516754,1030.4
20240125T2000,10.250245,89.06959,1030.5
20240125T2100,9.990245,88.198814,1030.5
20240125T2200,9.800245,87.999596,1030.3
20240125T2300,9.620245,86.78271,1030.6
20240126T0000,9.510245,87.42925,1030.6
20240126T0100,8.880245,88.334015,1030.5
20240126T0200,8.730246,88.07589,1030.5
20240126T0300,8.630245,88.798965,1030.5
20240126T0400,8.440246,89.58229,1030.5
20240126T0500,8.3102455,89.508835,1030.6
20240126T0600,8.340245,88.526184,1030.7
20240126T0700,8.8102455,86.63563,1030.7
20240126T0800,9.360246,85.332275,1030.8
20240126T0900,10.220245,83.06302,1030.5
20240126T1000,11.100245,82.83749,1030.2
20240126T1100,11.630245,80.67987,1029.9
20240126T1200,11.610246,82.79136,1029.6
20240126T1300,11.600245,84.83812,1029.7
20240126T1400,11.340245,85.966644,1029.7
20240126T1500,11.020246,88.29667,1030.4
20240126T1600,10.750245,89.598915,1031.1
20240126T1700,10.320246,90.35739,1032.4
20240126T1800,9.3102455,91.26992,1033.3
20240126T1900,8.320246,91.320564,1034.2
20240126T2000,7.3502455,91.62709,1034.8
20240126T2100,6.5302453,92.465416,1035.4
20240126T2200,5.4302454,93.17156,1035.4
20240126T2300,4.7402453,93.98639,1035.6
20240127T0000,3.6802454,95.61,1035.9
20240127T0100,3.0902452,95.71669,1036.3
20240127T0200,2.4502454,97.070244,1036.7
20240127T0300,1.9902455,96.98109,1037.1
20240127T0400,1.5402454,97.45441,1037.4
20240127T0500,1.1102455,96.80198,1037.7
20240127T0600,0.5502454,96.56436,1037.9
20240127T0700,0.070245415,96.47017,1038.3
20240127T0800,0.64024544,97.347015,1038.1
20240127T0900,2.1902454,94.63967,1038.3
20240127T1000,3.9702454,90.12671,1038.2
20240127T1100,5.6202455,83.677475,1037.7
20240127T1200,7.0302453,76.27319,1037.0
20240127T1300,8.050245,72.03725,1036.1
20240127T1400,8.490246,70.65746,1035.5
20240127T1500,8.160246,72.418495,1035.4
20240127T1600,5.650245,83.265205,1035.3
20240127T1700,4.5402455,86.08669,1035.5
20240127T1800,3.5802455,90.54466,1035.7
20240127T1900,3.1202455,92.47854,1035.8
20240127T2000,3.1802454,93.820366,1035.4
20240127T2100,2.6602454,94.05664,1035.0
20240127T2200,1.7902454,92.44302,1035.4
20240127T2300,1.1602454,92.86694,1035.6
20240128T0000,0.9302454,91.90263,1035.4
20240128T0100,0.8702454,90.6258,1035.0
20240128T0200,0.4202454,90.5168,1034.6
20240128T0300,0.2702454,91.17251,1034.5
20240128T0400,0.4602454,88.99829,1034.2
20240128T0500,0.4402454,88.99617,1033.9
20240128T0600,0.2102454,89.36733,1033.9
20240128T0700,0.070245415,90.08293,1033.9
20240128T0800,0.6002454,92.348366,1033.7
20240128T0900,2.9902453,87.53237,1033.4
20240128T1000,5.0802455,83.00803,1034.5
20240128T1100,7.1002455,77.4883,1034.4
20240128T1200,8.890245,71.29322,1033.4
20240128T1300,9.980246,68.41808,1032.2
20240128T1400,10.730246,66.73057,1031.6
20240128T1500,10.260245,73.18744,1031.2
20240128T1600,7.5302453,80.690315,1030.8
20240128T1700,5.2402453,87.52947,1030.8
20240128T1800,3.7702456,91.14741,1031.0
20240128T1900,2.8002453,94.540306,1031.2
20240128T2000,2.2902455,95.39984,1031.2
20240128T2100,1.8302454,94.549164,1030.9
20240128T2200,1.5802454,94.05414,1031.9
20240128T2300,1.3702455,94.10866,1032.0
20240129T0000,1.3202454,94.65494,1032.0
20240129T0100,1.1702454,93.54799,1031.8
20240129T0200,1.0802454,93.33692,1031.7
20240129T0300,1.2002454,93.61836,1031.7
20240129T0400,1.2702454,93.14667,1031.6
20240129T0500,1.4802454,92.21683,1031.7
20240129T0600,1.4602454,90.813034,1031.4
20240129T0700,1.2602453,90.2648,1031.8
20240129T0800,1.8402454,89.14228,1031.9
20240129T0900,4.2902455,85.80987,1031.9
20240129T1000,7.1602454,76.62266,1032.7
20240129T1100,9.490245,70.91443,1032.9
20240129T1200,11.360246,65.11694,1032.1
20240129T1300,12.590245,61.77096,1031.6
20240129T1400,13.180245,59.753857,1031.3
20240129T1500,12.750245,69.91778,1031.1
20240129T1600,9.620245,83.67407,1031.1
20240129T1700,7.2202454,90.16149,1031.5
20240129T1800,6.2002454,92.96163,1031.6
20240129T1900,5.2802453,94.48421,1032.0
20240129T2000,4.400245,95.78165,1032.1
20240129T2100,3.5802455,96.42631,1031.9
20240129T2200,3.5102453,91.19074,1032.4
20240129T2300,2.9602456,90.88129,1032.8
20240130T0000,2.5502453,90.64798,1032.8
20240130T0100,2.6002455,89.60838,1032.7
20240130T0200,2.7602453,88.84882,1032.6
20240130T0300,2.5402455,88.89053,1032.6
20240130T0400,2.3802454,88.616035,1032.6
20240130T0500,1.9802454,89.873825,1032.7
20240130T0600,2.0202456,90.8636,1032.9
20240130T0700,2.0802455,91.13338,1033.1
20240130T0800,2.8302455,89.69568,1033.4
20240130T0900,4.8202453,86.18172,1033.8
20240130T1000,7.690245,78.470955,1033.9
20240130T1100,9.610246,73.421684,1034.0
20240130T1200,10.830245,66.61264,1033.6
20240130T1300,11.8102455,61.92671,1033.0
20240130T1400,12.020246,62.195755,1032.8
20240130T1500,11.680245,67.12958,1033.0
20240130T1600,10.820246,72.28305,1033.1
20240130T1700,9.720245,77.55027,1033.7
20240130T1800,8.540245,81.52158,1034.0
20240130T1900,7.3402452,84.6741,1034.3
20240130T2000,6.150245,88.06092,1034.6
20240130T2100,5.170245,90.81249,1034.7
20240130T2200,5.2202454,88.33964,1034.8
20240130T2300,4.8302455,89.43835,1035.1
20240131T0000,4.0902452,91.56582,1035.3
20240131T0100,3.4502454,94.17423,1035.5
20240131T0200,2.6602454,95.2828,1035.7
20240131T0300,2.3202453,95.195335,1035.4
20240131T0400,2.1402454,94.84202,1035.2
20240131T0500,2.2502456,94.64332,1035.6
20240131T0600,2.5102453,93.640884,1035.9
20240131T0700,2.9502454,92.7322,1036.1
20240131T0800,3.9402456,89.80177,1036.2
20240131T0900,5.5902452,87.87814,1036.1
20240131T1000,7.4502454,84.86607,1036.0
20240131T1100,9.840245,78.1651,1035.4
20240131T1200,11.300245,72.52708,1034.6
20240131T1300,12.270246,66.88745,1033.6
20240131T1400,12.760245,62.898575,1033.2
20240131T1500,12.670245,64.78537,1033.0
20240131T1600,10.730246,74.97368,1033.1
20240131T1700,8.600245,83.136475,1033.5
20240131T1800,8.400246,85.27804,1033.6
20240131T1900,7.900245,87.32229,1033.7
20240131T2000,7.360245,89.236115,1033.4
20240131T2100,7.3402452,89.73322,1033.4
20240131T2200,7.420245,89.241684,1032.9
20240131T2300,7.920245,89.41175,1033.1
20240201T0000,8.090245,89.05607,1032.9
20240201T0100,8.230246,88.14826,1032.7
20240201T0200,8.530246,86.42514,1032.7
20240201T0300,8.800245,85.62143,1033.0
20240201T0400,8.740245,85.97098,1032.8
20240201T0500,8.520246,88.60472,1032.7
20240201T0600,8.520246,89.219,1032.6
20240201T0700,8.510245,88.054054,1032.5
20240201T0800,8.480246,87.6255,1032.9
20240201T0900,8.500245,88.66408,1033.1
20240201T1000,8.870245,89.68192,1033.2
20240201T1100,9.290245,90.39753,1033.1
20240201T1200,9.610246,91.29234,1033.0
20240201T1300,9.800245,91.743034,1032.8
20240201T1400,9.900246,92.75415,1032.6
20240201T1500,10.010245,92.698105,1032.8
20240201T1600,9.730246,93.440155,1033.3
20240201T1700,9.290245,94.2465,1033.3
20240201T1800,8.520246,96.09634,1033.5
20240201T1900,8.350245,96.68399,1034.0
20240201T2000,7.8002453,97.06407,1034.2
20240201T2100,7.3402452,97.18268,1034.1
20240201T2200,6.6802454,96.75677,1034.5
20240201T2300,6.5102453,96.28052,1034.9
20240202T0000,6.3202453,96.4069,1035.0
20240202T0100,6.380245,96.27515,1035.1
20240202T0200,6.1402454,96.80387,1035.3
20240202T0300,5.710245,97.26269,1035.1
20240202T0400,5.610245,97.80521,1035.1
20240202T0500,5.860245,98.291794,1035.1
20240202T0600,6.0702453,98.365776,1035.4
20240202T0700,6.230245,98.028244,1036.1
20240202T0800,6.380245,97.28554,1036.4
20240202T0900,6.7802453,95.29358,1036.8
20240202T1000,8.280246,87.54422,1036.8
20240202T1100,9.3102455,84.44746,1036.5
20240202T1200,10.430245,78.47721,1035.8
20240202T1300,11.070246,74.26098,1035.0
20240202T1400,11.200245,71.45951,1034.6
20240202T1500,10.930245,72.35478,1034.1
20240202T1600,9.650246,78.624344,1034.1
20240202T1700,7.610245,86.141426,1034.3
20240202T1800,6.5502453,88.78542,1034.4
20240202T1900,5.6202455,91.042946,1034.5
20240202T2000,5.0902452,92.03573,1034.4
20240202T2100,4.7602453,92.99445,1034.2
20240202T2200,4.9302454,91.89325,1034.1
20240202T2300,4.7002454,92.07131,1034.4
20240203T0000,4.0402455,92.28356,1034.1
20240203T0100,3.9302454,92.473114,1033.9
20240203T0200,3.9402456,92.07848,1033.8
20240203T0300,3.9002452,91.746956,1033.6
20240203T0400,3.8402452,93.12917,1033.5
20240203T0500,3.5402455,94.85512,1033.7
20240203T0600,3.3002453,94.43498,1033.6
20240203T0700,3.3202453,93.8295,1033.9
20240203T0800,4.3902454,92.50713,1034.0
20240203T0900,5.8102455,90.99445,1033.8
20240203T1000,6.9902453,88.14678,1033.6
20240203T1100,8.330246,82.98458,1033.3
20240203T1200,8.930245,78.72797,1032.6
20240203T1300,9.460245,74.847015,1032.0
20240203T1400,9.630245,72.91277,1031.6
20240203T1500,9.150246,74.1106,1031.5
20240203T1600,7.9902453,78.90807,1031.7
20240203T1700,6.8402452,85.08942,1032.3
20240203T1800,6.0802455,88.48951,1032.6
20240203T1900,5.7802453,90.03483,1033.0
20240203T2000,5.670245,91.36856,1033.0
20240203T2100,5.5602455,92.26603,1033.2
20240203T2200,5.4702454,91.934616,1032.4
20240203T2300,5.360245,92.577385,1032.7
20240204T0000,5.4902453,92.13086,1032.8
20240204T0100,5.4102454,91.800354,1032.6
20240204T0200,5.3902454,91.86365,1032.0
20240204T0300,5.3502455,91.342865,1032.4
20240204T0400,5.4102454,91.02558,1032.6
20240204T0500,5.3302455,90.76182,1032.5
20240204T0600,5.2202454,90.17581,1032.5
20240204T0700,5.1602454,89.97886,1033.1
20240204T0800,5.6002455,89.069176,1032.9
20240204T0900,6.480245,87.108574,1032.7
20240204T1000,7.250245,85.61865,1032.4
20240204T1100,8.080246,81.8555,1032.3
20240204T1200,8.830245,78.766914,1031.5
20240204T1300,9.330245,76.51728,1030.7
20240204T1400,9.390245,75.72969,1030.2
20240204T1500,9.180245,75.058304,1030.2
20240204T1600,8.420245,77.93115,1030.4
20240204T1700,7.130245,84.05477,1030.6
20240204T1800,6.670245,86.275475,1030.7
20240204T1900,6.3502455,87.83379,1030.9
20240204T2000,6.1402454,88.87043,1031.0
20240204T2100,5.7402453,90.094795,1030.8
20240204T2200,5.8002453,89.78292,1030.4
20240204T2300,5.7002454,89.900635,1030.6
20240205T0000,5.6202455,89.76643,1030.6
20240205T0100,5.5302453,89.37806,1030.5
20240205T0200,5.4702454,88.99352,1030.4
20240205T0300,5.2202454,89.98431,1030.2
20240205T0400,5.040245,90.22367,1030.6
20240205T0500,4.6402454,90.89644,1030.6
20240205T0600,4.5902452,90.50486,1030.6
20240205T0700,4.4102454,91.0064,1030.7
20240205T0800,5.1002455,89.21032,1030.7
20240205T0900,5.960245,87.4214,1030.8
20240205T1000,7.040245,82.22678,1030.4
20240205T1100,8.170245,79.54931,1029.9
20240205T1200,9.0602455,74.563705,1028.6
20240205T1300,9.970245,71.612526,1027.4
20240205T1400,10.450245,70.122826,1026.3
20240205T1500,10.420245,69.578606,1025.7
20240205T1600,8.5602455,77.40929,1025.4
20240205T1700,6.130245,85.06179,1025.3
20240205T1800,5.1402454,89.404366,1025.5
20240205T1900,4.690245,91.80944,1025.5
20240205T2000,4.0602455,93.476845,1025.3
20240205T2100,3.5902452,94.18293,1025.3
20240205T2200,3.2402453,94.29615,1025.2
20240205T2300,3.1602454,93.81905,1025.4
20240206T0000,3.0702453,92.94127,1025.2
20240206T0100,2.8602452,92.99296,1025.0
20240206T0200,2.6302452,92.307816,1025.0
20240206T0300,2.4702454,92.56253,1024.9
20240206T0400,2.5202456,91.7671,1024.9
20240206T0500,2.7802453,92.319466,1024.9
20240206T0600,2.7902455,92.25371,1025.0
20240206T0700,2.8202453,92.056755,1025.2
20240206T0800,4.0602455,89.9417,1025.2
20240206T0900,5.1602454,86.1605,1025.2
20240206T1000,6.2802453,82.82079,1025.3
20240206T1100,7.1402454,77.77071,1025.2
20240206T1200,7.860245,74.444405,1024.3
20240206T1300,8.260245,72.335724,1023.4
20240206T1400,8.370246,71.186584,1022.7
20240206T1500,8.170245,71.95914,1022.0
20240206T1600,7.690245,74.571045,1021.6
20240206T1700,6.7602453,78.42818,1021.5
20240206T1800,6.750245,78.873924,1021.6
20240206T1900,6.7402453,80.34205,1021.7
20240206T2000,6.8302455,80.75552,1021.7
20240206T2100,6.8002453,80.80821,1021.3
20240206T2200,6.630245,81.70413,1021.1
20240206T2300,6.8102455,80.23899,1020.9
20240207T0000,6.8302455,79.675,1020.8
20240207T0100,6.6002455,80.54886,1019.8
20240207T0200,6.7002454,80.33587,1019.0
20240207T0300,6.7802453,81.09195,1018.2
20240207T0400,6.9102454,81.74487,1017.2
20240207T0500,7.3502455,81.11955,1016.9
20240207T0600,7.7202454,80.60546,1016.4
20240207T0700,7.960245,80.41547,1016.2
20240207T0800,8.290245,79.40088,1015.8
20240207T0900,8.740245,78.2579,1015.6
20240207T1000,9.460245,76.75381,1015.3
20240207T1100,9.910245,74.92924,1014.7
20240207T1200,10.420245,72.20461,1013.8
20240207T1300,11.0602455,68.173615,1012.5
20240207T1400,11.280245,68.0312,1011.8
20240207T1500,11.470245,64.86922,1011.1
20240207T1600,10.990245,65.904854,1010.3
20240207T1700,10.290245,71.02807,1009.9
20240207T1800,9.720245,78.308586,1009.5
20240207T1900,9.170245,85.841736,1009.3
20240207T2000,9.270246,86.98449,1008.8
20240207T2100,9.300245,87.889946,1008.5
20240207T2200,9.370245,88.685135,1008.5
20240207T2300,9.380245,89.29658,1008.3
20240208T0000,9.610246,87.67976,1008.3
20240208T0100,9.620245,87.921646,1008.4
20240208T0200,9.8102455,87.39994,1008.2
20240208T0300,9.910245,86.22053,1008.0
20240208T0400,10.050245,85.29543,1007.4
20240208T0500,10.130245,84.95457,1007.1
20240208T0600,10.220245,84.61652,1006.7
20240208T0700,10.320246,84.686554,1006.8
20240208T0800,10.620245,85.47791,1006.6
20240208T0900,10.910245,86.44696,1006.4
20240208T1000,11.210245,88.4939,1006.7
20240208T1100,12.030245,86.623695,1005.9
20240208T1200,12.650246,79.95539,1005.1
20240208T1300,13.210245,75.77184,1004.3
20240208T1400,13.710245,71.70705,1003.5
20240208T1500,13.8102455,71.337364,1002.1
20240208T1600,12.340245,77.080345,1001.1
20240208T1700,10.870245,80.84636,999.9
20240208T1800,10.030245,85.29309,999.3
20240208T1900,10.000245,86.23044,998.7
20240208T2000,9.850245,88.06472,998.3
20240208T2100,9.980246,88.137566,998.0
20240208T2200,10.280245,86.79329,997.6
20240208T2300,10.080245,89.05434,996.8
20240209T0000,9.900246,91.68767,996.4
20240209T0100,9.740245,93.95033,996.2
20240209T0200,10.050245,92.51196,996.0
20240209T0300,10.400246,91.66077,995.6
20240209T0400,10.510245,89.456825,995.2
20240209T0500,10.510245,88.3687,994.7
20240209T0600,10.450245,88.54365,994.5
20240209T0700,10.470245,87.16922,994.2
20240209T0800,10.800245,86.25885,994.2
20240209T0900,11.300245,84.80293,993.8
20240209T1000,11.980246,81.889915,993.9
20240209T1100,12.550245,80.81142,993.3
20240209T1200,13.070246,79.6936,992.6
20240209T1300,13.120245,78.102,992.5
20240209T1400,12.330245,82.04826,991.9
20240209T1500,11.530245,85.40696,991.8
20240209T1600,10.800245,89.60315,991.5
20240209T1700,10.090245,93.714836,991.1
20240209T1800,9.580245,97.1205,991.2
20240209T1900,9.230246,98.37115,991.3
20240209T2000,8.950245,99.036385,990.9
20240209T2100,8.680245,99.099495,991.0
20240209T2200,8.700245,98.49405,991.0
20240209T2300,8.700245,98.76288,991.4
20240210T0000,8.790245,97.16235,990.9
20240210T0100,8.730246,96.829445,990.2
20240210T0200,8.290245,97.346436,989.4
20240210T0300,8.250245,97.34524,989.1
20240210T0400,8.050245,97.339134,988.8
20240210T0500,7.8202453,97.33202,988.3
20240210T0600,7.7002454,97.79806,988.1
20240210T0700,7.710245,96.92754,987.8
20240210T0800,7.940245,96.40391,988.1
20240210T0900,8.400246,96.68576,988.0
20240210T1000,9.450245,94.062546,987.2
20240210T1100,10.090245,92.76612,986.8
20240210T1200,11.000245,89.37782,985.6
20240210T1300,11.720245,87.47264,984.5
20240210T1400,11.960245,85.62868,984.1
20240210T1500,11.760245,85.78026,984.4
20240210T1600,11.180245,89.574715,984.6
20240210T1700,11.170245,91.34436,985.1
20240210T1800,10.400246,93.41555,986.1
20240210T1900,9.240245,96.649055,986.8
20240210T2000,9.280245,96.25689,987.4
20240210T2100,8.980246,94.35893,988.3
20240210T2200,9.190246,87.81854,989.9
20240210T2300,7.9902453,87.08918,991.4
20240211T0000,6.6602454,87.86607,992.6
20240211T0100,6.040245,87.67739,993.5
20240211T0200,6.020245,88.42108,994.2
20240211T0300,6.190245,88.6253,994.4
20240211T0400,6.4102454,88.959145,994.4
20240211T0500,6.4902453,88.34395,994.7
20240211T0600,6.5902452,87.673744,995.2
20240211T0700,6.610245,87.614235,995.9
20240211T0800,7.0602455,86.56265,996.5
20240211T0900,7.750245,85.140656,996.9
20240211T1000,8.400246,83.45807,997.4
20240211T1100,9.020246,79.45991,997.9
20240211T1200,9.490245,76.27837,997.6
20240211T1300,9.8102455,73.45989,997.3
20240211T1400,9.870245,71.19181,997.3
20240211T1500,9.660245,72.10491,997.9
20240211T1600,9.100245,74.67591,998.8
20240211T1700,8.520246,78.22172,999.5
20240211T1800,8.520246,78.993225,1000.6
20240211T1900,8.390245,79.58379,1001.3
20240211T2000,8.420245,80.82355,1001.8
20240211T2100,8.270246,83.4992,1002.2
20240211T2200,7.9102454,86.355934,1002.5
20240211T2300,7.7402453,87.97678,1002.9
20240212T0000,7.6802454,87.90945,1003.3
20240212T0100,7.5702453,88.20511,1003.9
20240212T0200,7.540245,88.26362,1003.8
20240212T0300,7.440245,88.747375,1004.1
20240212T0400,7.2602453,89.66353,1004.7
20240212T0500,7.110245,90.46696,1005.2
20240212T0600,6.8702455,91.33534,1005.3
20240212T0700,6.6402454,91.12588,1005.7
20240212T0800,7.0502453,90.65143,1006.7
20240212T0900,7.8302455,86.76925,1007.3
20240212T1000,8.570246,82.61306,1007.4
20240212T1100,9.110246,76.63975,1007.4
20240212T1200,9.470245,74.01493,1007.3
20240212T1300,9.580245,70.83314,1007.7
20240212T1400,9.710245,69.232765,1008.2
20240212T1500,9.570246,67.847206,1009.1
20240212T1600,8.970245,72.579094,1009.8
20240212T1700,7.670245,77.147995,1010.9
20240212T1800,7.1202455,80.45742,1012.2
20240212T1900,6.5702453,83.095894,1013.4
20240212T2000,6.3002453,84.3636,1014.5
20240212T2100,5.750245,87.08973,1015.3
20240212T2200,5.3402452,87.16793,1016.0
20240212T2300,4.9502454,87.68515,1016.9
20240213T0000,4.690245,89.68009,1017.9
20240213T0100,4.3702455,90.16327,1018.8
20240213T0200,4.0202456,91.75653,1019.4
20240213T0300,3.5502453,92.048134,1020.0
20240213T0400,2.9202452,92.72997,1020.5
20240213T0500,2.9702454,93.402954,1020.8
20240213T0600,2.8502455,94.001236,1021.0
20240213T0700,2.3402452,94.44409,1021.6
20240213T0800,4.6002455,90.57018,1022.3
20240213T0900,6.790245,84.54546,1022.5
20240213T1000,8.650246,76.66736,1022.3
20240213T1100,9.820246,68.5764,1022.6
20240213T1200,10.770246,60.93142,1021.9
20240213T1300,11.300245,55.996853,1021.5
20240213T1400,11.480246,53.540077,1020.9
20240213T1500,11.430245,52.46149,1021.0
20240213T1600,10.760245,52.122,1021.1
20240213T1700,8.710245,64.26303,1021.4
20240213T1800,6.9302454,72.89889,1021.9
20240213T1900,4.110245,85.78784,1021.8
20240213T2000,3.0802455,90.891815,1021.9
20240213T2100,3.3302455,92.36174,1022.1
20240213T2200,3.4002452,91.97035,1022.9
20240213T2300,3.6802454,91.46687,1023.4
20240214T0000,3.7902455,90.823296,1023.9
20240214T0100,3.9602456,90.51368,1024.4
20240214T0200,4.110245,89.689354,1023.9
20240214T0300,4.630245,88.026886,1023.6
20240214T0400,5.7202454,81.92041,1023.8
20240214T0500,6.1202455,79.27825,1024.0
20240214T0600,6.4702454,78.10081,1024.1
20240214T0700,6.9102454,76.46933,1024.2
20240214T0800,7.460245,78.37757,1024.6
20240214T0900,8.690246,76.24469,1024.6
20240214T1000,10.340245,73.714386,1024.9
20240214T1100,11.660245,71.600426,1024.9
20240214T1200,12.710245,70.87684,1024.6
20240214T1300,13.170245,71.309006,1024.3
20240214T1400,13.410245,71.79547,1023.7
20240214T1500,13.520246,72.80091,1023.5
20240214T1600,12.920245,77.75359,1023.5
20240214T1700,13.410245,71.84443,1023.5
20240214T1800,11.250245,82.80064,1023.6
20240214T1900,10.490245,87.17127,1023.7
20240214T2000,9.8102455,90.56309,1023.4
20240214T2100,8.710245,93.636215,1023.4
20240214T2200,7.790245,97.26419,1023.2
20240214T2300,6.5102453,97.69621,1023.5
20240215T0000,5.4102454,98.00484,1023.5
20240215T0100,4.7202454,97.50206,1023.5
20240215T0200,4.7402453,97.5715,1023.2
20240215T0300,4.7602453,97.503426,1022.9
20240215T0400,4.8702455,96.278336,1022.7
20240215T0500,5.1202455,96.28919,1022.6
20240215T0600,5.0902452,96.423515,1022.1
20240215T0700,5.3702455,96.97828,1021.6
20240215T0800,6.3102455,94.673996,1021.3
20240215T0900,8.250245,89.56541,1020.5
20240215T1000,10.320246,82.45084,1020.5
20240215T1100,12.740245,74.00671,1020.0
20240215T1200,13.940246,67.57582,1019.2
20240215T1300,14.400246,65.269455,1018.2
20240215T1400,14.670245,64.04803,1017.2
20240215T1500,14.400246,66.03253,1016.8
20240215T1600,13.280245,73.75303,1016.3
20240215T1700,12.220245,75.342514,1016.4
20240215T1800,10.640245,83.975334,1016.8
20240215T1900,9.660245,87.865326,1016.5
20240215T2000,8.890245,89.74539,1016.2
20240215T2100,8.300245,90.50321,1015.8
20240215T2200,9.030245,90.25223,1016.0
20240215T2300,8.750245,91.16491,1016.2
20240216T0000,8.770246,89.982475,1016.2
20240216T0100,8.880245,89.436226,1016.7
20240216T0200,9.000245,87.6181,1016.7
20240216T0300,8.930245,86.88838,1016.4
20240216T0400,8.790245,87.294655,1016.4
20240216T0500,8.600245,88.00215,1016.5
20240216T0600,8.430245,89.149155,1016.9
20240216T0700,8.8102455,87.71977,1017.5
20240216T0800,9.970245,84.412155,1018.2
20240216T0900,11.700245,80.91013,1018.9
20240216T1000,13.090245,73.067856,1019.2
20240216T1100,13.530245,71.33107,1019.5
20240216T1200,13.620245,72.12996,1020.4
20240216T1300,13.870245,72.374,1019.6
20240216T1400,13.940246,73.42472,1019.9
20240216T1500,13.920245,75.077934,1020.3
20240216T1600,13.260245,79.39989,1020.7
20240216T1700,12.050245,85.87002,1021.4
20240216T1800,11.320246,88.68363,1022.1
20240216T1900,10.660245,91.122284,1022.7
20240216T2000,10.410245,91.97267,1023.5
20240216T2100,9.930245,93.451775,1023.9
20240216T2200,10.590245,92.92279,1024.5
20240216T2300,10.440246,93.35468,1025.1
20240217T0000,10.530245,93.23378,1025.7
20240217T0100,10.410245,93.66919,1026.1
20240217T0200,10.350245,93.919624,1026.4
20240217T0300,10.290245,94.489876,1026.8
20240217T0400,10.350245,94.3652,1027.2
20240217T0500,10.160245,95.44703,1027.8
20240217T0600,10.170245,95.061,1028.7
20240217T0700,9.860246,95.82297,1029.5
20240217T0800,10.230246,96.226654,1030.6
20240217T0900,10.600245,95.08033,1031.6
20240217T1000,10.670245,94.82757,1032.4
20240217T1100,11.020246,90.71896,1032.9
20240217T1200,11.250245,87.60385,1032.9
20240217T1300,11.570246,85.35365,1032.8
20240217T1400,11.600245,84.723175,1032.8
20240217T1500,11.520246,83.57125,1033.3
20240217T1600,11.190246,84.61716,1033.6
20240217T1700,10.300245,89.98793,1033.9
20240217T1800,9.580245,91.97811,1034.2
20240217T1900,9.370245,92.53067,1034.9
20240217T2000,9.070246,93.20986,1035.1
20240217T2100,8.420245,94.13518,1035.1
20240217T2200,8.930245,90.55457,1035.0
20240217T2300,8.480246,91.71093,1035.1
20240218T0000,7.8202453,93.518974,1035.2
20240218T0100,7.0102453,94.97462,1035.1
20240218T0200,7.020245,94.8434,1034.6
20240218T0300,6.900245,95.16713,1034.4
20240218T0400,6.270245,95.40166,1034.5
20240218T0500,5.5702453,96.44358,1034.3
20240218T0600,5.7002454,97.398476,1034.2
20240218T0700,5.6202455,97.60046,1034.2
20240218T0800,6.5802455,97.0897,1034.2
20240218T0900,7.9302454,93.97833,1033.9
20240218T1000,9.100245,89.33288,1033.3
20240218T1100,10.400246,84.46454,1032.7
20240218T1200,11.030245,82.94149,1031.8
20240218T1300,11.550245,78.43966,1031.1
20240218T1400,11.990245,74.17403,1030.1
20240218T1500,11.570246,74.917816,1029.6
20240218T1600,10.940246,75.53177,1029.4
20240218T1700,10.3102455,76.05069,1029.5
20240218T1800,9.790245,79.30406,1030.0
20240218T1900,9.050245,87.38194,1030.4
20240218T2000,8.960245,88.46357,1030.3
20240218T2100,8.940246,89.935074,1030.5
20240218T2200,8.830245,91.86242,1030.5
20240218T2300,8.840245,93.57966,1030.5
20240219T0000,8.850245,94.09421,1030.7
20240219T0100,8.830245,94.86884,1031.0
20240219T0200,8.910245,94.8079,1030.6
20240219T0300,8.950245,95.0693,1030.6
20240219T0400,8.980246,95.78718,1030.7
20240219T0500,8.900246,96.57138,1030.8
20240219T0600,8.890245,96.24217,1030.8
20240219T0700,8.870245,95.52131,1031.3
20240219T0800,9.190246,92.708824,1032.1
20240219T0900,9.670245,90.24316,1032.4
20240219T1000,10.670245,88.74471,1032.8
20240219T1100,11.040245,86.1091,1032.8
20240219T1200,11.440246,80.5974,1032.0
20240219T1300,11.530245,75.73969,1031.3
20240219T1400,11.860246,71.34381,1030.7
20240219T1500,11.840245,68.294525,1030.2
20240219T1600,11.260245,72.46914,1029.9
20240219T1700,10.3102455,75.99795,1029.8
20240219T1800,10.120245,77.40183,1029.6
20240219T1900,9.940246,80.71104,1029.9
20240219T2000,9.610246,84.892654,1029.9
20240219T2100,9.280245,89.348946,1029.8
20240219T2200,9.120245,90.01218,1029.5
20240219T2300,8.960245,89.13614,1029.5
20240220T0000,8.690246,88.68212,1029.8
20240220T0100,8.190246,90.306656,1029.9
20240220T0200,7.940245,90.28565,1030.0
20240220T0300,7.670245,90.3255,1030.0
20240220T0400,7.2002454,90.537605,1030.6
20240220T0500,6.8002453,90.503975,1031.3
20240220T0600,6.540245,90.41855,1031.8
20240220T0700,6.420245,91.04435,1032.1
20240220T0800,7.230245,87.312065,1032.5
20240220T0900,8.400246,82.5898,1032.7
20240220T1000,9.680245,71.85629,1033.0
20240220T1100,10.480246,63.95618,1033.0
20240220T1200,10.870245,60.268475,1032.3
20240220T1300,11.070246,58.50534,1031.7
20240220T1400,11.230246,56.70163,1031.3
20240220T1500,11.260245,55.270687,1030.9
20240220T1600,10.720245,67.10419,1030.5
20240220T1700,9.330245,65.7087,1030.2
20240220T1800,8.050245,73.53608,1030.1
20240220T1900,7.210245,77.01352,1030.3
20240220T2000,6.110245,80.645645,1030.1
20240220T2100,5.230245,84.52566,1030.0
20240220T2200,3.6502452,90.8111,1030.3
20240220T2300,3.4602456,90.4039,1030.1
20240221T0000,3.1802454,91.16265,1029.9
20240221T0100,3.8202453,89.59747,1029.2
20240221T0200,4.0602455,87.651054,1028.5
20240221T0300,3.8302455,87.31124,1027.4
20240221T0400,3.1702452,89.92277,1027.0
20240221T0500,2.5702453,92.03683,1026.3
20240221T0600,2.0802455,93.20563,1025.8
20240221T0700,2.6002455,93.31,1025.5
20240221T0800,3.9902453,90.64595,1025.0
20240221T0900,6.0602455,86.63272,1024.3
20240221T1000,8.350245,79.80094,1024.3
20240221T1100,10.160245,70.06242,1023.2
20240221T1200,11.420245,64.13393,1022.2
20240221T1300,11.850245,60.986088,1020.5
20240221T1400,12.140245,60.588367,1019.0
20240221T1500,12.220245,61.464645,1017.7
20240221T1600,11.610246,61.964787,1016.7
20240221T1700,10.900246,63.606014,1015.8
20240221T1800,10.800245,64.34912,1015.1
20240221T1900,10.850245,63.504368,1014.9
20240221T2000,11.200245,62.434067,1014.0
20240221T2100,11.430245,58.64046,1013.3
20240221T2200,11.420245,59.643436,1012.4
20240221T2300,10.990245,64.89412,1012.3
20240222T0000,10.790245,68.30597,1011.6
20240222T0100,10.680245,71.10715,1010.5
20240222T0200,10.300245,76.472115,1009.1
20240222T0300,10.070246,80.8416,1008.5
20240222T0400,10.010245,84.99865,1007.4
20240222T0500,10.070246,86.00217,1006.6
20240222T0600,10.180245,85.89673,1005.7
20240222T0700,10.260245,85.6709,1005.2
20240222T0800,10.520246,85.23323,1004.9
20240222T0900,10.850245,84.00136,1004.2
20240222T1000,10.970245,84.648575,1002.9
20240222T1100,11.210245,83.98855,1002.0
20240222T1200,11.880245,79.95023,1000.5
20240222T1300,11.980246,79.74763,998.7
20240222T1400,12.240245,77.59112,997.4
20240222T1500,12.150246,78.4807,996.3
20240222T1600,11.950245,79.30977,995.1
20240222T1700,12.180245,78.165276,994.3
20240222T1800,12.930245,75.26157,994.0
20240222T1900,12.650246,75.46928,994.2
20240222T2000,10.280245,81.82417,994.7
20240222T2100,8.8102455,81.73087,996.3
20240222T2200,8.580245,80.62171,998.7
20240222T2300,7.4702454,80.284065,1000.4
20240223T0000,6.650245,82.754906,1001.3
20240223T0100,6.0802455,83.20569,1001.8
20240223T0200,5.8202453,82.16899,1001.7
20240223T0300,5.5102453,81.13179,1001.4
20240223T0400,5.270245,79.595764,1001.2
20240223T0500,4.7602453,79.22641,1001.0
20240223T0600,4.0802455,80.38642,1001.1
20240223T0700,3.6102452,82.38015,1001.0
20240223T0800,5.210245,77.49348,1001.2
20240223T0900,6.710245,70.68797,1000.9
20240223T1000,7.8302455,66.0192,1000.4
20240223T1100,9.030245,60.79572,1000.3
20240223T1200,9.540245,56.328075,999.8
20240223T1300,9.830245,55.437572,999.2
20240223T1400,10.040245,54.778446,998.6
20240223T1500,9.780245,56.842308,998.0
20240223T1600,9.370245,60.53361,997.8
20240223T1700,7.480245,68.946365,998.3
20240223T1800,6.1602454,75.84372,998.7
20240223T1900,6.0302453,75.65664,999.1
20240223T2000,5.790245,77.09469,999.2
20240223T2100,5.480245,78.83344,999.6
20240223T2200,4.650245,87.96619,999.9
20240223T2300,4.2902455,87.8648,1000.4
20240224T0000,4.0502453,89.23526,1000.7
20240224T0100,4.2302456,88.9979,1000.9
20240224T0200,3.9902453,88.97392,1000.9
20240224T0300,3.9002452,90.24946,1001.1
20240224T0400,4.2902455,87.67621,1001.6
20240224T0500,4.5602455,85.41318,1002.3
20240224T0600,4.4702454,85.52459,1003.2
20240224T0700,3.9502454,86.201515,1004.2
20240224T0800,5.5102453,81.53912,1005.0
20240224T0900,6.5902452,72.3095,1005.3
20240224T1000,7.500245,68.901276,1005.4
20240224T1100,8.180245,64.412926,1005.3
20240224T1200,8.390245,62.050117,1005.1
20240224T1300,8.680245,61.676968,1005.3
20240224T1400,9.000245,61.668694,1005.6
20240224T1500,8.500245,65.702934,1006.4
20240224T1600,7.770245,72.031944,1006.9
20240224T1700,6.5902452,77.34518,1007.3
20240224T1800,4.940245,82.98843,1007.7
20240224T1900,3.4602456,86.64174,1008.0
20240224T2000,2.6102452,88.38337,1008.1
20240224T2100,2.0502453,88.71028,1008.3
20240224T2200,1.7202454,89.8485,1008.4
20240224T2300,1.5902454,91.22313,1008.1
20240225T0000,1.3102454,90.799355,1008.2
20240225T0100,1.1002455,91.11314,1008.6
20240225T0200,1.3202454,89.743515,1008.2
20240225T0300,1.5802454,89.18071,1008.0
20240225T0400,1.6702454,89.450905,1007.8
20240225T0500,1.7402455,90.44208,1007.8
20240225T0600,1.8502454,90.51822,1007.7
20240225T0700,2.1502454,89.75967,1007.8
20240225T0800,3.8102455,85.56564,1007.6
20240225T0900,6.3502455,80.45317,1007.2
20240225T1000,8.670245,66.83175,1006.8
20240225T1100,10.0602455,56.590824,1005.8
20240225T1200,11.230246,50.00409,1004.5
20240225T1300,11.680245,47.1436,1003.5
20240225T1400,11.960245,43.848736,1002.3
20240225T1500,11.950245,45.57288,1001.5
20240225T1600,10.850245,48.182594,1000.6
20240225T1700,8.920245,56.281918,999.8
20240225T1800,7.8002453,63.81242,999.2
20240225T1900,7.150245,70.17359,998.2
20240225T2000,7.3402452,70.87141,997.5
20240225T2100,7.4702454,73.37114,997.5
20240225T2200,7.190245,77.44874,997.5
20240225T2300,7.190245,77.17429,998.0
20240226T0000,7.0602455,80.391335,998.1
20240226T0100,6.900245,85.637215,998.4
20240226T0200,6.5502453,90.039986,997.8
20240226T0300,6.360245,92.51814,997.8
20240226T0400,6.3702455,93.62525,997.9
20240226T0500,6.460245,92.84915,997.9
20240226T0600,6.6602454,91.38272,997.7
20240226T0700,6.630245,91.25264,998.1
20240226T0800,7.3902454,88.928406,998.5
20240226T0900,8.450246,83.814064,998.9
20240226T1000,9.540245,81.044365,999.2
20240226T1100,10.600245,75.21046,999.7
20240226T1200,11.410245,70.12606,999.5
20240226T1300,12.510245,65.9278,999.4
20240226T1400,12.960245,62.597275,999.3
20240226T1500,13.030245,62.570576,999.4
20240226T1600,12.200245,71.06776,999.9
20240226T1700,10.420245,77.773834,1000.6
20240226T1800,8.700245,85.78795,1001.0
20240226T1900,7.6802454,90.70331,1002.1
20240226T2000,6.9902453,92.69097,1003.1
20240226T2100,6.650245,93.1865,1004.0
20240226T2200,5.7602453,93.12803,1005.0
20240226T2300,5.6002455,92.39904,1005.4
20240227T0000,5.3102455,93.03219,1005.9
20240227T0100,4.940245,92.941086,1006.4
20240227T0200,4.6402454,92.26308,1006.9
20240227T0300,4.920245,91.69728,1007.4
20240227T0400,5.3702455,89.99792,1008.3
20240227T0500,6.020245,88.54593,1008.8
20240227T0600,6.650245,87.31111,1009.2
20240227T0700,6.7402453,87.25946,1010.0
20240227T0800,7.2602453,86.34286,1010.8
20240227T0900,7.900245,83.918686,1010.9
20240227T1000,8.730246,79.636826,1011.4
20240227T1100,9.580245,73.0566,1011.3
20240227T1200,10.430245,67.322945,1011.2
20240227T1300,10.800245,65.39987,1010.9
20240227T1400,10.820246,66.051414,1011.0
20240227T1500,10.650246,65.734474,1011.8
20240227T1600,10.220245,67.51352,1012.2
20240227T1700,9.590245,69.647804,1013.0
20240227T1800,9.180245,71.60441,1013.8
20240227T1900,8.800245,73.47282,1014.7
20240227T2000,8.400246,75.179794,1015.4
20240227T2100,7.520245,79.11083,1015.8
20240227T2200,8.030246,78.85904,1016.2
20240227T2300,8.000245,80.139656,1016.5
20240228T0000,7.920245,80.91922,1017.0
20240228T0100,7.420245,83.50395,1017.4
20240228T0200,6.8102455,84.90615,1017.6
20240228T0300,6.440245,85.34089,1018.0
20240228T0400,6.1402454,85.48555,1018.7
20240228T0500,6.0102453,84.86619,1019.4
20240228T0600,5.8202453,84.48143,1020.1
20240228T0700,5.3502455,85.145966,1021.0
20240228T0800,5.710245,84.52734,1021.7
20240228T0900,6.710245,83.17376,1021.9
20240228T1000,8.070246,77.70823,1021.9
20240228T1100,8.970245,75.17813,1021.9
20240228T1200,9.930245,71.30394,1022.0
20240228T1300,10.290245,69.55117,1021.6
20240228T1400,10.710245,66.67924,1021.6
20240228T1500,10.710245,65.97991,1021.5
20240228T1600,10.330245,69.41346,1021.2
20240228T1700,9.200245,74.85173,1021.4
20240228T1800,7.8902454,80.23546,1022.1
20240228T1900,6.8902454,83.669014,1022.1
20240228T2000,6.8202453,81.55849,1021.9
20240228T2100,6.2802453,83.52856,1022.0
20240228T2200,6.1402454,81.516266,1021.8
20240228T2300,5.730245,81.921875,1021.3
20240229T0000,5.040245,83.658905,1020.8
20240229T0100,3.9002452,87.948875,1020.8
20240229T0200,3.3002453,88.96833,1020.1
20240229T0300,3.0502453,89.20026,1019.5
20240229T0400,3.5402455,86.58862,1019.2
20240229T0500,3.4202452,85.578705,1018.8
20240229T0600,3.2002454,86.29807,1018.2
20240229T0700,3.5502453,87.34263,1017.9
20240229T0800,4.400245,87.62545,1017.5
20240229T0900,6.0602455,84.57219,1017.1
20240229T1000,7.6402454,80.2536,1016.4
20240229T1100,8.990245,71.56594,1015.6
20240229T1200,10.020246,67.80295,1014.6
20240229T1300,10.850245,64.04417,1013.1
20240229T1400,11.460245,62.234013,1011.6
20240229T1500,11.520246,62.161114,1010.5
20240229T1600,11.140245,64.97466,1009.8
20240229T1700,8.5602455,75.36818,1009.3
20240229T1800,6.5802455,82.394424,1008.8
20240229T1900,5.5802455,86.02644,1008.7
20240229T2000,4.400245,90.552635,1008.3
20240229T2100,4.1802454,91.44254,1008.3
20240229T2200,3.7802453,95.07174,1008.8
20240229T2300,3.8102455,95.27677,1008.8
20240301T0000,3.9402456,94.94525,1008.7
20240301T0100,4.380245,93.49806,1009.0
20240301T0200,4.8002453,92.931366,1008.4
20240301T0300,5.540245,91.42264,1008.3
20240301T0400,5.960245,90.8149,1008.7
20240301T0500,6.230245,90.64624,1009.0
20240301T0600,6.380245,90.9773,1009.1
20240301T0700,6.750245,90.37322,1009.7
20240301T0800,7.3002453,89.41742,1009.8
20240301T0900,7.860245,88.7876,1009.8
20240301T1000,8.260245,85.61795,1010.0
20240301T1100,8.470245,84.81359,1009.7
20240301T1200,8.690246,81.54314,1009.4
20240301T1300,9.210245,76.87175,1008.8
20240301T1400,9.680245,71.65478,1008.4
20240301T1500,9.8102455,70.97998,1007.7
20240301T1600,9.620245,72.961975,1007.4
20240301T1700,8.090245,79.70452,1007.2
20240301T1800,6.270245,85.92531,1007.1
20240301T1900,5.630245,88.38156,1007.1
20240301T2000,5.380245,89.42715,1006.7
20240301T2100,5.0302453,90.47919,1006.0
20240301T2200,4.5702453,90.1814,1006.6
20240301T2300,3.8802452,92.86643,1006.2
20240302T0000,3.2702456,94.02817,1006.3
20240302T0100,3.1602454,95.651764,1006.5
20240302T0200,3.0002456,95.84937,1006.3
20240302T0300,2.9002452,95.09097,1005.9
20240302T0400,3.1502452,94.56134,1005.7
20240302T0500,3.5702453,94.38377,1005.6
20240302T0600,3.6002455,93.51281,1005.7
20240302T0700,3.9802456,91.16513,1005.8
20240302T0800,6.3402452,84.548,1005.8
20240302T0900,8.960245,78.89791,1005.7
20240302T1000,10.510245,76.77345,1005.2
20240302T1100,12.360246,69.023125,1004.7
20240302T1200,13.320246,62.90114,1004.1
20240302T1300,13.970245,57.944954,1003.1
20240302T1400,13.860246,55.89013,1002.2
20240302T1500,14.030245,55.974266,1001.7
20240302T1600,13.410245,60.02034,1001.0
20240302T1700,11.300245,68.55932,1000.3
20240302T1800,10.860246,68.84869,999.9
20240302T1900,9.960245,74.93833,1000.3
20240302T2000,7.1002455,84.94205,1000.8
20240302T2100,6.4902453,87.53992,1000.3
20240302T2200,6.770245,85.08082,1000.0
20240302T2300,5.6402454,89.51491,999.9
20240303T0000,5.750245,90.09569,999.9
20240303T0100,5.9102454,91.00269,999.5
20240303T0200,6.3502455,91.48651,998.9
20240303T0300,6.1802454,91.92357,998.7
20240303T0400,5.8002453,93.32714,998.4
20240303T0500,5.7202454,93.97983,998.4
20240303T0600,5.3002453,94.5519,998.3
20240303T0700,5.650245,93.1862,998.1
20240303T0800,7.3502455,90.0472,998.2
20240303T0900,9.700245,82.02609,998.2
20240303T1000,11.280245,77.59378,997.8
20240303T1100,11.730246,75.82658,997.7
20240303T1200,12.140245,73.49199,997.1
20240303T1300,12.850245,71.39249,996.8
20240303T1400,13.3102455,70.70586,996.7
20240303T1500,13.030245,70.16727,997.1
20240303T1600,12.130245,74.09788,998.0
20240303T1700,10.650246,79.60131,999.0
20240303T1800,9.190246,85.54828,1000.5
20240303T1900,8.050245,89.796074,1001.8
20240303T2000,8.250245,88.028114,1003.0
20240303T2100,7.940245,87.75265,1003.8
20240303T2200,8.410246,83.34315,1005.1
20240303T2300,7.900245,83.801414,1005.9
20240304T0000,7.5302453,83.870766,1006.8
20240304T0100,7.1202455,84.34957,1007.7
20240304T0200,6.7602453,85.98284,1007.9
20240304T0300,6.5702453,87.24109,1008.7
20240304T0400,6.420245,88.02673,1009.4
20240304T0500,6.380245,88.51948,1009.9
20240304T0600,6.3402452,88.82737,1010.6
20240304T0700,6.3102455,90.14526,1011.3
20240304T0800,6.420245,88.77274,1011.9
20240304T0900,6.8302455,87.82205,1012.6
20240304T1000,7.4302454,87.21145,1012.6
20240304T1100,7.8702455,85.03634,1012.8
20240304T1200,8.460245,82.94423,1012.7
20240304T1300,8.930245,81.691055,1012.3
20240304T1400,9.230246,80.66227,1012.0
20240304T1500,9.230246,80.27071,1011.6
20240304T1600,9.080245,79.85785,1011.8
20240304T1700,8.670245,82.16772,1012.0
20240304T1800,7.9902453,87.08918,1012.5
20240304T1900,7.690245,87.54376,1012.8
20240304T2000,7.4102454,90.177864,1013.3
20240304T2100,7.540245,88.81883,1013.5
20240304T2200,7.3002453,91.30528,1013.8
20240304T2300,7.400245,91.12284,1014.1
20240305T0000,7.520245,89.188835,1014.0
20240305T0100,7.2602453,90.92169,1014.3
20240305T0200,7.1602454,90.40811,1014.3
20240305T0300,6.880245,91.01788,1014.6
20240305T0400,6.8502455,91.14267,1015.0
20240305T0500,7.0102453,89.390755,1015.4
20240305T0600,6.790245,87.75631,1015.8
20240305T0700,6.630245,88.296005,1016.3
20240305T0800,6.730245,87.50392,1016.7
20240305T0900,7.2002454,82.94763,1017.1
20240305T1000,8.000245,77.20486,1017.3
20240305T1100,8.720245,72.01884,1017.3
20240305T1200,9.500245,66.54635,1016.8
20240305T1300,9.780245,64.60999,1016.4
20240305T1400,10.090245,62.649956,1015.9
20240305T1500,10.030245,64.760765,1015.7
20240305T1600,9.590245,67.61207,1016.1
20240305T1700,8.610246,75.37725,1016.8
20240305T1800,7.3202453,82.324295,1017.3
20240305T1900,7.170245,83.35332,1017.7
20240305T2000,6.7802453,83.950096,1018.1
20240305T2100,6.7202454,82.82316,1018.4
20240305T2200,6.4902453,84.20925,1018.6
20240305T2300,6.4302454,84.858795,1019.0
20240306T0000,6.190245,85.794464,1019.4
20240306T0100,6.130245,86.701904,1019.8
20240306T0200,5.9702454,87.85596,1019.7
20240306T0300,5.710245,89.26887,1019.8
20240306T0400,5.6202455,89.57634,1020.2
20240306T0500,5.6402454,89.262184,1020.7
20240306T0600,5.5302453,90.07601,1021.4
20240306T0700,5.500245,91.22606,1021.8
20240306T0800,5.8502455,91.31862,1022.4
20240306T0900,6.400245,88.459236,1022.5
20240306T1000,7.0302453,83.45204,1023.4
20240306T1100,7.460245,79.157074,1023.1
20240306T1200,8.040245,74.47828,1022.9
20240306T1300,8.610246,71.59006,1022.7
20240306T1400,8.470245,71.866646,1022.7
20240306T1500,8.040245,75.64676,1022.9
20240306T1600,7.5302453,80.349884,1023.0
20240306T1700,6.790245,86.2286,1023.5
20240306T1800,6.020245,91.52495,1023.7
20240306T1900,5.7202454,93.65037,1023.9
20240306T2000,5.4702454,94.894424,1023.9
20240306T2100,5.380245,95.15691,1023.7
20240306T2200,5.630245,93.644714,1023.4
20240306T2300,5.6002455,93.577,1023.1
20240307T0000,5.8002453,90.545906,1022.5
20240307T0100,5.8902454,90.426155,1022.4
20240307T0200,6.150245,89.37344,1021.8
20240307T0300,6.460245,89.15164,1021.5
20240307T0400,6.5302453,89.3462,1021.3
20240307T0500,6.4902453,90.03469,1021.0
20240307T0600,5.8902454,93.006,1021.1
20240307T0700,6.0802455,91.14465,1020.8
20240307T0800,6.3202453,88.140465,1020.6
20240307T0900,6.630245,85.12357,1020.1
20240307T1000,7.170245,82.303185,1019.8
20240307T1100,7.5802455,78.89737,1019.7
20240307T1200,8.170245,75.350266,1019.2
20240307T1300,8.610246,71.844,1018.5
20240307T1400,8.670245,70.294975,1018.2
20240307T1500,8.510245,69.714134,1017.6
20240307T1600,8.100245,72.81896,1017.1
20240307T1700,7.110245,81.198494,1016.8
20240307T1800,5.460245,88.364235,1016.7
20240307T1900,4.4802456,91.5321,1016.8
20240307T2000,3.8402452,92.73101,1016.4
20240307T2100,3.0802455,93.20947,1016.2
20240307T2200,2.1302454,92.73787,1016.2
20240307T2300,1.3002454,93.55717,1016.0
20240308T0000,0.8302454,93.04589,1015.6
20240308T0100,0.5602454,92.957275,1015.2
20240308T0200,0.3902454,93.286316,1014.7
20240308T0300,0.19024539,93.134285,1014.0
20240308T0400,0.11024541,92.717545,1013.4
20240308T0500,0.1502454,91.161644,1013.3
20240308T0600,0.17024541,90.55984,1012.9
20240308T0700,1.2802454,89.608185,1013.0
20240308T0800,3.4802456,85.15396,1012.5
20240308T0900,5.4702454,80.258675,1011.8
20240308T1000,6.9302454,77.23895,1011.7
20240308T1100,8.5602455,72.75491,1010.8
20240308T1200,9.920245,69.37516,1009.7
20240308T1300,10.980246,65.717766,1008.4
20240308T1400,11.390245,62.348507,1007.4
20240308T1500,11.350245,61.249325,1006.1
20240308T1600,10.600245,64.34729,1005.4
20240308T1700,8.790245,72.543564,1005.0
20240308T1800,7.1802454,79.73033,1004.8
20240308T1900,6.360245,83.59848,1005.1
20240308T2000,6.0802455,85.84208,1005.2
20240308T2100,5.650245,87.20219,1005.2
20240308T2200,5.9702454,86.377655,1006.8
20240308T2300,5.9102454,89.4139,1006.6
20240309T0000,6.3402452,85.57019,1005.5
20240309T0100,6.2002454,87.69433,1005.9
20240309T0200,5.6802454,89.20294,1005.3
20240309T0300,4.670245,91.61243,1004.4
20240309T0400,3.5202456,92.84053,1004.3
20240309T0500,2.9802456,92.73443,1004.2
20240309T0600,2.5702453,92.83781,1004.1
20240309T0700,3.8302455,91.15248,1003.9
20240309T0800,6.4702454,84.74398,1003.5
20240309T0900,8.940246,78.8947,1002.8
20240309T1000,10.830245,66.84676,1002.2
20240309T1100,12.220245,61.464645,1001.2
20240309T1200,13.300245,57.007862,1000.7
20240309T1300,14.120245,53.921326,999.7
20240309T1400,14.500245,52.753323,998.8
20240309T1500,14.510245,53.50041,998.1
20240309T1600,13.760245,58.255234,997.4
20240309T1700,11.880245,66.19906,996.7
20240309T1800,10.240245,70.12825,996.5
20240309T1900,10.120245,66.452095,996.1
20240309T2000,9.990245,64.56798,995.4
20240309T2100,9.530245,65.4754,995.3
20240309T2200,9.110246,66.74159,995.0
20240309T2300,8.770246,70.41571,994.5
20240310T0000,8.620245,70.98593,994.3
20240310T0100,8.470245,70.05343,994.1
20240310T0200,8.010245,72.64621,993.0
20240310T0300,7.8402452,72.92299,991.8
20240310T0400,7.3502455,74.34792,991.5
20240310T0500,6.730245,79.15146,992.2
20240310T0600,6.650245,82.87207,992.1
20240310T0700,7.210245,78.78138,992.5
20240310T0800,7.920245,79.0636,993.5
20240310T0900,8.530246,76.32373,994.2
20240310T1000,9.500245,70.91648,995.0
20240310T1100,9.8102455,73.87194,994.6
20240310T1200,9.990245,75.2053,996.0
20240310T1300,10.320246,71.78282,996.0
20240310T1400,9.390245,81.3604,995.9
20240310T1500,8.840245,86.6988,996.8
20240310T1600,8.360246,87.61318,997.6
20240310T1700,7.900245,88.11538,998.4
20240310T1800,7.5602455,89.44116,999.1
20240310T1900,7.3002453,89.91745,999.9
20240310T2000,6.9902453,89.639175,1000.2
20240310T2100,6.6602454,90.23907,1000.7
20240310T2200,6.0802455,91.40115,1002.1
20240310T2300,5.3902454,93.103226,1002.0
20240311T0000,4.6202455,94.58,1002.1
20240311T0100,3.8802452,96.16575,1003.2
20240311T0200,3.0802455,97.095795,1003.5
20240311T0300,2.7002454,97.91919,1003.8
20240311T0400,2.8102455,97.85284,1004.1
20240311T0500,2.7102456,97.4994,1004.4
20240311T0600,2.7102456,98.05992,1005.2
20240311T0700,3.8702455,95.48363,1005.6
20240311T0800,6.1402454,91.79166,1006.4
20240311T0900,8.210245,85.731316,1006.5
20240311T1000,9.820246,78.706154,1006.9
20240311T1100,10.990245,71.61644,1006.9
20240311T1200,11.720245,66.39408,1006.8
20240311T1300,12.270246,61.39086,1007.0
20240311T1400,12.8102455,59.827824,1007.4
20240311T1500,12.5602455,59.097385,1007.6
20240311T1600,11.970245,62.84075,1008.2
20240311T1700,10.160245,73.680435,1009.2
20240311T1800,8.3102455,77.693985,1010.4
20240311T1900,6.920245,81.91983,1011.6
20240311T2000,6.5102453,82.1513,1012.8
20240311T2100,6.2402453,84.35587,1013.7
20240311T2200,6.110245,88.492516,1014.0
20240311T2300,5.4502454,90.515755,1014.4
20240312T0000,5.130245,91.13129,1014.9
20240312T0100,5.1002455,91.06427,1015.9
20240312T0200,5.3102455,91.01728,1016.1
20240312T0300,5.8102455,90.54677,1016.5
20240312T0400,6.130245,90.44685,1016.7
20240312T0500,6.440245,90.09345,1017.3
20240312T0600,6.8502455,89.5638,1018.0
20240312T0700,7.0302453,90.71304,1018.6
20240312T0800,7.480245,90.876236,1019.0
20240312T0900,8.160246,86.38395,1019.4
20240312T1000,8.460245,85.64129,1020.1
20240312T1100,9.030245,81.98959,1019.9
20240312T1200,9.260245,78.45218,1020.0
20240312T1300,9.490245,74.22637,1019.9
20240312T1400,9.640245,71.34532,1019.9
20240312T1500,9.730246,72.22004,1019.7
20240312T1600,9.590245,75.02799,1019.9
20240312T1700,9.090245,78.75366,1019.9
20240312T1800,8.470245,83.003395,1020.4
20240312T1900,8.170245,85.90579,1020.6
20240312T2000,7.8202453,88.72211,1020.8
20240312T2100,7.5602455,89.56571,1020.8
20240312T2200,7.4902453,89.68415,1020.6
20240312T2300,7.5102453,90.12375,1019.9
20240313T0000,7.630245,90.69923,1019.5
20240313T0100,7.7802453,91.59585,1019.0
20240313T0200,7.9302454,92.946365,1018.6
20240313T0300,8.020246,94.11306,1018.4
20240313T0400,8.200246,95.033516,1018.4
20240313T0500,8.350245,95.43287,1018.6
20240313T0600,8.540245,95.572235,1018.9
20240313T0700,8.860246,95.65146,1019.3
20240313T0800,9.450245,94.76963,1019.9
20240313T0900,10.010245,93.83759,1020.3
20240313T1000,10.540245,92.66874,1020.6
20240313T1100,11.370245,90.6845,1020.5
20240313T1200,12.170245,87.340454,1020.2
20240313T1300,12.910245,84.08156,1019.6
20240313T1400,12.940246,82.684265,1019.4
20240313T1500,13.050245,80.93655,1019.2
20240313T1600,12.670245,82.81663,1019.1
20240313T1700,11.910245,87.72739,1019.0
20240313T1800,10.820246,90.82642,1019.1
20240313T1900,9.110246,95.53173,1019.3
20240313T2000,7.9902453,96.87056,1019.2
20240313T2100,7.6802454,96.72648,1019.1
20240313T2200,7.1402454,96.70678,1018.9
20240313T2300,6.8502455,96.56197,1018.8
20240314T0000,6.5102453,96.54877,1018.7
20240314T0100,5.8302455,97.33481,1018.5
20240314T0200,5.770245,97.87842,1018.2
20240314T0300,5.690245,98.90707,1017.9
20240314T0400,5.5102453,98.76494,1017.9
20240314T0500,5.2002454,98.27408,1017.7
20240314T0600,4.940245,97.784355,1017.7
20240314T0700,5.8202453,97.19853,1018.0
20240314T0800,7.6802454,94.48481,1018.0
20240314T0900,9.650246,89.93362,1017.8
20240314T1000,12.240245,84.45549,1017.5
20240314T1100,13.850245,80.13009,1016.8
20240314T1200,15.430245,73.302376,1016.1
20240314T1300,16.800245,67.09394,1015.1
20240314T1400,17.700245,62.269714,1014.0
20240314T1500,17.930244,60.145893,1013.4
20240314T1600,17.340246,64.61076,1013.0
20240314T1700,15.300245,74.41565,1012.5
20240314T1800,12.090245,85.23961,1012.8
20240314T1900,10.720245,91.06506,1013.3
20240314T2000,9.440246,95.6759,1013.5
20240314T2100,8.900246,97.430954,1013.7
20240314T2200,9.110246,93.27604,1014.2
20240314T2300,8.770246,93.38334,1014.3
20240315T0000,8.650246,92.99239,1014.5
20240315T0100,8.930245,88.827065,1014.7
20240315T0200,9.300245,82.99893,1014.6
20240315T0300,9.460245,81.032745,1014.9
20240315T0400,9.350245,82.49009,1015.2
20240315T0500,8.930245,86.58885,1015.5
20240315T0600,8.930245,88.460686,1015.7
20240315T0700,10.850245,83.77225,1016.1
20240315T0800,12.750245,77.51555,1016.4
20240315T0900,13.840245,71.5375,1016.4
20240315T1000,14.580245,67.62077,1016.7
20240315T1100,15.190246,65.44667,1016.5
20240315T1200,15.750245,62.614292,1016.4
20240315T1300,15.970245,60.15738,1015.9
20240315T1400,16.220245,56.78052,1015.7
20240315T1500,16.410246,54.57341,1015.3
20240315T1600,16.090246,55.09293,1015.1
20240315T1700,14.720245,63.01549,1015.4
20240315T1800,13.050245,74.012764,1016.1
20240315T1900,12.080245,77.51218,1017.1
20240315T2000,10.890245,80.29662,1017.5
20240315T2100,9.950245,85.166794,1017.7
20240315T2200,9.750245,88.90283,1018.8
20240315T2300,9.930245,90.07993,1018.5
20240316T0000,10.210245,89.85806,1018.2
20240316T0100,10.3102455,90.78739,1018.5
20240316T0200,10.3102455,92.21564,1018.7
20240316T0300,10.300245,93.09405,1018.9
20240316T0400,10.300245,92.40272,1019.2
20240316T0500,10.220245,92.334854,1019.5
20240316T0600,10.220245,91.77258,1019.9
20240316T0700,10.610246,90.13573,1020.8
20240316T0800,11.110246,86.8801,1021.5
20240316T0900,11.770246,82.47551,1022.2
20240316T1000,12.260245,80.44208,1022.6
20240316T1100,12.650246,77.657455,1022.6
20240316T1200,13.340245,73.16438,1022.7
20240316T1300,13.740245,70.55084,1022.5
20240316T1400,13.780245,69.17716,1022.5
20240316T1500,14.040245,67.182755,1022.5
20240316T1600,13.330245,71.000305,1023.1
20240316T1700,12.670245,73.99391,1023.6
20240316T1800,11.200245,81.56008,1024.2
20240316T1900,10.080245,86.65345,1024.7
20240316T2000,9.030245,89.88097,1025.0
20240316T2100,8.400246,92.97653,1025.3
20240316T2200,8.280246,95.037384,1025.2
20240316T2300,7.460245,96.65181,1025.2
20240317T0000,7.5602455,96.588875,1025.3
20240317T0100,7.150245,97.31083,1025.0
20240317T0200,7.1002455,97.040405,1024.4
20240317T0300,6.6402454,96.285866,1024.1
20240317T0400,6.3402452,96.34057,1023.7
20240317T0500,5.6802454,97.53415,1023.5
20240317T0600,5.8202453,96.927155,1023.8
20240317T0700,6.5502453,95.6146,1023.7
20240317T0800,8.170245,92.51429,1023.8
20240317T0900,9.330245,89.3534,1023.5
20240317T1000,10.620245,84.89625,1023.6
20240317T1100,11.550245,81.38653,1023.5
20240317T1200,12.300245,79.741165,1023.1
20240317T1300,12.780245,76.370316,1022.4
20240317T1400,13.070246,73.56395,1021.8
20240317T1500,13.160245,72.83228,1021.3
20240317T1600,13.040245,74.6181,1021.0
20240317T1700,12.040245,81.95364,1020.6
20240317T1800,11.080245,86.58263,1020.6
20240317T1900,11.090245,85.29892,1020.5
20240317T2000,10.700245,87.07417,1020.4
20240317T2100,10.100245,90.70943,1019.9
20240317T2200,9.920245,94.27939,1019.6
20240317T2300,9.360246,96.063736,1019.2
20240318T0000,9.300245,96.8484,1018.9
20240318T0100,9.170245,97.37245,1018.6
20240318T0200,9.010245,97.76623,1017.8
20240318T0300,9.270246,96.58438,1017.3
20240318T0400,9.220245,97.24162,1016.7
20240318T0500,9.290245,97.50825,1016.2
20240318T0600,9.360246,97.576355,1015.9
20240318T0700,9.470245,98.50946,1015.9
20240318T0800,9.700245,98.38079,1016.1
20240318T0900,10.090245,98.18978,1016.5
20240318T1000,10.990245,95.86699,1017.4
20240318T1100,12.070246,93.32186,1017.8
20240318T1200,12.950245,85.967354,1017.9
20240318T1300,13.960245,80.84651,1017.9
20240318T1400,14.290245,76.00676,1017.7
20240318T1500,14.390245,73.16082,1017.5
20240318T1600,14.220245,74.42448,1017.4
20240318T1700,12.890245,83.17992,1017.7
20240318T1800,11.120245,88.36585,1018.5
20240318T1900,10.510245,91.0494,1019.2
20240318T2000,9.940246,91.752914,1019.5
20240318T2100,9.670245,92.99252,1019.4
20240318T2200,9.100245,96.447,1019.8
20240318T2300,8.780245,96.69904,1019.4
20240319T0000,8.400246,96.81824,1019.1
20240319T0100,8.210245,96.28195,1019.4
20240319T0200,7.8302455,96.99834,1018.9
20240319T0300,7.290245,97.98923,1018.9
20240319T0400,7.0502453,98.79845,1019.1
20240319T0500,6.8302455,98.452705,1019.1
20240319T0600,6.960245,98.048134,1019.5
20240319T0700,7.710245,97.3286,1020.0
20240319T0800,8.800245,94.9323,1020.5
20240319T0900,9.980246,92.8853,1020.5
20240319T1000,11.960245,88.8009,1020.3
20240319T1100,13.430245,84.256226,1020.0
20240319T1200,14.590245,76.15927,1019.7
20240319T1300,15.700245,69.85086,1019.1
20240319T1400,16.300245,65.95878,1018.6
20240319T1500,16.570246,63.06143,1018.5
20240319T1600,16.340246,63.8661,1018.5
20240319T1700,15.180245,68.393326,1018.6
20240319T1800,13.160245,78.00274,1019.0
20240319T1900,12.250245,82.09308,1019.3
20240319T2000,9.730246,91.30126,1019.4
20240319T2100,7.8902454,96.40199,1019.6
20240319T2200,6.8702455,95.76221,1019.6
20240319T2300,6.360245,96.27432,1019.8
20240320T0000,5.3402452,97.65985,1019.6
20240320T0100,4.670245,98.32857,1019.7
20240320T0200,4.150245,98.17486,1019.8
20240320T0300,3.9702454,97.96094,1019.9
20240320T0400,4.400245,95.71383,1019.9
20240320T0500,4.380245,95.23921,1019.9
20240320T0600,4.690245,95.188095,1019.9
20240320T0700,6.920245,92.75078,1020.0
20240320T0800,9.980246,85.11186,1020.3
20240320T0900,12.520246,79.180984,1020.2
20240320T1000,14.590245,72.60792,1020.2
20240320T1100,16.290245,68.02781,1019.9
20240320T1200,17.610245,62.920456,1019.6
20240320T1300,18.600245,58.831238,1019.3
20240320T1400,19.170246,54.6664,1018.8
20240320T1500,19.460245,53.143436,1018.4
20240320T1600,19.050245,55.2648,1018.0
20240320T1700,17.030245,64.325005,1018.1
20240320T1800,14.140245,72.08262,1018.3
20240320T1900,11.600245,82.902695,1018.6
20240320T2000,9.900246,89.403725,1019.1
20240320T2100,9.110246,92.19745,1019.2
20240320T2200,8.880245,94.16025,1019.8
20240320T2300,8.600245,94.72768,1020.3
20240321T0000,8.600245,95.64031,1020.8
20240321T0100,9.270246,93.349396,1021.0
20240321T0200,10.040245,90.70474,1020.9
20240321T0300,10.990245,87.51879,1021.4
20240321T0400,11.430245,88.03708,1022.1
20240321T0500,11.470245,88.99696,1022.2
20240321T0600,10.990245,92.69683,1022.8
20240321T0700,11.5602455,92.04981,1023.5
20240321T0800,12.690246,89.341385,1024.1
20240321T0900,14.100245,84.27868,1024.5
20240321T1000,16.060246,73.56342,1024.8
20240321T1100,17.340246,64.22239,1024.9
20240321T1200,18.110245,56.68561,1024.4
20240321T1300,18.880245,49.67219,1024.4
20240321T1400,19.200245,45.426876,1024.3
20240321T1500,19.170246,43.51434,1023.9
20240321T1600,18.550245,46.25361,1024.0
20240321T1700,16.710245,55.331966,1024.2
20240321T1800,15.870245,53.90525,1024.8
20240321T1900,14.270246,62.909374,1025.3
20240321T2000,12.820246,70.753075,1025.7
20240321T2100,11.160245,80.39145,1025.6
20240321T2200,10.390245,84.52118,1025.6
20240321T2300,9.170245,87.87701,1025.4
20240322T0000,8.520246,89.15741,1025.1
20240322T0100,7.920245,91.163635,1025.0
20240322T0200,7.6402454,92.73473,1024.6
20240322T0300,7.7602453,92.42246,1023.9
20240322T0400,8.090245,92.636635,1023.3
20240322T0500,8.290245,92.013695,1023.1
20240322T0600,8.350245,91.13407,1023.0
20240322T0700,9.930245,87.29258,1022.6
20240322T0800,12.670245,76.925255,1022.6
20240322T0900,15.220245,67.482315,1022.2
20240322T1000,17.220245,58.72751,1021.3
20240322T1100,18.220245,49.83063,1020.4
20240322T1200,19.040245,43.296333,1019.4
20240322T1300,19.670246,41.07841,1018.3
20240322T1400,20.220245,40.614918,1017.1
20240322T1500,20.280245,40.57611,1016.1
20240322T1600,20.030245,43.55134,1015.5
20240322T1700,18.480246,48.953594,1015.0
20240322T1800,17.100245,48.702408,1014.8
20240322T1900,12.950245,67.64075,1014.9
20240322T2000,11.890245,72.690735,1014.6
20240322T2100,11.270246,76.638,1014.1
20240322T2200,10.500245,79.5784,1013.5
20240322T2300,10.580245,80.08522,1013.1
20240323T0000,11.140245,79.29428,1012.6
20240323T0100,11.790245,76.88369,1012.1
20240323T0200,12.420245,73.19219,1011.6
20240323T0300,12.450245,73.801926,1011.5
20240323T0400,12.230246,77.11475,1011.3
20240323T0500,11.880245,80.16832,1011.2
20240323T0600,10.890245,80.29662,1012.1
20240323T0700,9.420245,79.57745,1013.7
20240323T0800,8.8102455,76.91062,1015.8
20240323T0900,9.160245,68.72416,1017.3
20240323T1000,9.140245,64.41198,1017.0
20240323T1100,9.040245,65.31431,1017.6
20240323T1200,9.120245,63.902954,1017.0
20240323T1300,9.970245,56.32258,1016.4
20240323T1400,10.270246,53.087284,1016.0
20240323T1500,9.3102455,54.102097,1016.1
20240323T1600,8.320246,56.36427,1015.7
20240323T1700,7.380245,62.065796,1015.8
20240323T1800,6.4902453,67.591896,1015.7
20240323T1900,5.690245,73.70846,1015.7
20240323T2000,5.190245,76.82175,1015.8
20240323T2100,5.110245,78.488434,1015.7
20240323T2200,5.4702454,82.6482,1015.1
20240323T2300,5.3702455,82.69313,1014.8
20240324T0000,5.0302453,84.01756,1014.6
20240324T0100,5.040245,84.50102,1014.0
20240324T0200,4.9302454,87.12227,1013.5
20240324T0300,4.860245,88.17676,1013.2
20240324T0400,4.690245,88.410904,1012.9
20240324T0500,4.610245,88.02476,1013.2
20240324T0600,4.5902452,85.53942,1013.9
20240324T0700,4.9702454,80.52668,1014.5
20240324T0800,5.4902453,75.067154,1014.8
20240324T0900,6.170245,64.58169,1015.0
20240324T1000,7.1602454,72.11428,1014.9
20240324T1100,7.4702454,71.2036,1014.6
20240324T1200,8.080246,64.342514,1014.1
20240324T1300,8.830245,60.788494,1013.6
20240324T1400,8.930245,63.26515,1013.2
20240324T1500,8.940246,58.831413,1012.7
20240324T1600,8.820246,54.998917,1012.5
20240324T1700,8.010245,58.075436,1012.5
20240324T1800,7.3702455,62.470722,1012.9
20240324T1900,6.710245,67.1539,1013.2
20240324T2000,6.170245,72.32834,1013.5
20240324T2100,5.5802455,79.247025,1013.5
20240324T2200,5.520245,77.15796,1013.6
20240324T2300,5.1002455,83.72691,1013.7
20240325T0000,4.6602454,88.09292,1013.2
20240325T0100,3.9402456,90.771355,1012.8
20240325T0200,3.6602454,90.877106,1012.5
20240325T0300,2.9502454,92.3326,1012.0
20240325T0400,2.3102455,93.42449,1011.7
20240325T0500,1.5102453,95.14917,1011.4
20240325T0600,2.3202453,95.264,1011.3
20240325T0700,4.6802454,88.85229,1010.8
20240325T0800,6.860245,79.11631,1010.2
20240325T0900,8.490246,71.56567,1009.2
20240325T1000,9.740245,63.507248,1008.3
20240325T1100,10.680245,56.27149,1007.2
20240325T1200,11.530245,51.3699,1005.9
20240325T1300,12.290245,47.69984,1004.3
20240325T1400,12.910245,44.517864,1002.9
20240325T1500,13.120245,42.190212,1001.8
20240325T1600,12.640245,43.669613,1001.1
20240325T1700,11.130245,53.021957,1000.1
20240325T1800,8.710245,61.906994,999.6
20240325T1900,7.9302454,64.95848,999.0
20240325T2000,7.210245,67.608955,998.8
20240325T2100,6.2802453,71.72732,998.4
20240325T2200,5.710245,74.515114,998.6
20240325T2300,6.270245,71.5185,998.6
20240326T0000,6.250245,72.867836,998.5
20240326T0100,6.0902452,76.322266,998.1
20240326T0200,5.8502455,81.93938,997.3
20240326T0300,5.5102453,85.469444,996.9
20240326T0400,5.440245,86.254814,996.5
20240326T0500,5.2402453,86.84737,995.9
20240326T0600,5.5902452,86.82525,995.9
20240326T0700,6.920245,80.5978,995.6
20240326T0800,9.190246,66.75979,995.2
20240326T0900,11.270246,57.03651,994.8
20240326T1000,13.090245,53.982933,994.1
20240326T1100,14.140245,51.11925,993.0
20240326T1200,15.360246,46.538696,991.9
20240326T1300,16.340246,43.207317,990.7
20240326T1400,17.140245,41.348877,989.9
20240326T1500,17.270245,40.604256,988.9
20240326T1600,16.870245,42.24471,988.0
20240326T1700,15.390245,55.021717,987.4
20240326T1800,13.520246,61.057926,987.5
20240326T1900,13.910245,57.64762,988.1
20240326T2000,13.470245,61.513676,988.8
20240326T2100,11.850245,72.633,989.0
20240326T2200,10.900246,73.157005,988.9
20240326T2300,10.240245,81.42531,989.0
20240327T0000,9.5602455,86.53808,988.5
20240327T0100,8.140245,90.55264,987.7
20240327T0200,7.0602455,92.43808,987.1
20240327T0300,6.7202454,92.09227,986.1
20240327T0400,7.5102453,90.81554,985.9
20240327T0500,7.2602453,93.67956,986.0
20240327T0600,7.9302454,93.913536,986.4
20240327T0700,8.350245,92.973335,987.2
20240327T0800,7.9102454,89.162994,988.6
20240327T0900,6.630245,84.40592,990.0
20240327T1000,5.790245,84.59772,991.5
20240327T1100,5.540245,86.14403,992.0
20240327T1200,5.8902454,84.19095,992.4
20240327T1300,6.5802455,81.46548,992.9
20240327T1400,6.920245,81.45785,993.1
20240327T1500,6.980245,83.62197,993.6
20240327T1600,7.2002454,83.59225,994.0
20240327T1700,7.1802454,82.82816,994.1
20240327T1800,6.520245,84.690445,993.5
20240327T1900,5.4102454,88.359116,993.5
20240327T2000,4.8302455,90.140755,993.7
20240327T2100,4.150245,91.89789,993.3
20240327T2200,3.4002452,91.6409,992.9
20240327T2300,2.7902455,92.720314,993.0
20240328T0000,2.5702453,93.577446,992.5
20240328T0100,2.2802453,93.625206,991.8
20240328T0200,2.1102452,93.2078,991.0
20240328T0300,2.0402455,92.46249,990.1
20240328T0400,2.6402454,92.57545,990.2
20240328T0500,3.6702452,91.72851,990.0
20240328T0600,4.0902452,93.34579,991.9
20240328T0700,4.8102455,92.93205,993.5
20240328T0800,5.9302454,91.325005,994.5
20240328T0900,7.270245,82.84052,995.6
20240328T1000,8.760245,76.525185,995.4
20240328T1100,9.720245,70.21697,996.5
20240328T1200,10.930245,63.658062,996.9
20240328T1300,11.630245,55.846508,997.7
20240328T1400,11.940246,48.500713,998.0
20240328T1500,12.340245,43.548073,998.3
20240328T1600,12.710245,43.05963,997.9
20240328T1700,12.010245,45.35921,998.6
20240328T1800,9.5602455,53.35121,999.3
20240328T1900,7.520245,61.11563,999.9
20240328T2000,6.8002453,65.92058,1000.1
20240328T2100,7.0702453,67.82151,1000.1
20240328T2200,6.670245,69.71783,1000.0
20240328T2300,5.940245,71.65688,999.7
20240329T0000,5.6602454,72.907265,998.5
20240329T0100,6.150245,71.1842,997.5
20240329T0200,6.6402454,69.40999,997.7
20240329T0300,7.1602454,66.82137,998.0
20240329T0400,8.040245,64.844505,998.1
20240329T0500,8.010245,66.39413,998.6
20240329T0600,7.980245,74.73125,998.2
20240329T0700,8.490246,78.43657,998.2
20240329T0800,9.410245,79.41012,999.0
20240329T0900,10.790245,77.459694,999.2
20240329T1000,13.090245,70.71021,999.3
20240329T1100,13.970245,67.67472,998.9
20240329T1200,15.530245,61.925632,998.0
20240329T1300,17.260244,56.275875,997.7
20240329T1400,18.200245,53.350178,997.5
20240329T1500,18.210245,53.42552,997.3
20240329T1600,17.370245,60.49813,996.8
20240329T1700,15.400246,75.9387,996.3
20240329T1800,13.090245,79.69657,996.3
20240329T1900,11.840245,84.12264,996.6
20240329T2000,10.540245,86.11298,996.9
20240329T2100,10.080245,84.77398,997.2
20240329T2200,9.090245,92.322426,998.5
20240329T2300,8.700245,90.72307,998.1
20240330T0000,9.200245,86.201195,997.6
20240330T0100,9.400246,81.13648,997.2
20240330T0200,9.340245,75.66782,996.8
20240330T0300,9.340245,71.13384,996.7
20240330T0400,9.290245,71.980576,996.3
20240330T0500,9.650246,71.4979,995.9
20240330T0600,10.150246,68.84119,996.2
20240330T0700,10.330245,74.745285,996.4
20240330T0800,11.410245,70.859886,996.7
20240330T0900,12.200245,69.13267,996.7
20240330T1000,13.140245,69.04404,997.1
20240330T1100,14.330245,69.715675,997.8
20240330T1200,14.930245,66.194695,997.6
20240330T1300,15.070246,63.400116,997.9
20240330T1400,14.990245,62.52029,998.4
20240330T1500,14.740245,60.26761,999.5
20240330T1600,13.330245,64.13448,1000.4
20240330T1700,12.540245,67.692055,1000.3
20240330T1800,11.370245,73.85589,1000.4
20240330T1900,11.300245,74.04716,1000.5
20240330T2000,10.170245,83.2851,1000.5
20240330T2100,9.800245,87.63876,1000.4
20240330T2200,9.570246,90.482086,1001.4
20240330T2300,9.900246,89.3427,1001.5
20240331T0000,9.360246,92.40368,1000.7
20240331T0100,8.740245,94.54032,1000.2
20240331T0200,7.770245,97.26356,999.8
20240331T0300,7.210245,98.122444,1000.0
20240331T0400,6.770245,98.17896,999.8
20240331T0500,6.750245,98.31455,999.0
20240331T0600,7.0602455,97.78008,998.1
20240331T0700,8.140245,95.03062,997.8
20240331T0800,9.350245,92.15084,998.0
20240331T0900,11.020246,86.0484,997.5
20240331T1000,11.880245,85.215744,997.5
20240331T1100,13.070246,82.25748,997.3
20240331T1200,14.370245,78.61237,996.5
20240331T1300,15.670245,71.55263,996.3
20240331T1400,16.510246,66.04907,996.4
20240331T1500,16.770245,62.55652,995.7
20240331T1600,16.380245,63.316433,995.6
20240331T1700,15.540245,65.70251,995.0
20240331T1800,14.210245,72.733055,996.2
20240331T1900,12.090245,84.49475,997.3
20240331T2000,11.780245,86.89039,997.3
20240331T2100,10.850245,91.074715,996.7
20240331T2200,11.120245,89.448616,995.9
20240331T2300,10.450245,93.10304,995.2
20240401T0000,10.430245,94.05096,993.9
20240401T0100,10.210245,96.61641,993.2
20240401T0200,10.100245,97.793564,993.0
20240401T0300,9.750245,98.38179,994.0
20240401T0400,9.540245,98.97857,994.9
20240401T0500,9.880245,95.11225,995.5
20240401T0600,10.370245,86.56605,997.0
20240401T0700,9.680245,83.163925,998.6
20240401T0800,9.290245,79.55732,1000.8
20240401T0900,8.800245,78.872314,1002.5
20240401T1000,8.790245,79.25759,1003.4
20240401T1100,9.450245,76.058586,1004.5
20240401T1200,9.660245,73.17452,1005.0
20240401T1300,10.150246,71.29849,1005.8
20240401T1400,10.8102455,72.53274,1005.4
20240401T1500,11.490245,69.41574,1005.4
20240401T1600,12.070246,67.87175,1005.4
20240401T1700,11.360246,69.921135,1006.2
20240401T1800,9.640245,78.24119,1006.4
20240401T1900,8.400246,84.04138,1007.7
20240401T2000,7.8402452,85.50895,1008.1
20240401T2100,7.7402453,84.01556,1008.4
20240401T2200,8.170245,82.731476,1009.3
20240401T2300,8.080246,82.31514,1010.2
20240402T0000,8.350245,80.92631,1010.8
20240402T0100,8.580245,78.89224,1011.3
20240402T0200,8.400246,77.92782,1011.9
20240402T0300,8.230246,78.72522,1012.4
20240402T0400,8.120246,80.04563,1013.0
20240402T0500,8.190246,79.44084,1013.9
20240402T0600,8.450246,77.66296,1014.5
20240402T0700,9.180245,73.28764,1015.3
20240402T0800,9.460245,70.36078,1015.6
20240402T0900,9.740245,71.61654,1016.1
20240402T1000,10.520246,69.35645,1016.3
20240402T1100,11.430245,63.019855,1016.1
20240402T1200,11.910245,59.557846,1016.0
20240402T1300,12.710245,56.61283,1016.0
20240402T1400,13.580245,52.46273,1015.4
20240402T1500,13.840245,50.06851,1015.0
20240402T1600,13.790245,50.912926,1014.3
20240402T1700,13.200245,52.209076,1014.3
20240402T1800,12.250245,51.758217,1014.4
20240402T1900,8.980246,66.6645,1014.6
20240402T2000,6.270245,81.82572,1014.4
20240402T2100,5.5602455,86.82186,1013.9
20240402T2200,5.020245,89.64726,1013.6
20240402T2300,5.130245,89.72119,1013.2
20240403T0000,4.9102454,90.85482,1012.7
20240403T0100,5.0102453,91.50967,1012.1
20240403T0200,5.3002453,91.01646,1011.4
20240403T0300,5.860245,88.467384,1011.1
20240403T0400,6.2002454,86.40412,1010.9
20240403T0500,6.710245,85.614555,1011.0
20240403T0600,7.5802455,84.822685,1011.3
20240403T0700,9.210245,80.54725,1011.3
20240403T0800,10.050245,77.17561,1011.3
20240403T0900,10.080245,83.50275,1011.5
20240403T1000,10.690246,85.078545,1011.9
20240403T1100,11.3102455,86.37239,1011.5
20240403T1200,11.680245,83.932274,1011.7
20240403T1300,11.790245,83.5484,1011.8
20240403T1400,11.760245,84.57001,1012.5
20240403T1500,12.640245,81.81315,1012.8
20240403T1600,13.090245,77.30824,1012.9
20240403T1700,12.670245,78.72202,1013.1
20240403T1800,12.480246,81.13031,1013.7
20240403T1900,12.570246,80.59581,1014.5
20240403T2000,12.640245,80.224976,1015.2
20240403T2100,12.910245,79.72375,1015.6
20240403T2200,12.650246,80.66179,1015.8
20240403T2300,12.5602455,81.03181,1016.4
20240404T0000,12.410245,85.79372,1016.5
20240404T0100,12.070246,87.271805,1016.4
20240404T0200,11.980246,87.2041,1016.7
20240404T0300,11.820246,86.835884,1016.2
20240404T0400,11.760245,85.722275,1015.9
20240404T0500,11.710245,84.56409,1015.8
20240404T0600,11.880245,83.616295,1016.1
20240404T0700,13.080245,78.83852,1015.9
20240404T0800,14.200245,74.170296,1015.7
20240404T0900,15.210245,70.98509,1015.7
20240404T1000,15.460245,66.35588,1015.5
20240404T1100,15.520246,66.144684,1015.7
20240404T1200,15.110246,68.33246,1016.0
20240404T1300,14.850245,73.541534,1015.8
20240404T1400,15.920245,70.176636,1015.5
20240404T1500,17.130245,62.936306,1015.2
20240404T1600,16.710245,64.38266,1015.0
20240404T1700,16.140245,67.99645,1015.1
20240404T1800,15.460245,71.32062,1015.5
20240404T1900,14.320246,75.96073,1016.3
20240404T2000,13.200245,80.631195,1017.1
20240404T2100,12.920245,82.2377,1017.3
20240404T2200,12.470245,85.91567,1017.0
20240404T2300,11.750245,88.543365,1017.2
20240405T0000,11.030245,91.02655,1017.3
20240405T0100,11.210245,89.27516,1017.1
20240405T0200,11.130245,88.906685,1016.8
20240405T0300,10.700245,90.75581,1016.5
20240405T0400,10.290245,92.339455,1016.1
20240405T0500,9.550245,92.795166,1016.0
20240405T0600,10.080245,89.48046,1015.9
20240405T0700,12.400246,82.7259,1015.9
20240405T0800,15.790245,70.48102,1015.9
20240405T0900,18.660246,59.879726,1016.0
20240405T1000,20.660246,51.803627,1016.1
20240405T1100,22.050245,46.47951,1015.7
20240405T1200,22.950245,42.364353,1015.6
20240405T1300,22.790245,43.272934,1015.5
20240405T1400,22.880245,41.268936,1015.1
20240405T1500,22.220245,44.11498,1015.2
20240405T1600,21.850245,45.248745,1015.4
20240405T1700,20.200245,55.93231,1015.6
20240405T1800,20.510244,44.50381,1015.5
20240405T1900,18.940245,52.255936,1016.1
20240405T2000,15.140245,71.258705,1016.5
20240405T2100,13.510245,78.48012,1016.9
20240405T2200,11.850245,89.33017,1016.7
20240405T2300,11.100245,93.01619,1017.2
20240406T0000,11.190246,92.958984,1017.7
20240406T0100,10.710245,92.2421,1017.7
20240406T0200,10.490245,92.72832,1017.9
20240406T0300,10.280245,91.52797,1017.8
20240406T0400,9.930245,91.50276,1017.5
20240406T0500,9.480246,91.53249,1018.0
20240406T0600,10.410245,88.720924,1018.3
20240406T0700,13.610246,78.81329,1018.2
20240406T0800,16.940245,66.587,1018.0
20240406T0900,20.340246,57.172005,1017.6
20240406T1000,22.950245,49.186375,1017.4
20240406T1100,24.670246,41.443333,1017.2
20240406T1200,25.980246,36.00157,1016.7
20240406T1300,26.990246,32.5184,1015.9
20240406T1400,27.600245,29.207743,1015.1
20240406T1500,27.490246,30.272219,1014.6
20240406T1600,26.390245,34.758247,1014.0
20240406T1700,23.590246,43.527843,1014.0
20240406T1800,18.960245,60.313286,1014.4
20240406T1900,16.590246,70.779076,1014.9
20240406T2000,15.160245,75.59488,1015.2
20240406T2100,14.520246,78.37283,1015.2
20240406T2200,14.450245,68.75254,1015.3
20240406T2300,13.850245,69.05014,1015.1
20240407T0000,13.490245,70.500755,1015.1
20240407T0100,13.240245,73.94665,1014.9
20240407T0200,13.080245,75.800964,1015.4
20240407T0300,12.800245,79.22348,1016.3
20240407T0400,12.880245,75.76657,1017.7
20240407T0500,15.210245,62.188557,1018.2
20240407T0600,13.670245,73.52446,1019.4
20240407T0700,15.670245,71.7927,1019.5
20240407T0800,17.620245,61.875957,1020.0
20240407T0900,19.660246,55.34778,1019.7
20240407T1000,21.180244,49.164967,1019.5
20240407T1100,22.340246,45.508507,1018.8
20240407T1200,23.200245,42.064793,1018.2
20240407T1300,23.920246,41.34192,1017.1
20240407T1400,24.370245,40.397697,1016.2
20240407T1500,24.130245,42.35655,1015.5
20240407T1600,23.070246,46.172794,1014.3
20240407T1700,21.310246,53.914978,1013.3
20240407T1800,20.020245,54.047657,1012.8
20240407T1900,18.360245,60.93951,1012.4
20240407T2000,17.430244,64.58765,1012.4
20240407T2100,16.060246,74.4002,1012.2
20240407T2200,14.980246,78.02626,1012.6
20240407T2300,13.840245,84.02392,1012.7
20240408T0000,13.540245,85.17409,1012.8
20240408T0100,14.150246,84.733795,1012.4
20240408T0200,14.700245,81.00284,1012.9
20240408T0300,13.240245,84.62941,1012.8
20240408T0400,13.020246,83.981964,1012.6
20240408T0500,11.720245,86.7084,1012.5
20240408T0600,12.500245,84.82813,1012.3
20240408T0700,15.440246,77.32277,1012.0
20240408T0800,18.430244,65.76248,1011.7
20240408T0900,20.550245,53.502144,1011.3
20240408T1000,21.690245,48.615086,1010.9
20240408T1100,22.950245,47.451466,1010.9
20240408T1200,23.990246,47.641346,1011.0
20240408T1300,24.690245,43.458946,1009.9
20240408T1400,25.410246,41.293297,1009.0
20240408T1500,25.740246,41.33126,1007.9
20240408T1600,24.830246,46.351006,1006.8
20240408T1700,23.220245,53.909657,1006.4
20240408T1800,20.620245,64.146194,1006.0
20240408T1900,19.000246,69.671906,1005.9
20240408T2000,18.980246,69.12203,1006.1
20240408T2100,18.210245,70.94992,1005.2
20240408T2200,17.750246,69.378876,1005.4
20240408T2300,17.150246,73.56326,1005.5
20240409T0000,17.140245,73.319,1005.9
20240409T0100,18.450245,64.21441,1007.1
20240409T0200,18.280245,52.72138,1008.3
20240409T0300,17.220245,55.012592,1008.9
20240409T0400,16.630245,65.853714,1009.5
20240409T0500,14.960245,71.464195,1011.2
20240409T0600,12.430245,71.456726,1013.4
20240409T0700,10.3102455,73.40131,1015.3
20240409T0800,9.210245,76.87175,1017.2
20240409T0900,8.580245,80.060196,1018.7
20240409T1000,8.520246,81.57563,1020.2
20240409T1100,8.870245,79.32559,1020.6
20240409T1200,9.240245,79.1628,1020.9
20240409T1300,9.150246,79.093445,1021.1
20240409T1400,9.160245,78.38126,1021.0
20240409T1500,9.610246,76.619194,1021.3
20240409T1600,9.760245,75.26869,1021.5
20240409T1700,9.540245,76.71404,1022.0
20240409T1800,8.970245,78.62449,1022.7
20240409T1900,8.450246,80.20849,1023.4
20240409T2000,8.150246,82.96033,1024.0
20240409T2100,7.8702455,83.73893,1024.3
20240409T2200,6.9502454,86.06543,1025.7
20240409T2300,6.440245,87.104195,1025.7
20240410T0000,5.9902453,86.62477,1026.2
20240410T0100,5.8002453,85.86956,1026.3
20240410T0200,5.2002454,86.904655,1026.8
20240410T0300,5.0102453,88.56968,1027.4
20240410T0400,4.6402454,89.73928,1027.7
20240410T0500,4.4502454,91.52968,1028.6
20240410T0600,5.8002453,88.523865,1029.2
20240410T0700,7.3202453,85.4471,1029.6
20240410T0800,8.870245,75.902626,1030.4
20240410T0900,10.070246,66.25326,1030.4
20240410T1000,10.670245,58.026913,1030.9
20240410T1100,10.980246,54.721573,1030.9
20240410T1200,11.720245,52.54276,1030.3
20240410T1300,12.290245,51.327114,1029.9
20240410T1400,12.460245,50.57316,1030.0
20240410T1500,12.610246,50.76068,1030.1
20240410T1600,12.630245,50.62145,1030.4
20240410T1700,12.190246,53.089085,1030.5
20240410T1800,10.580245,56.16389,1030.9
20240410T1900,8.250245,66.54482,1031.4
20240410T2000,6.5802455,76.355804,1031.9
20240410T2100,5.8302455,80.429955,1032.4
20240410T2200,6.4502454,75.84244,1032.8
20240410T2300,5.8302455,78.77852,1033.0
20240411T0000,5.230245,82.673294,1032.8
20240411T0100,5.1602454,82.959816,1032.7
20240411T0200,4.860245,85.08444,1032.7
20240411T0300,3.9802456,88.46391,1033.0
20240411T0400,3.5602455,90.02416,1033.2
20240411T0500,3.7102456,90.10276,1033.7
20240411T0600,4.400245,90.03744,1034.2
20240411T0700,7.440245,81.30454,1034.5
20240411T0800,10.480246,69.78639,1034.7
20240411T0900,12.740245,61.50641,1034.8
20240411T1000,14.590245,56.12199,1034.6
20240411T1100,15.770246,51.00029,1034.4
20240411T1200,16.470245,48.660374,1033.9
20240411T1300,17.080246,48.1921,1033.2
20240411T1400,17.580246,47.338634,1032.8
20240411T1500,17.810246,47.766106,1032.5
20240411T1600,17.580246,48.80334,1032.3
20240411T1700,16.720245,52.012115,1032.3
20240411T1800,13.450245,64.25105,1032.5
20240411T1900,11.290245,71.825195,1033.0
20240411T2000,10.510245,75.14218,1033.1
20240411T2100,9.900246,76.82923,1033.5
20240411T2200,8.960245,80.00657,1033.7
20240411T2300,7.940245,82.70003,1034.2
20240412T0000,6.4302454,87.78035,1034.2
20240412T0100,7.270245,86.34399,1034.1
20240412T0200,6.690245,88.550224,1034.1
20240412T0300,5.420245,91.47762,1034.3
20240412T0400,4.0702453,95.56174,1034.3
20240412T0500,4.8002453,91.81803,1034.5
20240412T0600,6.710245,90.3698,1034.3
20240412T0700,10.470245,78.97256,1034.4
20240412T0800,13.730246,69.403366,1034.6
20240412T0900,15.980246,61.612144,1034.1
20240412T1000,17.920246,55.195663,1033.8
20240412T1100,19.410246,51.189777,1033.1
20240412T1200,20.520245,47.06449,1032.6
20240412T1300,21.370245,45.14424,1032.1
20240412T1400,21.720245,43.144794,1031.2
20240412T1500,21.860245,42.86294,1030.7
20240412T1600,21.690245,43.608112,1030.3
20240412T1700,20.720245,47.957542,1030.2
20240412T1800,19.200245,47.599026,1030.4
20240412T1900,15.820246,61.113785,1030.5
20240412T2000,13.8102455,70.13353,1030.9
20240412T2100,12.570246,75.60987,1031.0
20240412T2200,9.890245,85.92312,1030.9
20240412T2300,8.820246,90.35902,1030.9
20240413T0000,8.290245,91.00371,1030.6
20240413T0100,8.280246,89.87829,1030.1
20240413T0200,8.090245,89.79957,1029.8
20240413T0300,7.8102455,89.21568,1030.1
20240413T0400,7.4502454,90.11857,1030.0
20240413T0500,6.960245,90.83396,1030.0
20240413T0600,9.8102455,87.160706,1030.3
20240413T0700,13.370245,77.87804,1030.1
20240413T0800,16.330246,69.51023,1029.7
20240413T0900,18.860245,60.16868,1029.3
20240413T1000,21.000246,54.013966,1028.8
20240413T1100,22.670246,49.569675,1028.0
20240413T1200,23.980246,45.237057,1027.3
20240413T1300,25.120245,42.720135,1026.5
20240413T1400,25.970245,39.804653,1025.5
20240413T1500,26.440245,38.32392,1024.9
20240413T1600,26.310246,38.184998,1024.3
20240413T1700,24.880245,48.547073,1024.0
20240413T1800,22.190245,49.439857,1023.9
20240413T1900,18.150246,64.44694,1024.1
20240413T2000,15.300245,74.86476,1024.5
20240413T2100,14.410245,79.88976,1024.4
20240413T2200,13.590245,81.22959,1024.2
20240413T2300,13.070246,82.64547,1024.3
20240414T0000,12.360246,85.1554,1024.3
20240414T0100,11.940246,85.858,1024.2
20240414T0200,11.480246,87.03598,1024.1
20240414T0300,11.210245,88.07571,1024.0
20240414T0400,11.080245,88.06332,1023.9
20240414T0500,10.800245,88.99772,1023.9
20240414T0600,12.880245,84.75805,1024.1
20240414T0700,16.700245,74.41313,1024.2
20240414T0800,19.820246,62.800114,1024.1
20240414T0900,21.920246,56.70053,1023.7
20240414T1000,23.500246,52.483223,1023.0
20240414T1100,24.730246,47.716854,1022.3
20240414T1200,25.630245,43.836597,1021.5
20240414T1300,26.240246,39.90739,1020.7
20240414T1400,26.510244,37.936813,1019.8
20240414T1500,26.380245,38.128414,1019.2
20240414T1600,25.630245,40.80883,1018.5
20240414T1700,24.210245,45.69342,1018.1
20240414T1800,22.590246,47.036892,1017.7
20240414T1900,20.150246,54.92035,1017.5
20240414T2000,16.250246,72.67307,1017.3
20240414T2100,15.270246,77.24427,1016.8
20240414T2200,14.180245,81.03931,1016.4
20240414T2300,13.950245,82.20759,1016.1
20240415T0000,15.100245,77.94097,1015.8
20240415T0100,15.510245,79.57191,1015.6
20240415T0200,14.940246,82.554245,1015.2
20240415T0300,14.450245,84.99279,1014.8
20240415T0400,14.400246,85.325775,1014.5
20240415T0500,14.340245,87.31871,1014.2
20240415T0600,14.910245,86.059586,1014.3
20240415T0700,15.610246,84.06484,1014.4
20240415T0800,15.750245,85.24754,1014.3
20240415T0900,16.710245,79.796455,1014.1
20240415T1000,17.440245,74.00357,1013.5
20240415T1100,17.070246,72.582886,1012.8
20240415T1200,17.530245,67.56234,1011.9
20240415T1300,18.340246,61.30278,1010.7
20240415T1400,18.750246,55.786194,1009.9
20240415T1500,18.920246,47.260075,1009.2
20240415T1600,18.400246,42.513542,1008.8
20240415T1700,17.190245,38.94278,1009.3
20240415T1800,15.930245,40.29337,1010.1
20240415T1900,14.210245,45.941647,1011.5
20240415T2000,12.680245,51.73128,1012.2
20240415T2100,11.160245,58.77884,1012.6
20240415T2200,9.470245,67.8731,1013.2
20240415T2300,7.860245,78.0023,1013.3
20240416T0000,7.0502453,82.46058,1013.7
20240416T0100,6.460245,84.86254,1013.3
20240416T0200,6.2002454,84.76993,1013.2
20240416T0300,6.250245,84.6563,1013.1
20240416T0400,6.000245,83.906944,1013.3
20240416T0500,5.940245,82.95019,1013.6
20240416T0600,6.3102455,78.29706,1014.1
20240416T0700,6.8702455,70.569336,1014.1
20240416T0800,7.6602454,63.963028,1013.8
20240416T0900,8.460245,60.4311,1013.5
20240416T1000,9.110246,60.554207,1014.0
20240416T1100,9.590245,61.949097,1013.5
20240416T1200,9.850245,63.398376,1013.2
20240416T1300,10.550245,62.540363,1012.4
20240416T1400,10.500245,63.960945,1011.6
20240416T1500,9.970245,65.62405,1010.9
20240416T1600,9.020246,69.42811,1011.1
20240416T1700,7.920245,75.144714,1011.2
20240416T1800,7.3302455,82.325714,1011.4
20240416T1900,7.2602453,84.18979,1012.0
20240416T2000,7.0102453,85.40991,1012.3
20240416T2100,6.9102454,85.638405,1012.1
20240416T2200,6.3202453,89.704,1012.1
20240416T2300,6.4102454,87.65474,1012.2
20240417T0000,6.3502455,86.177734,1012.2
20240417T0100,6.3102455,85.14428,1011.9
20240417T0200,6.2002454,86.46519,1011.6
20240417T0300,6.170245,85.67082,1011.7
20240417T0400,5.880245,86.673615,1011.7
20240417T0500,5.770245,87.03027,1012.3
20240417T0600,5.6202455,88.25551,1012.5
20240417T0700,5.5502453,88.49869,1013.1
20240417T0800,5.750245,87.46057,1013.2
20240417T0900,6.460245,84.80261,1013.7
20240417T1000,7.2402453,82.89473,1013.7
20240417T1100,8.340245,79.40876,1013.4
20240417T1200,9.3102455,73.055595,1013.1
20240417T1300,9.500245,67.25777,1012.6
20240417T1400,8.800245,60.649517,1012.2
20240417T1500,8.430245,62.689594,1012.3
20240417T1600,6.8902454,71.338684,1012.6
20240417T1700,6.4902453,81.68369,1012.7
20240417T1800,6.2402453,81.53105,1012.6
20240417T1900,5.2002454,84.64255,1013.2
20240417T2000,4.650245,87.777954,1013.7
20240417T2100,4.5402455,89.47435,1014.0
20240417T2200,4.2902455,90.99624,1014.1
20240417T2300,4.2502456,91.84024,1014.2
20240418T0000,4.5902452,90.183205,1014.4
20240418T0100,4.5802455,90.31086,1014.2
20240418T0200,4.0002456,92.34643,1014.5
20240418T0300,3.3802452,94.57503,1014.5
20240418T0400,3.1702452,95.24234,1014.6
20240418T0500,3.1102452,94.55896,1015.3
20240418T0600,3.5502453,91.32506,1016.0
20240418T0700,4.3702455,85.63505,1016.6
20240418T0800,5.290245,77.34004,1017.3
20240418T0900,5.980245,74.72803,1018.0
20240418T1000,6.540245,79.34617,1018.7
20240418T1100,6.6002455,77.56788,1019.1
20240418T1200,7.710245,72.89735,1019.2
20240418T1300,8.160246,70.08748,1019.0
20240418T1400,9.010245,66.3398,1019.2
20240418T1500,8.920245,65.14638,1019.7
20240418T1600,8.890245,65.46586,1020.0
20240418T1700,8.490246,66.64758,1020.7
20240418T1800,7.400245,73.462166,1021.1
20240418T1900,5.7002454,84.58618,1021.9
20240418T2000,5.7602453,82.57138,1022.6
20240418T2100,5.500245,83.900276,1022.8
20240418T2200,4.0202456,89.74505,1023.4
20240418T2300,3.3002453,91.83043,1023.2
20240419T0000,3.0902452,91.81351,1023.2
20240419T0100,3.2402453,91.10223,1022.9
20240419T0200,3.2802453,90.387535,1022.4
20240419T0300,3.2002454,91.36133,1021.7
20240419T0400,3.5202456,90.73455,1021.4
20240419T0500,4.0802455,90.00794,1021.5
20240419T0600,4.9302454,87.62053,1021.3
20240419T0700,5.480245,86.13697,1021.1
20240419T0800,6.000245,83.55017,1020.5
20240419T0900,6.5102453,78.610214,1019.9
20240419T1000,6.8402452,81.15835,1019.8
20240419T1100,7.3902454,80.49865,1018.7
20240419T1200,7.400245,80.7276,1017.7
20240419T1300,7.3502455,82.328514,1016.8
20240419T1400,7.3702455,82.273415,1016.2
20240419T1500,7.6402454,81.50564,1015.3
20240419T1600,7.8402452,82.05113,1014.7
20240419T1700,7.690245,85.01443,1014.9
20240419T1800,7.5902452,87.59438,1014.6
20240419T1900,7.250245,90.16408,1014.8
20240419T2000,7.150245,91.54822,1015.0
20240419T2100,7.190245,89.59471,1015.0
20240419T2200,7.3702455,89.174866,1015.4
20240419T2300,7.150245,85.9679,1015.8
20240420T0000,6.4302454,85.03885,1016.6
20240420T0100,5.6802454,86.28285,1016.8
20240420T0200,5.270245,87.160164,1017.4
20240420T0300,5.0902452,85.84552,1017.7
20240420T0400,4.8002453,87.85672,1018.2
20240420T0500,4.8702455,87.989525,1018.8
20240420T0600,5.000245,86.38775,1019.7
20240420T0700,5.500245,83.422966,1020.4
20240420T0800,5.7002454,81.276566,1021.0
20240420T0900,6.0702453,81.50591,1021.3
20240420T1000,7.130245,77.21871,1022.3
20240420T1100,7.8002453,74.803665,1022.1
20240420T1200,8.370246,69.83319,1022.3
20240420T1300,8.540245,68.53992,1022.3
20240420T1400,8.990245,66.66678,1022.3
20240420T1500,8.830245,67.442245,1022.1
20240420T1600,8.280246,70.51323,1021.8
20240420T1700,7.5502453,74.33297,1021.9
20240420T1800,6.8402452,80.87151,1022.5
20240420T1900,5.710245,87.518196,1023.0
20240420T2000,5.0902452,90.48443,1023.6
20240420T2100,4.5902452,94.110405,1023.6
20240420T2200,4.2102456,95.636635,1023.6
20240420T2300,4.3302455,95.03416,1023.4
20240421T0000,3.7802453,94.8687,1022.8
20240421T0100,3.6202455,95.06295,1022.2
20240421T0200,3.8102455,94.33096,1021.7
20240421T0300,4.0402455,93.67549,1020.9
20240421T0400,4.3702455,92.177155,1020.4
20240421T0500,4.690245,88.78998,1020.3
20240421T0600,4.880245,87.74011,1020.2
20240421T0700,4.5602455,87.70555,1020.3
20240421T0800,4.8702455,89.12459,1020.4
20240421T0900,4.770245,88.73474,1020.5
20240421T1000,4.5402455,88.26922,1020.8
20240421T1100,5.3402452,82.33479,1020.8
20240421T1200,5.920245,77.56137,1020.8
20240421T1300,5.5802455,76.6703,1020.4
20240421T1400,6.2402453,76.294624,1020.4
20240421T1500,5.7002454,72.38944,1020.4
20240421T1600,6.2202454,66.36112,1020.3
20240421T1700,6.040245,68.42822,1020.3
20240421T1800,4.8102455,77.42324,1020.8
20240421T1900,3.9902453,86.82856,1021.6
20240421T2000,3.1302452,94.08669,1022.2
20240421T2100,2.4002454,97.48773,1022.1
20240421T2200,2.3902454,95.40528,1022.3
20240421T2300,2.1902454,96.43207,1022.0
20240422T0000,2.4402454,96.305016,1022.1
20240422T0100,2.7902455,95.28991,1021.5
20240422T0200,2.8402452,93.8655,1021.3
20240422T0300,3.0102453,93.00376,1021.2
20240422T0400,3.0902452,92.4098,1021.2
20240422T0500,2.9802456,92.73443,1021.1
20240422T0600,3.1402454,91.35628,1021.2
20240422T0700,3.8102455,87.875984,1021.2
20240422T0800,4.5802455,79.02501,1021.1
20240422T0900,5.3502455,72.3704,1020.9
20240422T1000,5.6802454,71.085236,1021.4
20240422T1100,6.130245,65.23598,1020.9
20240422T1200,6.3002453,63.815643,1020.4
20240422T1300,6.8202453,62.3324,1020.1
20240422T1400,7.1002455,61.052322,1019.8
20240422T1500,7.130245,61.4176,1019.4
20240422T1600,7.170245,62.14839,1019.2
20240422T1700,6.8102455,63.66224,1019.0
20240422T1800,6.0802455,68.38749,1019.0
20240422T1900,5.2002454,72.23451,1019.4
20240422T2000,4.690245,74.31786,1019.8
20240422T2100,4.0802455,76.78884,1019.7
20240422T2200,3.8202453,80.11186,1019.7
20240422T2300,3.1602454,82.55399,1019.7
20240423T0000,2.4902453,85.0879,1019.0
20240423T0100,2.4902453,85.336525,1018.7
20240423T0200,2.2102454,86.935425,1018.7
20240423T0300,1.8702455,88.82079,1018.4
20240423T0400,1.5002453,89.958374,1018.1
20240423T0500,1.4302454,90.0832,1018.1
20240423T0600,2.7302456,86.0532,1018.3
20240423T0700,4.0402455,81.02343,1018.3
20240423T0800,5.5502453,71.99242,1017.9
20240423T0900,6.7202454,68.086235,1017.5
20240423T1000,7.730245,61.169376,1017.4
20240423T1100,7.9702454,60.21709,1017.1
20240423T1200,8.520246,58.678143,1016.7
20240423T1300,8.8102455,58.03576,1016.4
20240423T1400,9.270246,55.726933,1015.9
20240423T1500,9.220245,54.037575,1015.6
20240423T1600,9.110246,54.362194,1015.8
20240423T1700,8.720245,56.35025,1015.9
20240423T1800,7.8202453,59.006596,1015.8
20240423T1900,6.480245,63.44158,1016.1
20240423T2000,4.9102454,73.6613,1016.3
20240423T2100,4.1202455,76.79609,1016.1
20240423T2200,2.9202452,80.90745,1016.5
20240423T2300,2.5002456,82.51724,1016.3
20240424T0000,1.7702454,83.32369,1015.9
20240424T0100,1.0202454,86.3467,1015.2
20240424T0200,0.9502454,86.52926,1015.0
20240424T0300,1.0502454,87.696175,1014.6
20240424T0400,1.2602453,87.84908,1014.3
20240424T0500,1.5002453,87.23423,1014.4
20240424T0600,3.3902454,82.28799,1014.2
20240424T0700,5.4102454,76.36393,1014.1
20240424T0800,6.5602455,72.61601,1013.6
20240424T0900,6.8002453,64.452515,1013.2
20240424T1000,6.9902453,55.627193,1013.4
20240424T1100,6.8202453,62.150578,1013.2
20240424T1200,6.540245,69.38813,1013.1
20240424T1300,6.960245,72.74835,1012.6
20240424T1400,6.960245,73.271164,1012.4
20240424T1500,6.4902453,72.44541,1012.0
20240424T1600,6.8402452,72.724365,1011.3
20240424T1700,6.2402453,73.81615,1011.3
20240424T1800,5.5802455,77.44657,1011.8
20240424T1900,4.750245,82.36775,1012.4
20240424T2000,4.5102453,84.613914,1013.0
20240424T2100,4.1202455,86.40798,1013.0
20240424T2200,4.0302453,88.342316,1012.8
20240424T2300,3.9102454,88.9659,1012.8
20240425T0000,3.7702456,89.592674,1012.7
20240425T0100,3.7402453,90.10552,1012.4
20240425T0200,3.7102456,90.10276,1012.1
20240425T0300,3.4802456,90.60077,1011.7
20240425T0400,3.6702452,90.877975,1011.9
20240425T0500,4.0602455,89.49222,1011.8
20240425T0600,4.4502454,88.133705,1012.2
20240425T0700,5.3502455,82.39514,1011.8
20240425T0800,6.630245,72.36961,1011.7
20240425T0900,7.4702454,64.52106,1011.0
20240425T1000,7.7002454,63.2824,1011.0
20240425T1100,8.170245,58.202923,1010.5
20240425T1200,8.720245,54.015778,1009.9
20240425T1300,9.420245,50.691223,1009.3
20240425T1400,9.950245,47.847385,1008.6
20240425T1500,10.400246,45.510506,1008.1
20240425T1600,10.530245,45.115837,1007.7
20240425T1700,10.300245,49.73517,1007.4
20240425T1800,8.280246,62.022526,1007.4
20240425T1900,5.2402453,73.78006,1007.6
20240425T2000,3.3502455,82.70188,1007.7
20240425T2100,2.6802454,89.746056,1007.7
20240425T2200,2.9102454,91.46868,1008.0
20240425T2300,2.8202453,92.056755,1007.6
20240426T0000,3.5202456,90.149895,1007.2
20240426T0100,4.3402452,87.74446,1006.9
20240426T0200,4.7802453,85.68536,1006.8
20240426T0300,4.9302454,86.010315,1006.7
20240426T0400,4.940245,85.64368,1006.9
20240426T0500,5.270245,85.86719,1006.9
20240426T0600,6.040245,86.63046,1007.4
20240426T0700,7.0702453,88.58763,1007.9
20240426T0800,8.140245,84.77319,1007.9
20240426T0900,8.970245,82.1523,1007.9
20240426T1000,10.070246,75.90304,1008.1
20240426T1100,11.0602455,70.838165,1007.9
20240426T1200,11.930245,67.418625,1007.9
20240426T1300,12.380245,68.22129,1007.7
20240426T1400,12.680245,68.144325,1007.6
20240426T1500,12.200245,70.823296,1007.3
20240426T1600,11.610246,75.90992,1007.5
20240426T1700,11.150246,78.97014,1007.4
20240426T1800,10.350245,82.90911,1007.5
20240426T1900,8.530246,92.538475,1007.9
20240426T2000,7.420245,96.38382,1008.1
20240426T2100,6.6002455,97.5634,1008.1
20240426T2200,5.880245,98.49822,1008.6
20240426T2300,5.3702455,98.4165,1008.8
20240427T0000,5.4702454,97.80091,1008.9
20240427T0100,5.460245,97.39037,1008.8
20240427T0200,5.5702453,96.646576,1008.8
20240427T0300,5.270245,96.09283,1009.0
20240427T0400,5.040245,95.947266,1008.8
20240427T0500,5.420245,95.359825,1009.0
20240427T0600,6.8502455,93.26434,1009.2
20240427T0700,9.580245,84.18996,1009.7
20240427T0800,12.450245,75.27999,1009.6
20240427T0900,14.770246,65.263565,1009.2
20240427T1000,16.430246,59.942814,1008.1
20240427T1100,17.990246,50.179092,1007.2
20240427T1200,19.380245,42.94628,1006.7
20240427T1300,20.440245,38.135612,1006.3
20240427T1400,20.640245,35.61697,1005.7
20240427T1500,21.010244,32.812637,1005.3
20240427T1600,20.850245,33.609726,1004.8
20240427T1700,20.020245,36.523987,1004.7
20240427T1800,18.110245,40.736805,1004.7
20240427T1900,15.210245,46.52824,1005.2
20240427T2000,13.450245,54.27189,1006.0
20240427T2100,12.570246,59.182995,1006.3
20240427T2200,12.190246,59.0027,1006.7
20240427T2300,11.940246,61.87163,1007.0
20240428T0000,11.140245,67.90581,1006.9
20240428T0100,10.8102455,72.33136,1007.5
20240428T0200,11.180245,74.02496,1007.6
20240428T0300,11.010245,76.541,1007.6
20240428T0400,10.840245,80.8975,1007.9
20240428T0500,10.960245,83.614655,1008.7
20240428T0600,11.030245,84.31041,1010.6
20240428T0700,11.540245,80.55689,1012.1
20240428T0800,11.970245,79.31281,1012.9
20240428T0900,12.780245,77.73114,1013.8
20240428T1000,13.910245,72.43071,1014.9
20240428T1100,13.600245,74.81899,1015.4
20240428T1200,13.170245,76.43594,1016.8
20240428T1300,12.960245,77.65469,1017.8
20240428T1400,12.850245,76.69415,1018.2
20240428T1500,12.790245,75.03228,1018.5
20240428T1600,12.530245,73.66529,1018.6
20240428T1700,12.290245,74.025635,1018.6
20240428T1800,11.700245,79.6513,1018.9
20240428T1900,11.480246,79.07546,1019.4
20240428T2000,11.050245,80.65106,1020.1
20240428T2100,10.850245,81.00996,1020.2
20240428T2200,9.620245,91.293106,1020.1
20240428T2300,9.460245,91.969765,1020.5
20240429T0000,9.200245,92.58278,1020.9
20240429T0100,9.160245,93.08801,1021.2
20240429T0200,9.080245,94.29976,1021.4
20240429T0300,8.750245,95.51606,1021.3
20240429T0400,8.740245,95.25468,1021.1
20240429T0500,9.0602455,94.62125,1021.1
20240429T0600,9.660245,94.39416,1021.4
20240429T0700,10.980246,90.10471,1021.7
20240429T0800,12.300245,84.12142,1021.5
20240429T0900,13.790245,77.89205,1021.4
20240429T1000,15.820246,66.434326,1021.2
20240429T1100,17.150246,61.93186,1020.6
20240429T1200,17.910246,61.654087,1020.2
20240429T1300,18.840246,58.77206,1019.8
20240429T1400,19.180244,58.69852,1019.2
20240429T1500,19.470245,58.84806,1018.8
20240429T1600,19.090246,60.344418,1018.5
20240429T1700,18.040245,64.20807,1018.2
20240429T1800,16.440247,70.18566,1018.1
20240429T1900,14.340245,78.08314,1018.3
20240429T2000,13.180245,84.057526,1018.6
20240429T2100,12.790245,85.03263,1018.5
20240429T2200,11.780245,89.08413,1018.2
20240429T2300,11.690246,89.016335,1018.1
20240430T0000,11.080245,91.09172,1018.1
20240430T0100,10.570246,91.8591,1018.1
20240430T0200,10.030245,92.447845,1018.0
20240430T0300,9.630245,92.547646,1017.6
20240430T0400,9.290245,91.76941,1017.3
20240430T0500,8.070246,94.70082,1017.2
20240430T0600,10.580245,90.13329,1017.1
20240430T0700,13.420245,81.42459,1017.0
20240430T0800,15.840245,72.21023,1016.6
20240430T0900,18.030245,65.240364,1015.9
20240430T1000,19.810246,60.1562,1015.0
20240430T1100,21.370245,55.41623,1014.2
20240430T1200,22.740246,50.887238,1013.3
20240430T1300,23.720245,46.5377,1012.6
20240430T1400,24.240246,45.099064,1011.9
20240430T1500,24.130245,45.429337,1011.0
20240430T1600,23.550245,47.71068,1010.8
20240430T1700,22.330246,53.89336,1010.4
20240430T1800,19.850245,64.14424,1010.0
20240430T1900,16.510246,77.69588,1010.0
20240430T2000,16.540245,75.42638,1009.8
20240430T2100,13.940246,85.33197,1009.7
20240430T2200,13.240245,83.447365,1010.0
20240430T2300,11.570246,88.22883,1009.7
20240501T0000,11.430245,90.99483,1009.3
20240501T0100,11.240245,90.91945,1009.1
20240501T0200,10.840245,93.12619,1008.6
20240501T0300,10.130245,94.09881,1008.2
20240501T0400,9.640245,95.03673,1007.9
20240501T0500,10.3102455,93.41037,1007.5
20240501T0600,12.460245,88.19294,1007.1
20240501T0700,15.180245,77.84969,1006.2
20240501T0800,17.600245,68.79941,1005.5
20240501T0900,19.840246,61.776974,1004.6
20240501T1000,21.630245,55.335857,1003.6
20240501T1100,23.170246,50.96788,1002.4
20240501T1200,24.440245,46.458435,1001.3
20240501T1300,25.500246,41.98294,1000.7
20240501T1400,26.070246,38.4497,999.9
20240501T1500,26.180244,37.944656,999.6
20240501T1600,25.270245,41.03441,999.6
20240501T1700,23.480246,48.360085,999.2
20240501T1800,21.070246,60.9329,999.2
20240501T1900,18.850245,67.61316,999.4
20240501T2000,17.580246,69.94463,999.8
20240501T2100,16.130245,73.722984,1000.1
20240501T2200,14.880245,84.035126,1000.5
20240501T2300,14.140245,87.06863,1000.5
20240502T0000,13.980246,89.56627,1000.4
20240502T0100,13.940246,93.79224,1000.5
20240502T0200,13.830245,95.09034,1000.6
20240502T0300,14.100245,95.78881,1000.6
20240502T0400,14.140245,94.233894,1000.4
20240502T0500,14.130245,93.494286,1000.4
20240502T0600,14.380245,91.62463,1000.5
20240502T0700,14.720245,88.68768,1000.4
20240502T0800,15.150246,85.12635,1000.3
20240502T0900,15.5602455,83.89333,1000.4
20240502T1000,15.870245,81.59054,1000.7
20240502T1100,14.860246,82.3801,1000.7
20240502T1200,13.820246,87.96611,1001.4
20240502T1300,12.660245,87.62302,1002.9
20240502T1400,12.100245,87.62776,1004.1
20240502T1500,12.100245,86.10732,1004.8
20240502T1600,12.230246,84.79684,1005.7
20240502T1700,11.840245,84.407906,1006.4
20240502T1800,11.490245,84.767715,1007.3
20240502T1900,11.220245,85.95349,1008.2
20240502T2000,11.120245,86.4107,1009.2
20240502T2100,10.970245,86.92459,1009.9
20240502T2200,10.780245,87.26024,1010.6
20240502T2300,10.580245,88.67621,1011.2
20240503T0000,10.370245,89.62739,1011.7
20240503T0100,10.170245,89.97714,1012.4
20240503T0200,10.010245,88.56299,1012.9
20240503T0300,9.800245,87.458824,1013.1
20240503T0400,9.760245,86.61915,1013.7
20240503T0500,9.880245,85.86306,1014.6
20240503T0600,10.230246,84.55974,1015.6
20240503T0700,10.470245,83.839264,1016.0
20240503T0800,10.910245,81.799164,1016.0
20240503T0900,11.410245,79.82562,1016.2
20240503T1000,12.350245,74.44325,1016.4
20240503T1100,12.930245,71.94784,1016.4
20240503T1200,13.740245,66.294014,1016.4
20240503T1300,14.360246,62.887394,1016.1
20240503T1400,14.330245,61.5949,1015.9
20240503T1500,14.550245,60.721077,1016.0
20240503T1600,14.520246,61.386753,1016.0
20240503T1700,14.270246,65.01705,1016.2
20240503T1800,13.290245,72.06657,1016.2
20240503T1900,11.110246,81.15809,1016.7
20240503T2000,9.930245,84.98918,1017.3
20240503T2100,9.0602455,88.412254,1017.3
20240503T2200,8.370246,92.527756,1017.8
20240503T2300,7.3102455,94.39952,1017.5
20240504T0000,6.150245,96.87178,1017.5
20240504T0100,6.3102455,95.87046,1017.1
20240504T0200,6.8902454,93.26689,1017.0
20240504T0300,7.5602455,91.64287,1016.6
20240504T0400,7.5102453,91.13152,1016.4
20240504T0500,7.7602453,89.832886,1016.5
20240504T0600,9.400246,87.899864,1016.5
20240504T0700,11.5602455,79.41286,1016.5
20240504T0800,13.350245,72.37345,1016.2
20240504T0900,14.680245,66.13958,1015.5
20240504T1000,15.920245,58.924046,1015.1
20240504T1100,17.020245,55.94585,1014.4
20240504T1200,17.600245,52.108112,1013.9
20240504T1300,18.180244,47.80436,1013.2
20240504T1400,18.610245,46.719765,1012.8
20240504T1500,18.730246,45.92293,1012.7
20240504T1600,18.700245,50.339977,1012.2
20240504T1700,17.970245,53.216232,1011.6
20240504T1800,16.560246,59.73053,1011.6
20240504T1900,15.170245,69.27508,1011.6
20240504T2000,14.470245,73.720314,1011.9
20240504T2100,14.330245,76.938095,1011.9
20240504T2200,14.700245,75.77026,1012.5
20240504T2300,14.050245,80.85905,1012.5
20240505T0000,13.630245,85.12735,1012.9
20240505T0100,13.370245,88.27618,1012.8
20240505T0200,13.050245,89.908455,1012.7
20240505T0300,13.020246,90.80753,1012.7
20240505T0400,13.210245,90.34025,1012.7
20240505T0500,13.350245,90.05162,1013.0
20240505T0600,13.850245,88.43648,1013.0
20240505T0700,14.400246,87.90301,1013.4
20240505T0800,15.420245,84.9322,1013.7
20240505T0900,16.180246,81.04335,1013.5
20240505T1000,17.130245,75.32663,1013.3
20240505T1100,18.340246,68.72175,1013.0
20240505T1200,19.370245,63.532078,1012.5
20240505T1300,20.350245,57.555424,1011.5
20240505T1400,20.660246,56.0118,1010.7
20240505T1500,20.590246,56.217804,1010.1
20240505T1600,20.570246,56.8887,1009.4
20240505T1700,19.390245,61.590534,1009.2
20240505T1800,17.430244,76.82471,1009.3
20240505T1900,15.980246,82.30554,1009.3
20240505T2000,14.900246,89.0532,1009.5
20240505T2100,14.380245,93.201225,1009.6
20240505T2200,14.110246,97.495636,1010.1
20240505T2300,13.870245,98.7096,1009.8
20240506T0000,13.660245,99.22519,1009.9
20240506T0100,13.450245,99.35356,1009.3
20240506T0200,13.160245,99.28611,1009.1
20240506T0300,13.090245,99.28552,1008.8
20240506T0400,13.140245,99.22073,1008.7
20240506T0500,13.260245,98.57244,1008.9
20240506T0600,13.670245,97.16707,1008.7
20240506T0700,14.210245,90.77333,1008.9
20240506T0800,13.930245,89.38479,1009.0
20240506T0900,13.490245,90.3016,1009.7
20240506T1000,13.770246,89.371666,1010.2
20240506T1100,13.780245,90.0254,1010.7
20240506T1200,14.110246,88.10919,1011.2
20240506T1300,14.540245,86.93522,1011.6
20240506T1400,14.480246,86.35676,1011.7
20240506T1500,14.630245,83.61695,1012.0
20240506T1600,14.180245,82.56708,1012.4
20240506T1700,13.830245,82.57732,1012.7
20240506T1800,13.170245,85.58943,1012.9
20240506T1900,13.320246,81.79464,1013.4
20240506T2000,12.090245,88.93177,1014.1
20240506T2100,11.590245,91.6817,1014.4
20240506T2200,11.440246,92.10375,1014.8
20240506T2300,11.350245,91.111534,1014.9
20240507T0000,10.970245,92.88318,1014.9
20240507T0100,10.760245,92.87042,1014.7
20240507T0200,10.5602455,94.37573,1014.9
20240507T0300,10.330245,95.13248,1014.7
20240507T0400,10.210245,94.99856,1014.8
20240507T0500,10.550245,94.375244,1015.0
20240507T0600,11.000245,93.32394,1015.4
20240507T0700,11.570246,90.51686,1016.0
20240507T0800,12.270246,86.53212,1016.4
20240507T0900,12.980246,85.28248,1016.5
20240507T1000,14.340245,84.75537,1016.7
20240507T1100,15.200245,82.587135,1016.7
20240507T1200,15.150246,81.8195,1016.8
20240507T1300,15.200245,81.23239,1016.8
20240507T1400,15.370245,80.77294,1016.7
20240507T1500,14.950245,81.522446,1016.7
20240507T1600,14.640245,84.062584,1016.9
20240507T1700,14.180245,86.555115,1017.3
20240507T1800,13.540245,89.768425,1018.0
20240507T1900,13.180245,90.69868,1018.4
20240507T2000,13.040245,91.11118,1019.2
20240507T2100,12.710245,91.51335,1019.5
20240507T2200,12.380245,91.9191,1019.9
20240507T2300,11.940246,91.58285,1020.5
20240508T0000,11.370245,92.53352,1021.0
20240508T0100,10.850245,92.93856,1020.9
20240508T0200,10.630245,93.99802,1021.3
20240508T0300,10.670245,94.25403,1021.6
20240508T0400,10.480246,94.30802,1022.3
20240508T0500,10.590245,93.86909,1022.8
20240508T0600,11.570246,90.63872,1023.4
20240508T0700,12.890245,82.84487,1023.7
20240508T0800,14.140245,75.47145,1023.8
20240508T0900,14.970245,70.17632,1023.7
20240508T1000,15.750245,61.263874,1023.8
20240508T1100,16.480246,55.082066,1023.7
20240508T1200,16.690245,54.16169,1023.6
20240508T1300,16.810246,53.453777,1023.5
20240508T1400,16.790245,53.118378,1023.5
20240508T1500,16.710245,55.82702,1023.7
20240508T1600,16.360247,57.836777,1024.0
20240508T1700,15.620245,63.054184,1024.2
20240508T1800,14.780245,66.11661,1024.5
20240508T1900,13.490245,70.45264,1025.1
20240508T2000,12.260245,76.0221,1025.7
20240508T2100,11.440246,80.92821,1025.9
20240508T2200,11.350245,83.49306,1026.1
20240508T2300,10.460245,87.94382,1025.8
20240509T0000,9.910245,89.89411,1025.4
20240509T0100,9.100245,92.00756,1025.5
20240509T0200,8.950245,92.62979,1025.5
20240509T0300,8.940246,92.94696,1025.0
20240509T0400,8.890245,93.00751,1025.1
20240509T0500,9.680245,92.04776,1025.5
20240509T0600,11.870245,85.85035,1025.7
20240509T0700,13.350245,82.29426,1025.5
20240509T0800,14.570246,77.131935,1025.1
20240509T0900,15.580245,71.920044,1024.7
20240509T1000,16.680244,67.15835,1024.6
20240509T1100,17.480246,63.953453,1024.2
20240509T1200,18.350245,61.6751,1023.8
20240509T1300,19.130245,58.921974,1023.3
20240509T1400,19.660246,56.697765,1022.5
20240509T1500,20.010244,55.586075,1022.2
20240509T1600,19.970245,55.131596,1021.8
20240509T1700,19.710245,55.583622,1021.5
20240509T1800,18.170246,62.00496,1021.6
20240509T1900,15.200245,70.60177,1021.6
20240509T2000,14.200245,73.67125,1022.1
20240509T2100,12.520246,80.316246,1022.3
20240509T2200,10.540245,87.89174,1021.9
20240509T2300,9.690246,90.491714,1021.9
20240510T0000,8.750245,92.48962,1021.9
20240510T0100,7.880245,94.62584,1021.7
20240510T0200,7.3502455,95.65111,1021.7
20240510T0300,6.8902454,96.56352,1021.7
20240510T0400,6.3202453,97.48682,1021.6
20240510T0500,7.9302454,94.17295,1021.8
20240510T0600,11.160245,85.83023,1022.1
20240510T0700,14.220245,74.374306,1022.2
20240510T0800,16.690245,65.294106,1021.8
20240510T0900,18.550245,60.09403,1021.8
20240510T1000,20.010244,54.517967,1021.4
20240510T1100,21.220245,50.311016,1021.0
20240510T1200,22.190245,47.62358,1020.6
20240510T1300,22.950245,45.801224,1020.1
20240510T1400,23.520245,44.450726,1019.5
20240510T1500,23.770245,42.625248,1019.1
20240510T1600,23.620245,41.95749,1018.7
20240510T1700,22.780245,46.495083,1018.6
20240510T1800,20.330246,55.92808,1018.6
20240510T1900,18.490246,59.04145,1019.0
20240510T2000,16.010246,70.14748,1019.5
20240510T2100,13.110246,81.10864,1019.7
20240510T2200,12.260245,84.74317,1019.7
20240510T2300,10.990245,87.40008,1019.7
20240511T0000,10.190246,88.64021,1019.6
20240511T0100,9.510245,90.168304,1019.4
20240511T0200,8.830245,91.86242,1019.8
20240511T0300,8.270246,93.417336,1019.6
20240511T0400,7.730245,93.90204,1019.9
20240511T0500,9.370245,90.52793,1019.8
20240511T0600,12.860246,81.12853,1019.9
20240511T0700,16.080246,69.227394,1020.3
20240511T0800,18.520245,58.49647,1020.3
20240511T0900,20.400246,53.105972,1020.0
20240511T1000,21.870245,50.62099,1019.4
20240511T1100,23.030245,46.316185,1018.7
20240511T1200,24.080246,42.45606,1018.4
20240511T1300,24.750246,39.379078,1018.1
20240511T1400,25.230246,37.069305,1017.6
20240511T1500,25.480246,36.742073,1017.4
20240511T1600,24.990246,40.356964,1016.8
20240511T1700,24.300245,42.51811,1016.5
20240511T1800,21.880245,54.673096,1016.5
20240511T1900,19.930244,55.195126,1016.5
20240511T2000,18.060246,63.998894,1017.1
20240511T2100,15.080245,76.24087,1017.1
20240511T2200,13.540245,83.87595,1017.0
20240511T2300,12.660245,86.167145,1017.3
20240512T0000,11.970245,87.379486,1017.0
20240512T0100,11.490245,87.50905,1017.2
20240512T0200,11.280245,86.8977,1017.3
20240512T0300,11.000245,86.98674,1017.3
20240512T0400,11.000245,85.40477,1017.1
20240512T0500,11.960245,84.53647,1017.1
20240512T0600,14.980246,75.26144,1017.0
20240512T0700,17.400246,65.93337,1017.0
20240512T0800,19.640245,57.608795,1016.9
20240512T0900,21.640245,53.359867,1016.6
20240512T1000,23.230246,49.819195,1016.1
20240512T1100,24.240246,47.23936,1015.7
20240512T1200,25.010244,45.702503,1015.1
20240512T1300,25.630245,43.634537,1014.4
20240512T1400,25.230246,44.21983,1013.8
20240512T1500,24.520245,45.900314,1013.2
20240512T1600,23.970245,48.365128,1012.8
20240512T1700,22.710245,60.249672,1012.9
20240512T1800,21.070246,61.817337,1013.4
20240512T1900,18.630245,69.55346,1014.0
20240512T2000,17.420246,75.07867,1014.7
20240512T2100,16.220245,82.06631,1014.9
20240512T2200,16.460245,82.6903,1015.4
20240512T2300,16.060246,85.448326,1015.2
20240513T0000,15.340245,88.79848,1015.2
20240513T0100,14.580245,91.99882,1014.9
20240513T0200,14.480246,91.87196,1014.9
20240513T0300,14.170245,93.18995,1014.9
20240513T0400,14.160245,92.88389,1014.9
20240513T0500,14.380245,92.7136,1015.0
20240513T0600,15.710245,88.13629,1015.1
20240513T0700,17.060246,84.121216,1015.1
20240513T0800,18.730246,77.379326,1015.2
20240513T0900,19.830246,72.27943,1014.7
20240513T1000,21.200245,63.194237,1013.8
20240513T1100,22.130245,59.218727,1013.1
20240513T1200,22.640245,56.287117,1012.5
20240513T1300,23.280245,53.36287,1011.8
20240513T1400,23.610245,50.317245,1011.4
20240513T1500,23.810246,48.25793,1010.3
20240513T1600,23.540245,49.117893,1009.7
20240513T1700,23.100245,49.94927,1009.4
20240513T1800,21.520245,53.75504,1009.0
20240513T1900,18.770245,62.020832,1009.3
20240513T2000,16.610245,74.39747,1009.4
20240513T2100,15.3102455,80.60437,1009.3
20240513T2200,13.970245,84.769684,1009.5
20240513T2300,13.400246,86.706314,1009.3
20240514T0000,13.010245,87.24773,1008.8
20240514T0100,12.710245,88.039154,1008.3
20240514T0200,12.140245,89.17516,1007.9
20240514T0300,11.470245,90.3265,1007.6
20240514T0400,11.090245,89.80964,1007.5
20240514T0500,12.150246,88.937035,1007.3
20240514T0600,15.170245,79.311455,1007.4
20240514T0700,18.040245,69.02506,1007.2
20240514T0800,20.320246,62.748554,1007.0
20240514T0900,22.180244,58.538692,1006.4
20240514T1000,23.400246,54.167816,1005.7
20240514T1100,23.990246,51.58856,1005.1
20240514T1200,24.510244,47.9403,1004.3
20240514T1300,24.810246,44.044582,1004.0
20240514T1400,25.080246,42.39771,1003.9
20240514T1500,24.370245,46.53141,1004.2
20240514T1600,21.000246,61.922756,1004.8
20240514T1700,18.620245,70.055916,1004.7
20240514T1800,17.730246,71.75192,1005.6
20240514T1900,16.990246,74.90694,1005.9
20240514T2000,16.290245,76.64215,1006.8
20240514T2100,15.350245,79.70707,1007.1
20240514T2200,14.840245,81.56187,1007.4
20240514T2300,14.160245,86.553085,1007.2
20240515T0000,13.800245,90.56415,1007.2
20240515T0100,13.5602455,93.095345,1006.9
20240515T0200,13.440246,95.13726,1006.8
20240515T0300,13.390245,96.07978,1006.9
20240515T0400,13.340245,96.07813,1006.9
20240515T0500,13.480246,94.70117,1006.9
20240515T0600,13.750245,92.250496,1007.4
20240515T0700,14.190246,90.11637,1007.7
20240515T0800,14.820246,86.334435,1007.7
20240515T0900,15.840245,81.80178,1007.5
20240515T1000,16.180246,81.2567,1007.2
20240515T1100,17.180244,76.78496,1006.8
20240515T1200,17.380245,76.31464,1006.6
20240515T1300,17.460245,77.23305,1006.2
20240515T1400,17.760244,76.87695,1005.6
20240515T1500,17.900246,76.99949,1005.3
20240515T1600,17.540245,78.72351,1005.3
20240515T1700,16.240246,81.692726,1005.5
20240515T1800,14.360246,87.899345,1005.8
20240515T1900,13.320246,91.372826,1005.9
20240515T2000,12.970245,93.00069,1006.5
20240515T2100,12.640245,94.35053,1006.8
20240515T2200,12.150246,94.57887,1007.6
20240515T2300,11.920245,95.01084,1007.7
20240516T0000,11.630245,95.507454,1007.6
20240516T0100,11.050245,96.44964,1007.3
20240516T0200,10.750245,96.89414,1007.0
20240516T0300,10.840245,96.70194,1006.7
20240516T0400,10.750245,96.76406,1006.8
20240516T0500,11.400246,95.37049,1006.8
20240516T0600,12.410245,91.61499,1007.1
20240516T0700,13.540245,88.82073,1007.3
20240516T0800,14.110246,87.23885,1007.1
20240516T0900,14.950245,80.12718,1006.8
20240516T1000,15.890245,75.21638,1006.7
20240516T1100,16.620245,71.16293,1006.4
20240516T1200,16.610245,72.54635,1006.2
20240516T1300,16.250246,72.04646,1006.2
20240516T1400,15.740245,74.19553,1006.1
20240516T1500,15.000245,78.91795,1005.8
20240516T1600,14.350245,87.14668,1006.1
20240516T1700,13.710245,91.15813,1005.8
20240516T1800,12.830245,94.86087,1006.2
20240516T1900,12.480246,96.81593,1006.4
20240516T2000,12.280245,97.06743,1007.0
20240516T2100,12.150246,96.6779,1007.3
20240516T2200,11.900246,96.028725,1007.6
20240516T2300,11.780245,95.89648,1007.6
20240517T0000,11.710245,95.510635,1007.6
20240517T0100,11.690246,95.12787,1007.5
20240517T0200,11.570246,95.88874,1007.5
20240517T0300,11.500245,96.33572,1007.6
20240517T0400,11.460245,96.27002,1008.3
20240517T0500,11.390245,95.68978,1008.5
20240517T0600,11.530245,94.993835,1008.9
20240517T0700,11.780245,90.89846,1009.1
20240517T0800,12.220245,90.74855,1009.4
20240517T0900,13.000245,88.53731,1009.7
20240517T1000,14.000245,82.599106,1009.8
20240517T1100,14.840245,78.265175,1009.8
20240517T1200,15.540245,73.61711,1010.2
20240517T1300,15.970245,70.46923,1009.8
20240517T1400,16.430246,65.28039,1009.7
20240517T1500,16.360247,64.9576,1009.7
20240517T1600,16.490246,64.46321,1009.9
20240517T1700,16.400246,65.80331,1010.2
20240517T1800,15.440246,75.54142,1010.7
20240517T1900,14.660245,72.13291,1011.1
20240517T2000,11.520246,88.462654,1011.6
20240517T2100,10.580245,92.23354,1012.0
20240517T2200,9.970245,95.50358,1012.2
20240517T2300,9.400246,96.32679,1012.7
20240518T0000,8.620245,97.15706,1012.5
20240518T0100,8.200246,98.0799,1012.3
20240518T0200,7.5902452,98.741394,1012.4
20240518T0300,7.5502453,99.080635,1012.6
20240518T0400,7.3502455,99.418724,1012.5
20240518T0500,9.110246,96.974045,1012.8
20240518T0600,11.760245,90.47069,1013.1
20240518T0700,14.700245,80.25168,1013.3
20240518T0800,17.080246,70.311485,1012.8
20240518T0900,18.670246,61.50362,1012.5
20240518T1000,19.830246,53.52843,1011.9
20240518T1100,20.760244,49.515152,1011.8
20240518T1200,20.850245,49.975056,1011.3
20240518T1300,20.650246,49.819847,1010.7
20240518T1400,20.140245,50.119324,1010.9
20240518T1500,17.350245,60.943886,1011.7
20240518T1600,16.050245,71.577354,1011.9
20240518T1700,15.260245,74.807785,1012.1
20240518T1800,14.690246,78.924034,1012.1
20240518T1900,13.550245,86.606125,1012.5
20240518T2000,12.540245,91.6238,1013.1
20240518T2100,11.600245,95.31498,1013.1
20240518T2200,11.550245,96.853264,1013.6
20240518T2300,11.130245,97.8177,1013.5
20240519T0000,10.670245,98.33361,1013.2
20240519T0100,10.030245,99.25313,1013.2
20240519T0200,9.900246,99.51948,1013.1
20240519T0300,10.3102455,98.724266,1013.0
20240519T0400,10.600245,98.20034,1013.1
20240519T0500,11.530245,95.05741,1013.5
20240519T0600,12.900246,90.79877,1013.7
20240519T0700,14.170245,86.611465,1013.8
20240519T0800,15.380245,79.289696,1013.6
20240519T0900,16.540245,70.816536,1013.4
20240519T1000,17.450245,64.24716,1013.3
20240519T1100,18.650246,59.04112,1012.8
20240519T1200,19.560246,56.33221,1012.2
20240519T1300,20.180244,54.525562,1011.5
20240519T1400,20.830246,52.442295,1011.1
20240519T1500,21.310246,49.665016,1010.8
20240519T1600,21.380245,49.351887,1010.8
20240519T1700,20.720245,52.69454,1010.5
20240519T1800,19.070246,59.57989,1010.7
20240519T1900,17.130245,64.7372,1010.8
20240519T2000,14.870245,76.56365,1011.3
20240519T2100,13.730246,80.274216,1011.8
20240519T2200,12.140245,90.924995,1012.0
20240519T2300,11.360246,92.53289,1011.5
20240520T0000,10.620245,93.74409,1011.5
20240520T0100,10.440246,94.178665,1011.5
20240520T0200,9.970245,94.666245,1011.5
20240520T0300,9.580245,94.77593,1011.4
20240520T0400,9.610246,94.71298,1011.0
20240520T0500,11.240245,93.33765,1011.2
20240520T0600,13.190246,89.62118,1011.2
20240520T0700,15.840245,79.04294,1010.9
20240520T0800,17.910246,72.449814,1010.8
20240520T0900,19.640245,67.42176,1010.5
20240520T1000,21.070246,61.817337,1010.4
20240520T1100,21.810246,59.026142,1010.0
20240520T1200,22.520245,54.692474,1008.9
20240520T1300,23.010244,53.64417,1007.9
20240520T1400,23.320246,53.478172,1007.2
20240520T1500,23.770245,51.16024,1006.9
20240520T1600,23.440245,50.271915,1007.2
20240520T1700,22.030245,56.83973,1006.9
20240520T1800,20.570246,62.681816,1006.8
20240520T1900,19.060246,69.09263,1007.1
20240520T2000,17.630245,76.957016,1007.1
20240520T2100,17.430244,76.92545,1007.5
20240520T2200,16.220245,83.75065,1007.5
20240520T2300,14.880245,88.93468,1008.3
20240521T0000,14.130245,92.395096,1008.9
20240521T0100,13.760245,95.46308,1008.8
20240521T0200,13.500245,95.51618,1008.9
20240521T0300,13.280245,96.2662,1008.6
20240521T0400,13.0602455,96.83227,1008.6
20240521T0500,13.220245,96.70924,1008.7
20240521T0600,13.520246,96.59067,1008.9
20240521T0700,14.000245,95.40941,1009.2
20240521T0800,14.520246,93.759384,1009.1
20240521T0900,15.010245,91.78514,1009.1
20240521T1000,15.820246,82.231064,1009.2
20240521T1100,16.790245,77.17861,1009.2
20240521T1200,17.480246,73.718864,1009.0
20240521T1300,18.040245,72.8553,1008.8
20240521T1400,18.640245,68.6014,1008.6
20240521T1500,19.080246,65.08163,1008.3
20240521T1600,19.030245,64.94188,1008.2
20240521T1700,18.430244,69.83492,1008.0
20240521T1800,17.180244,76.93635,1008.5
20240521T1900,15.180245,84.29226,1008.9
20240521T2000,14.150246,87.76386,1009.3
20240521T2100,14.110246,86.54803,1009.9
20240521T2200,13.820246,90.08803,1010.2
20240521T2300,13.920245,87.8588,1009.8
20240522T0000,13.730246,87.78288,1010.3
20240522T0100,13.700245,88.59925,1010.3
20240522T0200,13.670245,88.71421,1010.8
20240522T0300,13.690246,88.774796,1011.1
20240522T0400,13.630245,88.9464,1011.6
20240522T0500,13.790245,89.255066,1012.1
20240522T0600,14.420245,86.40777,1012.5
20240522T0700,14.890245,83.70352,1013.0
20240522T0800,15.8102455,77.58682,1013.4
20240522T0900,16.320246,74.10055,1013.1
20240522T1000,16.820246,69.19215,1013.5
20240522T1100,17.530245,65.610435,1013.6
20240522T1200,17.840246,62.46956,1013.7
20240522T1300,18.410246,59.939587,1013.6
20240522T1400,18.800245,61.125454,1013.2
20240522T1500,18.940245,60.955215,1013.2
20240522T1600,18.700245,62.585083,1013.3
20240522T1700,18.590246,63.187336,1013.2
20240522T1800,17.510244,69.60722,1013.9
20240522T1900,15.030245,81.53312,1014.3
20240522T2000,13.620245,86.44052,1015.2
20240522T2100,13.570246,86.14804,1015.6
20240522T2200,12.230246,89.66232,1016.3
20240522T2300,11.800245,91.57319,1016.2
20240523T0000,11.370245,93.78456,1016.4
20240523T0100,10.910245,94.520226,1015.8
20240523T0200,10.510245,95.46176,1016.0
20240523T0300,10.050245,95.89536,1016.2
20240523T0400,10.020246,96.08897,1016.2
20240523T0500,11.020246,94.20833,1016.3
20240523T0600,12.530245,92.29713,1016.8
20240523T0700,13.590245,89.89145,1017.1
20240523T0800,14.450245,86.58237,1017.3
20240523T0900,14.760245,84.690674,1017.3
20240523T1000,14.860246,83.9217,1017.7
20240523T1100,15.600245,81.44732,1017.6
20240523T1200,16.150246,79.454475,1017.8
20240523T1300,16.350246,76.14665,1017.7
20240523T1400,16.550245,74.98034,1017.3
20240523T1500,16.640245,73.56962,1017.6
20240523T1600,16.230246,73.39844,1017.3
20240523T1700,15.850245,74.41293,1017.2
20240523T1800,15.0602455,82.405685,1017.5
20240523T1900,13.880245,88.55635,1017.7
20240523T2000,13.400246,91.68128,1018.4
20240523T2100,12.280245,96.23363,1018.6
20240523T2200,11.590245,96.9191,1018.9
20240523T2300,10.920245,97.35515,1018.9
20240524T0000,10.870245,97.35381,1018.8
20240524T0100,10.910245,97.15927,1018.6
20240524T0200,11.180245,96.45396,1018.7
20240524T0300,11.140245,96.77617,1018.6
20240524T0400,11.210245,96.39041,1018.9
20240524T0500,11.600245,96.21053,1019.0
20240524T0600,12.700245,93.79157,1019.1
20240524T0700,14.3102455,89.65178,1019.2
20240524T0800,15.700245,81.945335,1019.0
20240524T0900,16.790245,72.67582,1018.8
20240524T1000,17.390245,71.83048,1018.6
20240524T1100,17.450245,68.31361,1017.9
20240524T1200,17.210245,63.59265,1017.8
20240524T1300,16.630245,67.147705,1018.0
20240524T1400,16.320246,71.43797,1018.4
20240524T1500,17.010244,70.48486,1018.2
20240524T1600,17.070246,69.89031,1018.2
20240524T1700,16.430246,73.67863,1017.8
20240524T1800,15.540245,79.892944,1018.2
20240524T1900,14.090245,82.50053,1018.2
20240524T2000,12.680245,87.97749,1018.5
20240524T2100,12.440246,88.72441,1018.9
20240524T2200,10.390245,94.8145,1019.4
20240524T2300,9.550245,96.659645,1019.4
20240525T0000,8.580245,98.29018,1019.1
20240525T0100,8.550245,98.42376,1018.9
20240525T0200,8.200246,98.6859,1018.9
20240525T0300,8.400246,98.28612,1019.0
20240525T0400,8.530246,98.08795,1019.0
20240525T0500,10.070246,95.4432,1018.9
20240525T0600,12.180245,90.98878,1018.9
20240525T0700,14.400246,86.17738,1019.1
20240525T0800,16.240246,78.68575,1018.8
20240525T0900,17.640245,67.45071,1018.5
20240525T1000,18.350245,61.964195,1018.2
20240525T1100,18.620245,58.6785,1018.0
20240525T1200,19.190245,56.692825,1017.5
20240525T1300,20.190245,52.872845,1017.2
20240525T1400,20.640245,51.244965,1016.8
20240525T1500,21.090246,51.022842,1016.7
20240525T1600,20.920246,50.80645,1016.5
20240525T1700,20.420246,54.260532,1016.5
20240525T1800,19.170246,59.20781,1017.1
20240525T1900,15.470245,77.37897,1017.5
20240525T2000,13.790245,82.35168,1017.7
20240525T2100,12.480246,88.01769,1018.1
20240525T2200,12.130245,92.14864,1018.0
20240525T2300,11.240245,94.66303,1018.0
20240526T0000,10.480246,97.212425,1017.8
20240526T0100,10.510245,96.5613,1018.1
20240526T0200,9.980246,95.89262,1017.8
20240526T0300,9.420245,96.2621,1017.5
20240526T0400,9.8102455,94.08185,1017.7
20240526T0500,11.160245,89.75478,1017.9
20240526T0600,14.110246,81.463806,1018.1
20240526T0700,16.560246,74.487366,1018.1
20240526T0800,18.680244,67.66714,1018.1
20240526T0900,20.290245,61.718426,1017.9
20240526T1000,21.450245,56.995205,1018.0
20240526T1100,22.000246,54.99315,1018.0
20240526T1200,21.940245,54.724556,1017.7
20240526T1300,20.960245,56.87315,1017.6
20240526T1400,20.550245,59.30635,1017.4
20240526T1500,20.590246,62.892185,1017.6
20240526T1600,20.530245,63.916897,1017.9
20240526T1700,19.560246,69.55402,1017.9
20240526T1800,18.140245,78.86254,1018.4
20240526T1900,17.250246,80.60588,1018.3
20240526T2000,15.470245,89.50846,1018.6
20240526T2100,14.960245,90.707565,1019.1
20240526T2200,15.210245,92.8813,1019.3
20240526T2300,15.840245,90.356995,1019.6
20240527T0000,15.620245,91.16847,1019.6
20240527T0100,15.320246,91.6252,1019.5
20240527T0200,14.530245,95.928535,1019.3
20240527T0300,14.400246,96.741714,1019.2
20240527T0400,14.230246,96.990265,1019.3
20240527T0500,14.680245,95.68363,1019.3
20240527T0600,15.530245,92.41687,1019.6
20240527T0700,16.820246,83.711365,1019.5
20240527T0800,17.740246,79.11288,1019.4
20240527T0900,18.300245,74.93232,1019.1
20240527T1000,18.220245,74.47948,1019.3
20240527T1100,18.440245,73.98379,1018.7
20240527T1200,18.800245,73.75724,1018.4
20240527T1300,19.760244,68.51244,1017.7
20240527T1400,20.230246,63.307804,1017.2
20240527T1500,20.430244,65.417,1017.0
20240527T1600,19.000246,71.56568,1017.2
20240527T1700,18.360245,74.406136,1017.4
20240527T1800,17.690245,76.76541,1018.0
20240527T1900,16.390245,81.01839,1018.4
20240527T2000,15.220245,84.5194,1019.2
20240527T2100,14.420245,86.29353,1019.6
20240527T2200,13.800245,86.51647,1020.4
20240527T2300,13.440246,85.16292,1020.8
20240528T0000,13.050245,84.83449,1021.3
20240528T0100,12.440246,86.25958,1021.5
20240528T0200,11.5602455,88.34703,1021.6
20240528T0300,11.620245,87.64012,1021.7
20240528T0400,11.190246,89.092575,1021.8
20240528T0500,12.010245,86.44664,1022.2
20240528T0600,13.700245,79.625786,1022.5
20240528T0700,15.040245,70.42752,1022.5
20240528T0800,16.010246,62.462883,1022.6
20240528T0900,17.100245,56.043053,1022.2
20240528T1000,17.860245,56.010715,1021.8
20240528T1100,18.680244,53.4052,1021.1
20240528T1200,19.340246,50.036537,1020.8
20240528T1300,20.040245,48.061943,1020.3
20240528T1400,20.580246,44.828915,1019.7
20240528T1500,20.950245,42.71962,1019.4
20240528T1600,21.110245,42.299667,1019.0
20240528T1700,21.020245,42.477085,1018.8
20240528T1800,19.600245,50.5173,1018.7
20240528T1900,17.200245,62.36227,1018.6
20240528T2000,16.670246,62.237915,1019.1
20240528T2100,15.070246,69.81828,1019.1
20240528T2200,12.790245,81.22836,1019.1
20240528T2300,12.090245,87.097786,1018.9
20240529T0000,11.580245,90.517624,1018.3
20240529T0100,11.190246,93.39757,1018.0
20240529T0200,11.360246,93.78401,1017.8
20240529T0300,11.470245,93.4133,1017.6
20240529T0400,11.490245,93.916756,1017.2
20240529T0500,12.5602455,89.92937,1017.0
20240529T0600,13.520246,88.642265,1017.1
20240529T0700,14.710245,86.15248,1017.0
20240529T0800,15.980246,80.696846,1016.5
20240529T0900,17.010244,75.654564,1016.2
20240529T1000,16.650246,75.196,1016.5
20240529T1100,15.820246,81.58394,1016.4
20240529T1200,15.920245,82.13573,1016.4
20240529T1300,15.570246,85.45216,1016.0
20240529T1400,16.050245,85.224045,1015.2
20240529T1500,16.280245,84.52794,1014.4
20240529T1600,16.460245,84.21755,1013.9
20240529T1700,16.300245,85.4737,1013.5
20240529T1800,16.030245,87.192764,1013.2
20240529T1900,15.360246,89.616844,1012.5
20240529T2000,14.8102455,91.83259,1012.3
20240529T2100,14.580245,93.1509,1011.8
20240529T2200,14.210245,95.79258,1011.1
20240529T2300,14.180245,95.79156,1010.2
20240530T0000,14.350245,94.61441,1009.4
20240530T0100,14.630245,92.60648,1009.4
20240530T0200,14.770246,92.917786,1009.2
20240530T0300,14.670245,94.012115,1008.7
20240530T0400,14.570246,94.31516,1008.6
20240530T0500,14.860246,94.20516,1008.5
20240530T0600,15.160245,93.485634,1008.1
20240530T0700,15.380245,93.072014,1008.1
20240530T0800,15.830245,91.12321,1008.0
20240530T0900,16.390245,88.42514,1007.7
20240530T1000,16.580246,89.65268,1007.4
20240530T1100,17.190245,86.737976,1007.0
20240530T1200,17.670246,81.770706,1007.1
20240530T1300,17.980246,78.175095,1007.1
20240530T1400,17.660246,74.18807,1006.7
20240530T1500,17.300245,75.20664,1006.5
20240530T1600,16.670246,79.3208,1006.7
20240530T1700,16.340246,78.49349,1007.3
20240530T1800,15.8102455,79.667915,1008.2
20240530T1900,14.350245,83.47214,1008.7
20240530T2000,13.220245,86.34153,1009.5
20240530T2100,12.440246,88.78385,1010.0
20240530T2200,12.370245,89.015884,1010.1
20240530T2300,12.160245,89.53643,1010.8
20240531T0000,11.860246,89.87291,1010.6
20240531T0100,11.570246,90.882866,1010.6
20240531T0200,11.490245,90.81577,1010.8
20240531T0300,11.320246,91.29359,1010.7
20240531T0400,11.290245,91.66103,1010.8
20240531T0500,11.400246,90.68678,1011.0
20240531T0600,11.730246,90.34686,1011.4
20240531T0700,12.220245,87.63936,1011.7
20240531T0800,12.410245,84.93203,1011.9
20240531T0900,12.780245,83.6712,1011.9
20240531T1000,13.420245,83.46957,1012.0
20240531T1100,14.120245,84.899445,1011.9
20240531T1200,14.910245,80.22809,1012.1
20240531T1300,15.570246,75.41254,1011.9
20240531T1400,15.870245,76.87946,1012.0
20240531T1500,15.960245,75.478615,1012.1
20240531T1600,15.750245,78.14511,1012.1
20240531T1700,15.550245,80.797676,1012.2
20240531T1800,14.410245,87.61425,1012.9
20240531T1900,13.460245,92.782875,1013.4
20240531T2000,13.050245,94.18267,1014.1
20240531T2100,12.830245,94.735306,1014.4
20240531T2200,12.580245,95.92527,1015.0
20240531T2300,12.480246,96.11274,1015.2
20240601T0000,12.470245,95.47696,1015.0
20240601T0100,12.230246,96.104164,1015.1
20240601T0200,12.370245,95.5365,1015.2
20240601T0300,12.450245,95.92068,1015.2
20240601T0400,12.510245,95.9228,1015.3
20240601T0500,12.790245,95.42616,1015.8
20240601T0600,13.260245,93.82005,1016.4
20240601T0700,13.860246,90.6284,1016.6
20240601T0800,14.490245,89.01909,1016.7
20240601T0900,15.210245,87.05763,1016.5
20240601T1000,16.340246,76.95477,1016.9
20240601T1100,17.460245,71.32325,1016.8
20240601T1200,17.850245,68.35029,1017.0
20240601T1300,17.880245,68.17553,1016.9
20240601T1400,17.500246,70.02158,1016.9
20240601T1500,16.970245,76.097664,1017.1
20240601T1600,17.130245,77.84248,1017.3
20240601T1700,16.780245,81.65601,1017.6
20240601T1800,16.160246,87.94644,1017.7
20240601T1900,15.210245,93.12362,1018.3
20240601T2000,14.670245,94.44291,1019.1
20240601T2100,14.360246,95.92295,1019.2
20240601T2200,14.130245,96.22966,1019.7
20240601T2300,14.050245,96.54262,1019.1
20240602T0000,13.900246,96.85501,1018.9
20240602T0100,13.760245,96.66095,1018.7
20240602T0200,13.980246,95.47125,1018.7
20240602T0300,13.950245,95.72086,1018.4
20240602T0400,13.970245,95.15832,1018.5
20240602T0500,13.980246,95.78467,1018.6
20240602T0600,14.190246,95.22927,1019.0
20240602T0700,14.400246,94.30752,1019.4
20240602T0800,14.920245,94.085144,1019.4
20240602T0900,15.730246,90.46672,1019.5
20240602T1000,15.5602455,94.11432,1019.5
20240602T1100,16.010246,91.96638,1019.7
20240602T1200,16.230246,92.5166,1019.2
20240602T1300,16.870245,91.132805,1018.9
20240602T1400,17.140245,90.91611,1018.5
20240602T1500,16.950245,92.20004,1018.4
20240602T1600,16.930244,92.97278,1017.8
20240602T1700,16.880245,93.5095,1017.9
20240602T1800,16.690245,95.68819,1018.1
20240602T1900,16.060246,97.5342,1018.4
20240602T2000,15.780245,97.46614,1018.9
20240602T2100,15.600245,97.08572,1019.1
20240602T2200,15.370245,96.579094,1018.7
20240602T2300,15.080245,96.7595,1018.9
20240603T0000,14.640245,96.18253,1018.7
20240603T0100,14.230246,95.66802,1018.4
20240603T0200,13.920245,95.782616,1018.4
20240603T0300,13.760245,95.27514,1018.0
20240603T0400,13.650246,94.14911,1018.2
20240603T0500,13.680245,93.28628,1018.4
20240603T0600,13.880245,91.65228,1018.8
20240603T0700,13.980246,90.87664,1019.2
20240603T0800,14.010245,89.33228,1019.2
20240603T0900,14.470245,86.24163,1019.1
20240603T1000,15.080245,82.4628,1019.4
20240603T1100,15.670245,81.02778,1019.5
20240603T1200,16.320246,77.97453,1019.2
20240603T1300,16.670246,77.05806,1018.9
20240603T1400,17.060246,76.31291,1018.6
20240603T1500,17.150246,76.377686,1018.2
20240603T1600,17.130245,76.324265,1018.0
20240603T1700,17.160246,77.490524,1018.0
20240603T1800,16.790245,79.28615,1018.0
20240603T1900,15.690246,86.81913,1018.2
20240603T2000,14.550245,92.35949,1018.2
20240603T2100,14.420245,92.59436,1018.4
20240603T2200,14.3102455,89.59273,1018.4
20240603T2300,13.850245,91.04754,1018.2
20240604T0000,13.530245,92.11512,1017.7
20240604T0100,13.140245,93.31872,1017.5
20240604T0200,12.290245,95.53339,1017.1
20240604T0300,12.200245,96.74362,1016.6
20240604T0400,12.580245,96.43497,1016.6
20240604T0500,13.200245,95.127556,1016.5
20240604T0600,14.150246,91.60963,1016.5
20240604T0700,15.470245,85.21726,1016.5
20240604T0800,16.760244,80.17054,1016.1
20240604T0900,17.860245,76.842514,1015.8
20240604T1000,19.030245,71.38457,1015.4
20240604T1100,20.270245,66.93779,1015.1
20240604T1200,21.130245,62.603806,1014.3
20240604T1300,21.640245,60.866707,1013.7
20240604T1400,22.330246,58.72796,1013.4
20240604T1500,22.660246,56.809685,1013.0
20240604T1600,22.700245,56.782482,1012.6
20240604T1700,22.420246,58.82624,1012.3
20240604T1800,21.310246,61.590126,1012.3
20240604T1900,19.550245,67.44734,1012.3
20240604T2000,16.490246,82.910645,1012.8
20240604T2100,15.170245,88.20405,1013.3
20240604T2200,14.620245,91.34023,1013.7
20240604T2300,14.260245,92.58508,1014.0
20240605T0000,13.710245,93.47246,1014.1
20240605T0100,13.250245,94.50377,1014.1
20240605T0200,12.860246,94.92498,1014.1
20240605T0300,13.000245,94.68011,1014.0
20240605T0400,13.170245,93.69151,1014.1
20240605T0500,14.650246,90.210464,1014.6
20240605T0600,16.610245,84.619865,1014.8
20240605T0700,18.380245,75.387,1015.1
20240605T0800,20.110245,68.35967,1015.0
20240605T0900,21.420246,63.863533,1014.9
20240605T1000,22.540245,59.277924,1014.5
20240605T1100,22.920246,59.060825,1014.4
20240605T1200,23.030245,59.509853,1014.1
20240605T1300,23.610245,58.35112,1013.7
20240605T1400,23.960245,56.540607,1013.5
20240605T1500,24.460245,53.8401,1013.4
20240605T1600,24.260244,54.06948,1013.4
20240605T1700,23.580246,57.668087,1013.4
20240605T1800,22.410246,59.595104,1013.9
20240605T1900,20.010244,70.78197,1014.4
20240605T2000,17.820246,77.79514,1015.1
20240605T2100,16.780245,79.91107,1016.0
20240605T2200,16.000246,83.61508,1016.5
20240605T2300,15.070246,88.25309,1016.7
20240606T0000,14.150246,91.66993,1016.6
20240606T0100,13.930245,93.915115,1016.6
20240606T0200,13.450245,95.0124,1016.5
20240606T0300,12.800245,95.869576,1016.4
20240606T0400,12.790245,95.80582,1016.6
20240606T0500,14.360246,92.77329,1016.8
20240606T0600,16.350246,86.71332,1017.1
20240606T0700,18.750246,76.23648,1017.2
20240606T0800,20.770245,68.22603,1017.1
20240606T0900,22.340246,60.398125,1016.9
20240606T1000,23.540245,53.639893,1016.3
20240606T1100,24.580246,49.267853,1016.0
20240606T1200,25.140245,49.031757,1015.6
20240606T1300,25.510244,48.938908,1015.3
20240606T1400,25.510244,51.44901,1015.6
20240606T1500,25.070246,55.121067,1015.8
20240606T1600,24.530245,58.00923,1015.9
20240606T1700,23.650246,59.73289,1016.4
20240606T1800,22.150246,63.899704,1016.8
20240606T1900,20.380245,69.12834,1016.9
20240606T2000,19.270245,74.997246,1017.5
20240606T2100,18.220245,81.471176,1017.8
20240606T2200,17.340246,87.709694,1017.4
20240606T2300,16.080246,92.80803,1017.7
20240607T0000,15.730246,93.81753,1017.9
20240607T0100,15.660245,95.77851,1017.8
20240607T0200,15.640245,96.1502,1017.6
20240607T0300,15.480246,95.8347,1018.0
20240607T0400,15.370245,94.78031,1018.0
20240607T0500,16.080246,91.79201,1018.3
20240607T0600,17.550245,82.877525,1018.7
20240607T0700,19.280245,77.513336,1019.1
20240607T0800,20.730246,70.36993,1019.0
20240607T0900,22.180244,63.700043,1018.8
20240607T1000,23.290245,58.274193,1019.0
20240607T1100,23.960245,55.164356,1018.5
20240607T1200,24.940245,51.836674,1017.9
20240607T1300,25.550245,49.94682,1017.2
20240607T1400,25.940245,48.42012,1016.6
20240607T1500,26.110245,47.56023,1016.4
20240607T1600,25.890245,47.22279,1015.8
20240607T1700,25.220245,48.006405,1015.6
20240607T1800,23.850245,52.884377,1016.0
20240607T1900,23.030245,45.183804,1016.3
20240607T2000,20.700245,54.333138,1016.8
20240607T2100,18.320246,66.57169,1017.1
20240607T2200,17.900246,69.96129,1017.3
20240607T2300,16.840246,76.377716,1017.3
20240608T0000,16.100246,81.56712,1017.1
20240608T0100,15.0602455,86.985954,1016.5
20240608T0200,14.630245,89.26532,1015.8
20240608T0300,14.3102455,91.319435,1015.5
20240608T0400,14.270246,92.039955,1015.4
20240608T0500,15.740245,88.77397,1015.0
20240608T0600,17.560246,78.983734,1014.7
20240608T0700,19.660246,71.31619,1014.4
20240608T0800,21.400246,67.5626,1014.0
20240608T0900,22.780245,65.40938,1013.3
20240608T1000,23.220245,64.95958,1012.7
20240608T1100,22.370245,67.02364,1012.2
20240608T1200,22.460245,71.873764,1012.2
20240608T1300,21.440245,79.12876,1011.9
20240608T1400,21.280245,80.72544,1011.4
20240608T1500,21.470245,81.87834,1011.1
20240608T1600,21.440245,83.75134,1010.9
20240608T1700,20.880245,86.151375,1010.9
20240608T1800,19.830246,89.43761,1011.0
20240608T1900,19.000246,91.209724,1011.2
20240608T2000,18.430244,92.69448,1011.7
20240608T2100,17.920246,97.3189,1011.8
20240608T2200,17.970245,97.69051,1012.5
20240608T2300,18.040245,95.97295,1012.0
20240609T0000,17.460245,98.368324,1012.0
20240609T0100,17.420246,98.24292,1011.7
20240609T0200,17.490246,98.36863,1010.9
20240609T0300,17.160246,97.61579,1010.5
20240609T0400,17.220245,96.68748,1010.1
20240609T0500,17.050245,95.02812,1009.9
20240609T0600,17.110245,91.97253,1009.6
20240609T0700,17.190245,90.22016,1009.4
20240609T0800,17.810246,87.58212,1009.0
20240609T0900,18.480246,83.36375,1008.4
20240609T1000,19.830246,74.99329,1008.6
20240609T1100,20.160246,74.758575,1008.2
20240609T1200,20.190245,73.85416,1008.1
20240609T1300,20.280245,73.347786,1007.5
20240609T1400,20.500246,73.48058,1007.5
20240609T1500,20.540245,72.96909,1007.2
20240609T1600,19.880245,77.80356,1006.9
20240609T1700,19.490246,80.28427,1006.8
20240609T1800,18.700245,82.00669,1006.9
20240609T1900,17.790245,85.73903,1007.2
20240609T2000,16.840246,90.48659,1007.7
20240609T2100,16.420246,91.398315,1007.8
20240609T2200,16.280245,91.094025,1008.0
20240609T2300,16.160246,89.91194,1008.3
20240610T0000,15.940246,86.73001,1008.4
20240610T0100,15.370245,84.982574,1008.4
20240610T0200,14.700245,85.18938,1008.5
20240610T0300,13.960245,84.88141,1008.6
20240610T0400,13.390245,85.2142,1009.1
20240610T0500,13.720245,84.06572,1009.7
20240610T0600,15.070246,77.47019,1010.0
20240610T0700,16.600245,68.320595,1010.3
20240610T0800,17.970245,62.12436,1010.3
20240610T0900,19.020245,57.2999,1010.1
20240610T1000,20.000246,52.046173,1009.9
20240610T1100,20.580246,49.465965,1010.0
20240610T1200,21.110245,47.388794,1009.6
20240610T1300,21.620245,45.614098,1009.2
20240610T1400,21.770245,46.058586,1008.8
20240610T1500,21.770245,45.87247,1008.6
20240610T1600,21.320246,48.18819,1008.7
20240610T1700,20.470245,49.469273,1009.0
20240610T1800,19.540245,51.53803,1009.6
20240610T1900,18.300245,57.54361,1010.5
20240610T2000,17.240246,60.95862,1011.7
20240610T2100,15.880245,65.9111,1012.6
20240610T2200,14.610246,71.30002,1013.1
20240610T2300,13.680245,73.92624,1013.8
20240611T0000,12.980246,76.14504,1014.4
20240611T0100,12.320246,78.507355,1014.7
20240611T0200,11.710245,81.29812,1014.7
20240611T0300,11.290245,81.79563,1014.8
20240611T0400,10.910245,83.66545,1015.1
20240611T0500,10.980246,81.808815,1015.5
20240611T0600,11.710245,77.55776,1016.0
20240611T0700,12.500245,73.05691,1016.6
20240611T0800,13.510245,67.483116,1016.7
20240611T0900,14.400246,62.03757,1016.6
20240611T1000,15.500245,57.30096,1016.4
20240611T1100,16.410246,54.08706,1016.4
20240611T1200,16.610245,53.62123,1016.0
20240611T1300,17.220245,51.50617,1016.0
20240611T1400,17.180244,51.77976,1015.9
20240611T1500,17.100245,54.307793,1015.8
20240611T1600,16.810246,56.971092,1015.9
20240611T1700,16.150246,60.613033,1016.1
20240611T1800,15.440246,68.355194,1016.6
20240611T1900,13.860246,74.91541,1016.9
20240611T2000,12.530245,79.559326,1017.8
20240611T2100,12.500245,81.7942,1018.4
20240611T2200,12.010245,82.507195,1019.1
20240611T2300,11.410245,84.64328,1019.0
20240612T0000,10.860246,85.156364,1018.7
20240612T0100,10.190246,86.783775,1018.8
20240612T0200,9.530245,87.9731,1018.4
20240612T0300,9.160245,89.21558,1018.4
20240612T0400,8.760245,89.6723,1018.7
20240612T0500,9.780245,88.238945,1018.7
20240612T0600,11.990245,83.74327,1019.0
20240612T0700,14.280245,69.99018,1019.1
20240612T0800,15.960245,59.623184,1019.0
20240612T0900,16.780245,52.96958,1018.8
20240612T1000,17.370245,49.117027,1018.2
20240612T1100,17.940245,46.755817,1018.1
20240612T1200,18.280245,44.35534,1017.6
20240612T1300,18.760244,41.736076,1017.4
20240612T1400,19.240246,40.66854,1017.0
20240612T1500,19.400246,40.29166,1016.7
20240612T1600,18.900246,42.7182,1016.6
20240612T1700,18.320246,45.269436,1016.6
20240612T1800,17.330246,48.800793,1016.8
20240612T1900,15.840245,53.82263,1017.4
20240612T2000,14.030245,62.549946,1018.4
20240612T2100,13.080245,68.842125,1018.9
20240612T2200,11.800245,73.88467,1018.8
20240612T2300,11.550245,76.58021,1018.8
20240613T0000,11.690246,73.3572,1018.8
20240613T0100,10.490245,80.5139,1019.1
20240613T0200,9.800245,84.74036,1019.1
20240613T0300,10.3102455,79.98954,1019.1
20240613T0400,9.830245,81.98748,1019.3
20240613T0500,10.660245,79.87715,1019.5
20240613T0600,12.480246,73.10322,1019.9
20240613T0700,14.360246,67.02301,1019.9
20240613T0800,15.950245,61.85705,1019.8
20240613T0900,16.990246,56.091106,1019.5
20240613T1000,18.270245,47.011612,1018.7
20240613T1100,18.910246,43.924004,1018.2
20240613T1200,19.530245,40.245384,1017.8
20240613T1300,20.290245,38.54593,1017.3
20240613T1400,20.950245,36.770638,1016.7
20240613T1500,21.150246,36.344757,1016.1
20240613T1600,21.410246,36.87919,1015.6
20240613T1700,20.760244,42.46067,1015.3
20240613T1800,19.140245,51.956173,1015.0
20240613T1900,16.130245,65.301796,1014.7
20240613T2000,14.320246,69.71364,1014.6
20240613T2100,12.460245,77.36307,1014.8
20240613T2200,12.010245,83.57588,1014.5
20240613T2300,11.090245,89.627686,1014.7
20240614T0000,11.790245,88.84555,1014.5
20240614T0100,12.100245,86.68932,1013.9
20240614T0200,12.350245,86.773415,1013.5
20240614T0300,12.380245,87.1854,1013.2
20240614T0400,12.730246,88.454025,1013.5
20240614T0500,13.3102455,87.80191,1013.8
20240614T0600,13.860246,85.9496,1014.0
20240614T0700,14.150246,86.037254,1014.1
20240614T0800,14.670245,84.34489,1014.3
20240614T0900,15.910245,80.42169,1014.4
20240614T1000,17.960245,71.55901,1013.8
20240614T1100,18.850245,67.70224,1013.6
20240614T1200,19.070246,66.161545,1013.1
20240614T1300,18.890245,68.15732,1013.2
20240614T1400,19.600245,67.28119,1012.6
20240614T1500,20.700245,63.24741,1012.2
20240614T1600,20.630245,63.688602,1011.5
20240614T1700,20.820246,62.043835,1010.7
20240614T1800,19.650246,66.371925,1010.3
20240614T1900,18.510244,73.03532,1009.9
20240614T2000,17.580246,77.86024,1010.0
20240614T2100,17.170246,82.99322,1009.8
20240614T2200,16.510246,88.95299,1009.0
20240614T2300,15.640245,91.645515,1008.4
20240615T0000,15.140245,94.52477,1008.6
20240615T0100,14.570246,97.06184,1008.1
20240615T0200,14.640245,96.93723,1008.6
20240615T0300,14.590245,95.49347,1009.6
20240615T0400,14.160245,91.42959,1010.3
20240615T0500,13.860246,90.6284,1010.4
20240615T0600,14.290245,88.18368,1011.7
20240615T0700,15.110246,83.23345,1012.0
20240615T0800,16.080246,73.03005,1012.5
20240615T0900,17.110245,63.058853,1012.1
20240615T1000,17.930244,58.863853,1012.4
20240615T1100,18.790245,56.211582,1011.8
20240615T1200,19.320246,54.44823,1011.3
20240615T1300,19.680244,54.578613,1011.2
20240615T1400,19.840246,53.928154,1011.3
20240615T1500,19.670246,54.502754,1010.9
20240615T1600,19.600245,54.7046,1011.0
20240615T1700,19.110245,54.87224,1011.0
20240615T1800,18.390245,57.527462,1011.3
20240615T1900,16.670246,67.20122,1011.6
20240615T2000,15.230246,72.14376,1012.0
20240615T2100,13.970245,80.308556,1012.6
20240615T2200,13.920245,82.86495,1012.6
20240615T2300,13.580245,85.406044,1012.7
20240616T0000,13.630245,87.308205,1012.4
20240616T0100,13.540245,88.05721,1012.6
20240616T0200,12.920245,89.53948,1012.7
20240616T0300,13.120245,88.84341,1012.8
20240616T0400,12.970245,89.12693,1012.9
20240616T0500,13.870245,87.273476,1013.1
20240616T0600,15.000245,79.49765,1013.1
20240616T0700,16.070246,70.96198,1012.8
20240616T0800,17.290245,63.867523,1012.8
20240616T0900,18.520245,58.93008,1012.1
20240616T1000,19.800245,55.68116,1011.7
20240616T1100,21.050245,55.298035,1011.1
20240616T1200,21.950245,51.973175,1010.6
20240616T1300,22.420246,49.304775,1010.4
20240616T1400,22.440245,49.244568,1010.2
20240616T1500,21.580246,52.360867,1010.4
20240616T1600,21.050245,56.445736,1010.6
20240616T1700,20.630245,59.87596,1010.9
20240616T1800,19.730246,65.95497,1011.3
20240616T1900,18.570246,75.27126,1011.7
20240616T2000,17.500246,79.1298,1012.2
20240616T2100,16.310246,86.70945,1012.8
20240616T2200,15.930245,91.426125,1012.9
20240616T2300,15.610246,92.78244,1013.1
20240617T0000,15.3102455,92.645164,1013.1
20240617T0100,15.640245,91.76478,1013.4
20240617T0200,15.790245,91.7741,1013.2
20240617T0300,15.860246,92.017006,1013.5
20240617T0400,15.860246,92.19628,1013.7
20240617T0500,16.530245,91.93814,1014.0
20240617T0600,18.030245,85.59795,1014.4
20240617T0700,19.420246,75.90064,1014.6
20240617T0800,20.420246,71.549484,1014.8
20240617T0900,20.780245,69.56579,1014.7
20240617T1000,20.950245,69.19533,1015.2
20240617T1100,20.670246,70.22228,1015.6
20240617T1200,19.340246,78.27564,1015.9
20240617T1300,19.820246,76.94918,1015.7
20240617T1400,20.200245,75.24779,1015.8
20240617T1500,20.320246,74.210106,1015.8
20240617T1600,19.780245,75.616516,1015.5
20240617T1700,19.860245,76.856445,1015.4
20240617T1800,19.540245,79.21621,1015.2
20240617T1900,18.370245,83.243645,1015.2
20240617T2000,17.220245,87.86908,1015.5
20240617T2100,16.640245,90.88267,1015.8
20240617T2200,15.370245,93.98355,1016.0
20240617T2300,15.190246,93.36546,1016.2
20240618T0000,14.770246,95.375534,1016.0
20240618T0100,14.330245,96.29869,1015.5
20240618T0200,14.180245,95.79156,1015.2
20240618T0300,13.930245,95.78296,1015.2
20240618T0400,13.530245,95.58016,1015.0
20240618T0500,15.020246,92.62877,1015.0
20240618T0600,17.600245,85.222824,1014.7
20240618T0700,20.050245,77.2321,1014.4
20240618T0800,22.210245,71.64612,1014.2
20240618T0900,24.170246,65.78392,1013.6
20240618T1000,25.270245,61.422615,1013.3
20240618T1100,26.640245,58.10433,1013.3
20240618T1200,27.630245,53.879246,1013.1
20240618T1300,28.240246,50.360844,1012.4
20240618T1400,29.130245,48.580036,1012.2
20240618T1500,29.740246,44.27677,1011.9
20240618T1600,29.240246,41.464813,1011.3
20240618T1700,27.960245,55.72661,1011.2
20240618T1800,26.020245,57.99423,1011.1
20240618T1900,23.250246,69.50574,1011.4
20240618T2000,22.470245,66.74372,1011.6
20240618T2100,20.020245,79.131615,1012.0
20240618T2200,19.910246,84.81199,1012.1
20240618T2300,19.530245,87.398895,1012.1
20240619T0000,20.510244,84.07313,1013.0
20240619T0100,20.380245,84.646484,1012.9
20240619T0200,19.150246,88.31515,1013.0
20240619T0300,17.780245,92.71965,1012.9
20240619T0400,17.310246,94.25091,1013.3
20240619T0500,18.470245,90.25238,1013.2
20240619T0600,20.010244,83.64552,1013.7
20240619T0700,21.810246,75.03006,1013.7
20240619T0800,23.470245,70.47815,1014.1
20240619T0900,24.660246,67.4419,1014.2
20240619T1000,25.370245,67.836845,1013.6
20240619T1100,26.940245,62.73033,1014.0
20240619T1200,28.800245,55.02641,1014.2
20240619T1300,28.620245,54.81005,1014.3
20240619T1400,28.240246,56.99797,1014.5
20240619T1500,27.840246,57.839504,1014.6
20240619T1600,27.060246,61.243603,1015.1
20240619T1700,26.250246,62.0704,1015.2
20240619T1800,24.440245,67.52594,1015.9
20240619T1900,22.670246,76.123116,1016.4
20240619T2000,20.960245,82.17909,1016.6
20240619T2100,19.780245,85.93707,1017.2
20240619T2200,19.130245,88.70725,1017.2
20240619T2300,18.180244,90.636406,1017.8
20240620T0000,17.770245,90.95757,1018.0
20240620T0100,17.820246,91.48597,1017.5
20240620T0200,17.730246,91.65621,1017.7
20240620T0300,17.580246,91.76464,1017.9
20240620T0400,17.500246,92.23134,1018.1
20240620T0500,17.810246,91.48539,1018.2
20240620T0600,18.460245,89.22152,1018.3
20240620T0700,19.170246,86.75742,1018.4
20240620T0800,20.330246,83.947014,1018.4
20240620T0900,21.220245,82.83506,1018.2
20240620T1000,21.310246,83.78977,1018.7
20240620T1100,22.070246,81.28503,1019.0
20240620T1200,22.790245,78.522675,1018.2
20240620T1300,24.960245,69.52217,1017.5
20240620T1400,25.530245,66.85566,1017.1
20240620T1500,25.600245,67.924225,1016.7
20240620T1600,26.370245,66.68972,1016.0
20240620T1700,24.760244,72.59569,1016.0
20240620T1800,23.630245,77.278404,1016.4
20240620T1900,22.520245,80.37885,1017.1
20240620T2000,22.120245,79.77308,1017.0
20240620T2100,19.900246,87.59735,1016.1
20240620T2200,19.000246,88.64053,1016.2
20240620T2300,17.990246,91.9062,1016.3
20240621T0000,18.230246,92.38959,1015.8
20240621T0100,17.690245,93.60738,1015.2
20240621T0200,17.280245,94.9757,1014.8
20240621T0300,16.610245,94.34257,1014.9
20240621T0400,17.240246,93.82655,1015.1
20240621T0500,18.010244,92.25984,1015.6
20240621T0600,18.150246,91.15657,1015.8
20240621T0700,18.220245,89.889854,1015.7
20240621T0800,18.530245,92.40578,1015.5
20240621T0900,20.130245,88.06066,1015.0
20240621T1000,22.270245,76.44647,1014.7
20240621T1100,23.830246,68.0052,1014.5
20240621T1200,23.370245,70.014915,1014.9
20240621T1300,22.130245,74.229546,1014.3
20240621T1400,21.940245,78.20457,1015.2
20240621T1500,20.680244,80.955414,1014.7
20240621T1600,19.520245,80.59778,1014.5
20240621T1700,18.980246,82.72908,1014.6
20240621T1800,18.850245,84.53714,1015.4
20240621T1900,18.330246,84.9709,1015.8
20240621T2000,17.640245,86.78079,1016.2
20240621T2100,17.150246,88.88983,1016.9
20240621T2200,16.690245,92.542175,1017.4
20240621T2300,16.140245,92.87131,1017.8
20240622T0000,15.400246,93.862885,1018.1
20240622T0100,14.5602455,95.24339,1017.6
20240622T0200,14.370245,95.29846,1017.2
20240622T0300,14.450245,95.363754,1017.0
20240622T0400,14.730246,95.125694,1016.7
20240622T0500,16.020247,92.08626,1016.8
20240622T0600,17.090246,88.37001,1016.6
20240622T0700,17.640245,85.72377,1016.6
20240622T0800,17.110245,87.689224,1016.7
20240622T0900,16.320246,90.567276,1016.5
20240622T1000,16.020247,90.31126,1017.2
20240622T1100,16.000246,93.22517,1017.8
20240622T1200,15.760245,94.001434,1018.1
20240622T1300,15.290245,88.9106,1017.9
20240622T1400,15.440246,87.07973,1018.0
20240622T1500,16.030245,84.27882,1017.3
20240622T1600,16.500246,82.31735,1016.8
20240622T1700,16.960245,80.83017,1016.4
20240622T1800,17.170246,80.75296,1016.4
20240622T1900,15.950245,87.92778,1016.6
20240622T2000,15.170245,91.25742,1017.1
20240622T2100,15.0602455,91.90828,1017.8
20240622T2200,14.700245,90.3327,1018.2
20240622T2300,13.850245,95.780174,1018.0
20240623T0000,13.670245,97.103355,1018.0
20240623T0100,13.490245,97.09887,1017.9
20240623T0200,13.700245,96.78619,1017.9
20240623T0300,13.5602455,95.83304,1018.0
20240623T0400,13.780245,95.02588,1018.2
20240623T0500,14.350245,92.955475,1018.6
20240623T0600,15.330245,89.90784,1018.9
20240623T0700,16.360247,83.76702,1018.9
20240623T0800,17.520245,79.08107,1019.0
20240623T0900,18.390245,72.63241,1018.6
20240623T1000,18.880245,71.965294,1018.6
20240623T1100,19.560246,69.01127,1018.6
20240623T1200,19.890245,69.66382,1018.7
20240623T1300,20.260244,69.91686,1018.5
20240623T1400,20.780245,67.39252,1018.3
20240623T1500,20.890245,67.54627,1018.1
20240623T1600,20.770245,70.55947,1018.0
20240623T1700,20.790245,69.883125,1017.9
20240623T1800,20.250246,73.72177,1018.2
20240623T1900,19.140245,78.34721,1018.3
20240623T2000,17.740246,84.52496,1018.8
20240623T2100,16.660246,89.94916,1018.9
20240623T2200,16.330246,91.92614,1018.7
20240623T2300,16.070246,92.80749,1018.4
20240624T0000,16.040245,92.26661,1018.1
20240624T0100,15.410245,93.315994,1018.0
20240624T0200,14.960245,93.65861,1017.7
20240624T0300,14.860246,92.92272,1017.6
20240624T0400,14.750245,92.97746,1017.5
20240624T0500,16.540245,89.128525,1017.3
20240624T0600,18.290245,83.77226,1017.5
20240624T0700,20.090246,78.7878,1017.2
20240624T0800,21.990246,73.64222,1017.1
20240624T0900,23.590246,67.39911,1016.6
20240624T1000,24.790245,61.706028,1016.2
20240624T1100,25.740246,56.902245,1015.9
20240624T1200,26.550245,54.05554,1015.1
20240624T1300,26.970245,53.100876,1014.7
20240624T1400,27.150246,52.70766,1014.3
20240624T1500,27.410246,51.444557,1013.7
20240624T1600,27.160246,51.94177,1013.5
20240624T1700,26.730246,53.414276,1013.6
20240624T1800,25.440245,57.96693,1013.6
20240624T1900,23.440245,65.464584,1013.7
20240624T2000,21.350245,72.97066,1014.1
20240624T2100,19.970245,78.06696,1014.3
20240624T2200,18.540245,81.93386,1014.1
20240624T2300,17.690245,84.95751,1013.8
20240625T0000,17.030245,86.72264,1013.6
20240625T0100,16.840246,87.32492,1013.2
20240625T0200,16.130245,89.38559,1013.1
20240625T0300,16.110247,89.9666,1012.9
20240625T0400,15.690246,91.11384,1013.0
20240625T0500,17.070246,88.25421,1013.1
20240625T0600,19.530245,78.303566,1013.1
20240625T0700,21.580246,71.16617,1013.1
20240625T0800,23.160246,65.9517,1012.7
20240625T0900,24.390245,62.68649,1012.2
20240625T1000,25.610245,60.57088,1011.8
20240625T1100,26.810246,57.159935,1011.3
20240625T1200,27.760244,54.805916,1011.0
20240625T1300,28.310246,54.63067,1010.6
20240625T1400,28.800245,53.560238,1010.4
20240625T1500,28.420246,55.593277,1010.2
20240625T1600,28.320246,54.667522,1009.9
20240625T1700,27.330246,58.34017,1009.9
20240625T1800,25.400246,64.27351,1010.2
20240625T1900,23.700245,71.77683,1010.8
20240625T2000,21.930244,80.40319,1010.7
20240625T2100,20.810246,83.102104,1010.8
20240625T2200,19.790245,83.408,1011.4
20240625T2300,18.570246,86.258514,1011.4
20240626T0000,17.360245,90.93068,1011.5
20240626T0100,17.020245,90.73265,1011.4
20240626T0200,16.980246,91.02262,1011.1
20240626T0300,16.640245,93.98048,1011.1
20240626T0400,16.770245,94.95696,1011.3
20240626T0500,17.490246,93.2994,1011.4
20240626T0600,19.390245,88.67158,1011.5
20240626T0700,21.100245,85.524826,1011.6
20240626T0800,22.450245,80.11816,1011.5
20240626T0900,23.500246,77.6465,1011.5
20240626T1000,24.090246,77.10542,1011.6
20240626T1100,24.070246,77.535545,1011.3
20240626T1200,23.890245,76.45345,1011.2
20240626T1300,24.360245,73.577576,1011.3
20240626T1400,24.180244,72.042465,1011.0
20240626T1500,24.610245,67.262115,1010.9
20240626T1600,24.890245,66.60105,1010.6
20240626T1700,24.450245,70.34843,1010.8
20240626T1800,23.370245,72.76642,1010.8
20240626T1900,21.790245,81.66003,1010.8
20240626T2000,20.060246,85.421394,1011.1
20240626T2100,19.480246,87.228195,1011.5
20240626T2200,18.480246,91.7009,1011.0
20240626T2300,18.170246,92.68093,1011.2
20240627T0000,17.900246,93.37867,1011.3
20240627T0100,17.500246,94.37928,1012.1
20240627T0200,17.710245,94.56842,1011.9
20240627T0300,18.020245,93.62249,1011.9
20240627T0400,18.130245,93.62748,1012.0
20240627T0500,18.820246,91.25648,1012.0
20240627T0600,21.180244,85.05029,1011.9
20240627T0700,23.230246,77.99684,1012.0
20240627T0800,24.810246,73.83611,1012.1
20240627T0900,26.010244,71.86902,1012.1
20240627T1000,27.080246,69.52788,1011.5
20240627T1100,27.730246,65.16388,1011.4
20240627T1200,28.310246,61.139927,1011.4
20240627T1300,28.240246,57.969746,1011.3
20240627T1400,28.570246,55.874367,1011.3
20240627T1500,29.350245,51.744064,1011.1
20240627T1600,29.720245,50.01248,1011.1
20240627T1700,28.980246,51.584896,1011.3
20240627T1800,27.650246,58.049442,1011.5
20240627T1900,24.690245,71.59263,1012.2
20240627T2000,23.190245,77.94232,1012.9
20240627T2100,22.470245,81.640656,1013.8
20240627T2200,21.150246,83.45607,1014.5
20240627T2300,20.530245,88.14893,1014.7
20240628T0000,19.760244,92.87856,1014.8
20240628T0100,19.280245,94.86603,1014.8
20240628T0200,19.040245,95.27716,1015.0
20240628T0300,19.060246,94.61943,1015.3
20240628T0400,18.870245,95.87461,1015.5
20240628T0500,19.690245,93.63734,1016.0
20240628T0600,21.510244,88.17268,1016.1
20240628T0700,23.410246,79.34842,1016.4
20240628T0800,25.340246,72.33443,1016.7
20240628T0900,26.600245,67.277145,1016.6
20240628T1000,27.930244,63.13948,1016.4
20240628T1100,29.060246,60.702545,1016.2
20240628T1200,28.500246,64.40265,1015.8
20240628T1300,28.410246,64.782,1016.2
20240628T1400,28.470245,63.48934,1016.1
20240628T1500,28.560246,63.822464,1015.9
20240628T1600,28.250246,64.66924,1016.0
20240628T1700,28.580246,63.00507,1016.2
20240628T1800,27.120245,68.72502,1016.5
20240628T1900,24.790245,81.967804,1016.6
20240628T2000,23.250246,85.04525,1016.6
20240628T2100,22.430244,87.4283,1016.5
20240628T2200,21.530245,91.53098,1016.0
20240628T2300,21.000246,92.76428,1016.2
20240629T0000,20.450245,94.61,1016.2
20240629T0100,19.710245,94.99987,1016.3
20240629T0200,19.260244,94.92509,1016.4
20240629T0300,18.860245,94.85134,1016.1
20240629T0400,19.050245,93.60934,1015.4
20240629T0500,19.700245,91.42526,1015.1
20240629T0600,21.450245,85.98917,1014.8
20240629T0700,23.370245,80.488235,1014.2
20240629T0800,25.480246,75.052155,1013.4
20240629T0900,27.250246,70.63736,1012.4
20240629T1000,28.430244,66.93156,1012.2
20240629T1100,29.530245,64.181694,1011.2
20240629T1200,30.060246,63.009678,1011.1
20240629T1300,29.890245,66.686295,1010.3
20240629T1400,28.280245,71.29649,1009.2
20240629T1500,28.680244,71.669754,1008.4
20240629T1600,28.190245,73.34907,1007.2
20240629T1700,26.240246,75.07855,1006.5
20240629T1800,25.910246,78.32431,1005.5
20240629T1900,24.940245,75.80862,1004.7
20240629T2000,21.970245,86.57655,1004.1
20240629T2100,21.970245,85.076645,1003.6
20240629T2200,21.610245,87.30442,1008.7
20240629T2300,20.170246,92.84019,1009.7
20240630T0000,19.680244,88.75062,1009.5
20240630T0100,19.060246,91.386925,1009.1
20240630T0200,19.170246,89.90063,1008.6
20240630T0300,19.270245,86.711494,1008.3
20240630T0400,19.080246,87.47046,1008.9
20240630T0500,19.410246,88.16843,1009.5
20240630T0600,20.060246,84.398186,1009.8
20240630T0700,20.900246,80.52279,1010.0
20240630T0800,21.330246,78.414375,1010.5
20240630T0900,21.460245,77.29717,1011.0
20240630T1000,21.100245,75.73177,1011.5
20240630T1100,20.380245,78.778824,1011.8
20240630T1200,19.440245,83.74139,1012.7
20240630T1300,19.180244,84.03389,1013.6
20240630T1400,19.210245,83.28809,1014.2
20240630T1500,18.900246,82.666405,1014.6
20240630T1600,18.510244,82.67256,1015.1
20240630T1700,17.870245,84.70306,1015.4
20240630T1800,17.470245,85.319405,1015.9
20240630T1900,17.100245,86.00223,1016.3
20240630T2000,16.560246,88.554344,1016.5
20240630T2100,16.270247,90.27074,1016.8
20240630T2200,16.110247,92.151245,1016.9
20240630T2300,15.750245,93.39384,1016.8
20240701T0000,15.530245,94.35748,1016.8
20240701T0100,15.230246,94.283104,1016.6
20240701T0200,15.130245,92.8164,1016.3
20240701T0300,14.970245,92.38429,1016.0
20240701T0400,14.520246,95.1797,1016.2
20240701T0500,15.400246,92.28913,1016.3
20240701T0600,16.900246,86.54163,1016.3
20240701T0700,18.240246,81.57917,1016.7
20240701T0800,19.480246,75.42134,1016.6
20240701T0900,20.720245,67.380226,1016.3
20240701T1000,21.500246,62.361572,1016.2
20240701T1100,22.400246,59.592747,1016.1
20240701T1200,22.670246,55.96405,1015.3
20240701T1300,22.610245,54.143185,1014.9
20240701T1400,21.840246,58.418137,1015.1
20240701T1500,20.380245,68.54732,1015.7
20240701T1600,19.460245,75.51564,1015.8
20240701T1700,19.740246,74.255295,1015.9
20240701T1800,19.390245,74.43645,1016.5
20240701T1900,18.190245,80.419464,1017.2
20240701T2000,16.660246,86.46199,1017.5
20240701T2100,16.130245,87.65788,1018.1
20240701T2200,15.700245,88.07784,1018.5
20240701T2300,15.410245,88.57228,1018.5
20240702T0000,15.540245,86.63405,1018.3
20240702T0100,15.010245,88.363754,1018.1
20240702T0200,14.640245,86.658646,1018.0
20240702T0300,14.930245,84.31913,1018.2
20240702T0400,14.130245,85.69339,1018.2
20240702T0500,14.390245,85.21168,1018.2
20240702T0600,15.610246,80.8593,1018.3
20240702T0700,17.200245,73.23299,1018.3
20240702T0800,18.180244,64.15395,1017.9
20240702T0900,18.660246,59.9198,1017.5
20240702T1000,18.840246,59.92324,1017.6
20240702T1100,19.160246,58.107937,1017.4
20240702T1200,19.100245,58.248764,1017.2
20240702T1300,18.890245,59.935295,1017.1
20240702T1400,18.110245,66.086945,1016.9
20240702T1500,16.980246,73.97161,1016.9
20240702T1600,15.860246,84.53615,1016.7
20240702T1700,15.300245,89.37804,1016.3
20240702T1800,14.990245,90.70969,1016.2
20240702T1900,14.690246,92.24694,1016.2
20240702T2000,14.360246,94.614845,1016.2
20240702T2100,14.180245,94.669106,1016.3
20240702T2200,14.040245,95.22347,1016.2
20240702T2300,14.010245,94.91056,1015.8
20240703T0000,13.980246,95.221146,1015.4
20240703T0100,14.070246,95.474556,1014.7
20240703T0200,14.110246,95.663795,1014.5
20240703T0300,14.070246,95.91331,1014.2
20240703T0400,14.020246,96.163246,1013.9
20240703T0500,14.270246,96.04548,1013.7
20240703T0600,14.980246,91.66333,1013.7
20240703T0700,15.640245,88.59189,1013.6
20240703T0800,16.250246,84.02859,1013.0
20240703T0900,16.920246,78.83841,1012.6
20240703T1000,17.520245,78.2081,1012.2
20240703T1100,17.630245,77.057755,1011.8
20240703T1200,17.610245,78.52857,1011.8
20240703T1300,16.320246,87.04982,1011.8
20240703T1400,16.210245,89.21789,1011.8
20240703T1500,16.300245,88.01608,1011.9
20240703T1600,16.270247,85.582184,1012.1
20240703T1700,16.360247,83.05768,1012.5
20240703T1800,15.870245,84.31583,1012.9
20240703T1900,15.420245,86.451866,1013.2
20240703T2000,14.780245,88.4017,1013.7
20240703T2100,14.530245,89.31591,1014.1
20240703T2200,14.000245,90.93801,1014.0
20240703T2300,13.770246,91.4034,1013.5
20240704T0000,13.570246,92.17849,1013.2
20240704T0100,13.480246,92.53915,1013.2
20240704T0200,13.300245,92.467186,1012.8
20240704T0300,13.480246,91.807945,1012.4
20240704T0400,14.010245,90.04315,1012.5
20240704T0500,14.860246,87.59849,1012.7
20240704T0600,16.090246,83.735405,1012.8
20240704T0700,17.100245,79.07174,1012.8
20240704T0800,17.940245,73.945175,1012.7
20240704T0900,18.220245,74.139305,1012.7
20240704T1000,19.360245,71.63249,1012.6
20240704T1100,19.740246,71.238464,1012.8
20240704T1200,20.080246,68.71061,1012.7
20240704T1300,20.650246,64.44688,1012.3
20240704T1400,21.230246,59.080265,1012.9
20240704T1500,21.410246,60.297863,1012.4
20240704T1600,20.870245,63.28551,1012.8
20240704T1700,20.480246,65.899055,1013.1
20240704T1800,19.900246,69.07862,1013.5
20240704T1900,18.940245,73.06433,1014.0
20240704T2000,17.640245,78.94388,1014.9
20240704T2100,16.420246,82.5231,1015.5
20240704T2200,15.250245,89.72554,1015.5
20240704T2300,14.850245,90.5216,1015.7
20240705T0000,14.370245,91.20351,1015.7
20240705T0100,13.780245,92.61799,1016.0
20240705T0200,13.160245,94.001305,1015.9
20240705T0300,13.080245,94.30878,1015.9
20240705T0400,12.890245,94.299805,1016.3
20240705T0500,14.380245,91.62463,1016.5
20240705T0600,16.880245,81.88264,1016.6
20240705T0700,18.770245,71.2892,1016.4
20240705T0800,20.300245,64.11754,1016.1
20240705T0900,21.350245,58.915367,1015.6
20240705T1000,22.340246,52.6302,1015.2
20240705T1100,23.020245,51.877464,1014.8
20240705T1200,23.760244,50.456627,1014.3
20240705T1300,24.410246,49.12546,1013.7
20240705T1400,24.640245,48.387035,1013.1
20240705T1500,24.840246,48.695606,1012.6
20240705T1600,24.750246,50.355865,1011.8
20240705T1700,24.320246,54.436905,1011.4
20240705T1800,23.090246,62.477448,1011.1
20240705T1900,20.450245,72.11145,1010.7
20240705T2000,18.550245,78.87086,1010.3
20240705T2100,17.250246,84.14272,1010.2
20240705T2200,16.360247,85.983086,1010.0
20240705T2300,16.000246,87.93224,1009.7
20240706T0000,15.430245,91.15577,1009.2
20240706T0100,15.050245,93.054436,1008.7
20240706T0200,14.860246,94.26662,1008.3
20240706T0300,14.950245,95.444176,1007.9
20240706T0400,15.180245,95.88719,1007.7
20240706T0500,16.860245,92.37306,1007.6
20240706T0600,19.380245,84.48627,1007.4
20240706T0700,21.880245,75.66325,1007.3
20240706T0800,22.680244,69.13189,1007.4
20240706T0900,22.050245,71.66287,1007.3
20240706T1000,21.170246,74.1633,1008.6
20240706T1100,20.360245,82.472336,1009.0
20240706T1200,20.100245,88.11376,1009.4
20240706T1300,19.720245,89.76914,1009.5
20240706T1400,19.560246,89.19174,1009.4
20240706T1500,18.760244,89.9286,1009.6
20240706T1600,17.680244,91.41886,1009.4
20240706T1700,17.280245,93.94857,1010.2
20240706T1800,17.030245,92.85861,1010.7
20240706T1900,16.470245,94.64078,1011.3
20240706T2000,15.920245,95.91057,1012.5
20240706T2100,15.820246,95.35144,1013.4
20240706T2200,15.520246,93.07943,1014.1
20240706T2300,15.000245,92.8698,1014.6
20240707T0000,14.450245,94.495026,1014.6
20240707T0100,14.230246,94.05291,1014.9
20240707T0200,13.930245,94.22418,1015.0
20240707T0300,13.430245,96.01791,1015.0
20240707T0400,13.340245,96.20474,1015.3
20240707T0500,13.480246,95.07623,1015.2
20240707T0600,14.390245,93.568924,1015.5
20240707T0700,15.480246,87.88562,1016.1
20240707T0800,17.030245,79.37278,1016.1
20240707T0900,18.210245,72.36204,1015.8
20240707T1000,18.840246,67.12298,1016.0
20240707T1100,19.630245,63.047516,1016.1
20240707T1200,20.100245,61.10726,1015.6
20240707T1300,20.740246,59.000828,1015.5
20240707T1400,21.310246,57.98313,1015.3
20240707T1500,21.490246,57.49525,1015.2
20240707T1600,21.680244,56.715378,1015.0
20240707T1700,21.300245,58.942024,1014.9
20240707T1800,20.380245,63.383057,1015.0
20240707T1900,18.300245,69.12279,1015.3
20240707T2000,17.160246,73.95444,1015.9
20240707T2100,16.040245,80.97116,1016.3
20240707T2200,13.630245,91.757034,1016.6
20240707T2300,12.330245,96.94012,1016.8
20240708T0000,11.800245,98.02791,1017.2
20240708T0100,11.400246,99.00506,1017.3
20240708T0200,11.080245,99.06701,1016.9
20240708T0300,10.8102455,98.66625,1017.4
20240708T0400,10.740245,98.13733,1017.7
20240708T0500,12.650246,94.601746,1017.7
20240708T0600,15.350245,88.16216,1018.0
20240708T0700,18.210245,79.334785,1018.3
20240708T0800,20.390245,71.359245,1018.4
20240708T0900,22.050245,64.37545,1017.9
20240708T1000,23.330246,59.15834,1017.6
20240708T1100,24.380245,54.877247,1017.3
20240708T1200,25.440245,50.17802,1016.9
20240708T1300,26.310246,45.07589,1016.4
20240708T1400,27.050245,41.89025,1015.9
20240708T1500,27.380245,42.009575,1015.5
20240708T1600,27.410246,42.210876,1015.3
20240708T1700,27.130245,44.193253,1015.2
20240708T1800,25.510244,52.899315,1015.4
20240708T1900,22.330246,66.41562,1015.6
20240708T2000,19.870245,75.33922,1016.0
20240708T2100,18.110245,85.16658,1016.5
20240708T2200,16.980246,90.72991,1017.0
20240708T2300,16.370245,91.69113,1017.0
20240709T0000,16.100246,91.49631,1016.9
20240709T0100,15.840245,91.836815,1017.1
20240709T0200,15.580245,92.60013,1016.7
20240709T0300,15.3102455,93.85864,1016.6
20240709T0400,15.260245,93.12626,1016.6
20240709T0500,16.790245,89.49495,1016.4
20240709T0600,19.690245,80.8787,1016.6
20240709T0700,22.320246,71.25638,1016.4
20240709T0800,24.700245,66.43665,1016.3
20240709T0900,26.730246,61.51653,1015.8
20240709T1000,28.530245,55.133316,1015.3
20240709T1100,29.760244,50.33885,1014.8
20240709T1200,30.880245,45.067116,1014.2
20240709T1300,31.650246,42.15126,1013.7
20240709T1400,32.240246,40.836483,1013.4
20240709T1500,32.520245,39.283157,1013.0
20240709T1600,32.380245,40.179955,1012.3
20240709T1700,31.690245,43.21737,1012.1
20240709T1800,29.440245,53.050224,1012.4
20240709T1900,26.120245,67.098785,1013.0
20240709T2000,24.030245,74.40202,1013.4
20240709T2100,23.460245,79.30571,1014.1
20240709T2200,23.040245,80.848495,1015.5
20240709T2300,22.740246,80.306755,1015.9
20240710T0000,22.110245,81.29002,1016.0
20240710T0100,21.710245,83.93865,1017.1
20240710T0200,21.490246,84.6026,1016.9
20240710T0300,20.840246,88.008194,1017.0
20240710T0400,20.300245,91.11691,1016.7
20240710T0500,20.510244,91.30105,1017.3
20240710T0600,21.360245,89.547615,1017.7
20240710T0700,21.430244,84.22527,1018.0
20240710T0800,20.900246,84.80778,1018.5
20240710T0900,21.090246,85.900955,1018.6
20240710T1000,22.420246,86.13379,1019.0
20240710T1100,23.720245,78.01807,1018.4
20240710T1200,25.320246,70.0255,1017.7
20240710T1300,26.250246,65.55129,1017.1
20240710T1400,26.750246,62.846245,1016.9
20240710T1500,26.290245,63.34005,1016.7
20240710T1600,25.440245,65.92081,1016.5
20240710T1700,24.120245,74.09166,1016.7
20240710T1800,23.860245,77.79535,1016.9
20240710T1900,22.660246,83.674835,1017.5
20240710T2000,22.500246,82.67136,1018.1
20240710T2100,22.440245,83.54664,1018.5
20240710T2200,21.100245,89.64119,1018.0
20240710T2300,20.370245,92.55977,1018.4
20240711T0000,20.150246,93.30577,1018.5
20240711T0100,19.980246,94.29759,1018.3
20240711T0200,19.720245,95.059784,1018.4
20240711T0300,19.530245,95.41232,1018.4
20240711T0400,19.460245,95.05126,1018.4
20240711T0500,19.750246,95.29942,1018.6
20240711T0600,20.590246,91.821434,1018.8
20240711T0700,21.580246,86.433044,1018.9
20240711T0800,22.930244,79.2835,1018.7
20240711T0900,24.210245,70.65877,1018.6
20240711T1000,25.070246,73.51253,1017.9
20240711T1100,26.020245,64.60707,1017.4
20240711T1200,26.950245,57.51983,1016.9
20240711T1300,27.580246,53.594048,1016.5
20240711T1400,27.990246,52.220036,1016.3
20240711T1500,27.720245,53.83346,1015.7
20240711T1600,27.360245,57.291336,1015.5
20240711T1700,27.060246,58.682217,1015.7
20240711T1800,26.020245,62.647903,1015.6
20240711T1900,24.100245,70.86119,1015.5
20240711T2000,22.120245,81.4956,1015.3
20240711T2100,20.900246,87.51742,1015.2
20240711T2200,20.610245,89.55041,1014.0
20240711T2300,20.120245,92.43111,1013.7
20240712T0000,20.240246,92.61123,1013.5
20240712T0100,20.030245,93.82816,1013.2
20240712T0200,19.910246,94.11777,1013.2
20240712T0300,19.710245,94.10988,1012.5
20240712T0400,19.620245,93.92906,1011.8
20240712T0500,19.960245,91.959496,1011.4
20240712T0600,20.680244,88.71654,1011.5
20240712T0700,21.770245,83.94513,1011.6
20240712T0800,22.920246,77.95234,1011.5
20240712T0900,23.520245,73.159805,1011.5
20240712T1000,23.820246,71.57255,1011.9
20240712T1100,23.840246,68.13652,1011.7
20240712T1200,23.220245,68.57906,1011.7
20240712T1300,23.240246,70.25722,1011.2
20240712T1400,21.980246,74.67743,1011.7
20240712T1500,20.930244,80.06828,1011.6
20240712T1600,20.960245,81.9196,1011.6
20240712T1700,20.380245,83.74,1011.6
20240712T1800,19.930244,84.81411,1012.1
20240712T1900,19.040245,87.52268,1013.2
20240712T2000,18.510244,87.140816,1013.9
20240712T2100,17.710245,87.404305,1014.4
20240712T2200,17.120245,89.69355,1014.7
20240712T2300,16.740246,90.246155,1014.8
20240713T0000,16.530245,90.05605,1014.7
20240713T0100,16.300245,90.56587,1014.7
20240713T0200,15.970245,91.25088,1014.6
20240713T0300,15.470245,92.35332,1014.7
20240713T0400,15.3102455,92.58487,1014.6
20240713T0500,15.480246,92.474106,1014.9
20240713T0600,16.490246,88.31893,1015.2
20240713T0700,17.640245,80.08348,1015.3
20240713T0800,18.640245,72.34579,1015.4
20240713T0900,19.560246,66.61459,1015.0
20240713T1000,20.310246,63.408947,1014.8
20240713T1100,21.220245,58.767914,1014.5
20240713T1200,21.760244,56.140823,1014.3
20240713T1300,22.280245,54.094048,1014.0
20240713T1400,22.580246,52.762527,1013.9
20240713T1500,23.060246,50.603367,1013.7
20240713T1600,22.950245,50.107708,1013.6
20240713T1700,22.310246,51.861694,1013.6
20240713T1800,21.520245,55.344475,1013.5
20240713T1900,19.410246,58.59844,1013.6
20240713T2000,17.860245,69.309074,1014.2
20240713T2100,16.320246,79.06147,1014.4
20240713T2200,15.150246,84.79047,1014.9
20240713T2300,14.510245,87.45032,1015.0
20240714T0000,14.350245,89.36008,1014.9
20240714T0100,13.370245,92.71634,1014.7
20240714T0200,13.370245,92.83902,1014.7
20240714T0300,13.150246,92.82631,1014.8
20240714T0400,12.050245,94.763535,1015.2
20240714T0500,13.430245,92.23077,1015.2
20240714T0600,15.920245,84.542885,1015.3
20240714T0700,18.490246,75.897835,1015.2
20240714T0800,20.590246,68.81191,1015.3
20240714T0900,22.190245,62.88314,1015.1
20240714T1000,23.440245,53.29934,1014.5
20240714T1100,24.520245,48.833458,1014.2
20240714T1200,25.240246,45.405506,1013.8
20240714T1300,24.920246,44.840515,1013.4
20240714T1400,24.810246,47.581985,1013.4
20240714T1500,24.550245,50.83168,1013.5
20240714T1600,23.910246,59.98637,1013.3
20240714T1700,22.790245,68.6699,1013.4
20240714T1800,21.970245,74.01445,1013.4
20240714T1900,20.900246,72.28545,1013.7
20240714T2000,19.580246,77.508865,1013.8
20240714T2100,18.520245,82.94033,1013.7
20240714T2200,16.540245,91.58325,1014.1
20240714T2300,16.160246,93.71647,1014.4
20240715T0000,15.170245,95.080696,1014.3
20240715T0100,14.840245,95.8138,1014.2
20240715T0200,14.780245,95.562515,1014.0
20240715T0300,14.5602455,96.054726,1013.8
20240715T0400,14.500245,96.11552,1013.8
20240715T0500,15.740245,93.635796,1013.7
20240715T0600,17.610245,86.27574,1013.5
20240715T0700,20.160246,79.252556,1013.3
20240715T0800,22.720245,70.96763,1012.9
20240715T0900,24.810246,65.41835,1012.1
20240715T1000,26.540245,60.858532,1012.0
20240715T1100,27.850245,57.19182,1011.5
20240715T1200,29.080246,54.001278,1010.9
20240715T1300,29.650246,51.625183,1010.2
20240715T1400,29.500246,52.27235,1009.6
20240715T1500,28.770245,54.537865,1009.2
20240715T1600,27.530245,58.90246,1008.4
20240715T1700,26.840246,65.264496,1008.4
20240715T1800,24.910246,79.30323,1010.3
20240715T1900,21.670246,86.983055,1012.2
20240715T2000,20.030245,97.353325,1012.4
20240715T2100,19.700245,96.983696,1012.8
20240715T2200,19.420246,94.75165,1013.7
20240715T2300,19.760244,94.11185,1014.1
20240716T0000,19.950245,93.296745,1014.0
20240716T0100,19.570246,93.98604,1013.9
20240716T0200,19.230246,93.91288,1014.4
20240716T0300,18.810246,93.717186,1014.6
20240716T0400,18.310246,93.51673,1015.2
20240716T0500,18.610245,92.35145,1015.7
20240716T0600,19.220245,90.47563,1016.0
20240716T0700,19.780245,86.15548,1016.4
20240716T0800,20.270245,82.09547,1016.5
20240716T0900,20.870245,77.504295,1016.4
20240716T1000,21.690245,71.59761,1016.4
20240716T1100,22.720245,65.69115,1016.6
20240716T1200,23.500246,59.92924,1016.6
20240716T1300,23.820246,57.27991,1016.5
20240716T1400,24.090246,54.626583,1016.7
20240716T1500,23.920246,52.729992,1016.5
20240716T1600,23.910246,51.906345,1016.6
20240716T1700,23.480246,52.719387,1017.0
20240716T1800,22.700245,57.079906,1017.4
20240716T1900,20.640245,67.62687,1018.1
20240716T2000,18.630245,75.62489,1018.9
20240716T2100,17.680244,78.590195,1019.4
20240716T2200,16.780245,83.27127,1019.7
20240716T2300,15.940246,84.822525,1019.5
20240717T0000,15.740245,84.52264,1019.6
20240717T0100,15.510245,85.78297,1019.9
20240717T0200,15.600245,85.3993,1019.9
20240717T0300,15.660245,84.95865,1020.1
20240717T0400,15.750245,84.24683,1020.7
20240717T0500,15.160245,90.54397,1021.0
20240717T0600,17.480246,82.654175,1021.6
20240717T0700,20.050245,72.835464,1022.0
20240717T0800,21.890245,63.224873,1021.8
20240717T0900,23.030245,59.240494,1021.5
20240717T1000,23.780245,54.3,1021.1
20240717T1100,24.400246,52.61375,1020.7
20240717T1200,24.850245,50.218197,1020.9
20240717T1300,25.410246,48.8803,1020.6
20240717T1400,25.520245,47.060875,1020.6
20240717T1500,25.700245,46.986664,1020.3
20240717T1600,25.590246,48.737553,1020.1
20240717T1700,25.010244,51.45218,1020.1
20240717T1800,23.610245,57.22868,1020.4
20240717T1900,21.220245,66.355995,1020.7
20240717T2000,19.270245,75.143166,1021.1
20240717T2100,18.050245,81.50198,1021.2
20240717T2200,16.730246,86.412735,1021.1
20240717T2300,16.150246,88.519745,1020.9
20240718T0000,15.600245,89.86968,1020.8
20240718T0100,15.120245,91.31372,1020.6
20240718T0200,14.440246,92.96044,1020.2
20240718T0300,14.120245,93.616615,1020.3
20240718T0400,14.260245,93.623695,1020.5
20240718T0500,15.410245,92.65078,1020.8
20240718T0600,17.970245,84.49566,1021.1
20240718T0700,20.400246,74.94281,1021.4
20240718T0800,22.450245,68.16591,1021.3
20240718T0900,24.070246,63.90729,1021.0
20240718T1000,25.470245,60.30868,1020.9
20240718T1100,26.700245,55.736702,1020.5
20240718T1200,27.810246,51.843475,1020.0
20240718T1300,28.510244,50.04766,1020.1
20240718T1400,28.800245,49.80582,1019.6
20240718T1500,28.840246,49.784603,1019.3
20240718T1600,28.570246,51.350025,1018.9
20240718T1700,27.650246,54.882847,1018.8
20240718T1800,26.140245,59.55097,1019.0
20240718T1900,23.070246,73.73144,1019.4
20240718T2000,20.730246,83.198105,1019.7
20240718T2100,19.580246,85.917534,1019.9
20240718T2200,20.050245,81.65128,1020.0
20240718T2300,18.820246,85.240555,1020.0
20240719T0000,18.300245,86.84287,1019.9
20240719T0100,17.370245,89.36663,1019.8
20240719T0200,16.650246,91.23613,1019.4
20240719T0300,16.130245,91.61686,1019.3
20240719T0400,16.300245,90.33142,1019.5
20240719T0500,17.480246,91.289246,1019.5
20240719T0600,20.060246,83.121086,1019.4
20240719T0700,22.540245,74.769066,1019.4
20240719T0800,24.540245,68.4025,1019.1
20240719T0900,26.310246,64.304535,1018.7
20240719T1000,27.760244,60.903545,1018.5
20240719T1100,28.710245,56.50608,1017.7
20240719T1200,29.730246,50.015053,1017.2
20240719T1300,30.420246,45.37399,1016.8
20240719T1400,30.720245,43.505688,1016.3
20240719T1500,30.920246,43.33875,1015.9
20240719T1600,30.990246,42.591854,1015.2
20240719T1700,30.090246,46.421814,1015.2
20240719T1800,28.310246,52.60011,1015.2
20240719T1900,25.650246,64.205215,1015.5
20240719T2000,23.430244,73.838196,1015.6
20240719T2100,22.050245,78.418015,1015.7
20240719T2200,21.770245,75.50178,1015.4
20240719T2300,19.640245,84.24556,1015.2
20240720T0000,18.870245,88.404655,1014.9
20240720T0100,18.250246,90.75683,1014.2
20240720T0200,17.640245,92.71229,1013.7
20240720T0300,17.280245,93.82839,1013.5
20240720T0400,17.300245,92.872696,1013.5
20240720T0500,18.680244,89.01117,1013.2
20240720T0600,21.010244,82.02938,1012.9
20240720T0700,23.520245,73.76043,1012.9
20240720T0800,26.060246,67.717514,1012.7
20240720T0900,27.860245,61.15412,1012.2
20240720T1000,29.160246,56.4021,1011.7
20240720T1100,29.820246,51.21624,1010.8
20240720T1200,30.620245,46.47439,1010.1
20240720T1300,30.920246,42.24822,1009.5
20240720T1400,31.170246,40.440292,1009.1
20240720T1500,30.830246,40.868034,1008.3
20240720T1600,30.620245,42.1125,1008.1
20240720T1700,30.510244,43.698807,1007.5
20240720T1800,28.400246,57.934788,1007.6
20240720T1900,25.180244,67.544846,1007.7
20240720T2000,23.010244,75.55549,1007.8
20240720T2100,22.180244,78.09116,1007.3
20240720T2200,21.340246,83.793045,1007.4
20240720T2300,20.930244,86.318794,1007.7
20240721T0000,20.190245,87.73289,1008.1
20240721T0100,20.080246,87.44689,1008.0
20240721T0200,20.190245,86.74129,1007.8
20240721T0300,20.080246,87.6128,1008.5
20240721T0400,20.140245,85.267235,1009.1
20240721T0500,20.130245,83.871735,1009.6
20240721T0600,20.330246,85.610725,1009.7
20240721T0700,21.300245,84.63601,1009.8
20240721T0800,22.710245,82.2839,1010.1
20240721T0900,24.670246,73.17151,1010.1
20240721T1000,25.520245,68.42019,1010.0
20240721T1100,26.170246,63.833054,1009.9
20240721T1200,26.460245,61.45637,1009.9
20240721T1300,26.500246,59.14648,1009.8
20240721T1400,25.980246,60.234455,1010.0
20240721T1500,25.110245,61.777782,1010.1
20240721T1600,24.500246,65.93559,1010.9
20240721T1700,24.500246,66.73249,1011.6
20240721T1800,24.060246,69.48361,1011.8
20240721T1900,22.650246,75.83262,1012.4
20240721T2000,21.070246,82.76537,1013.2
20240721T2100,20.390245,86.431625,1013.9
20240721T2200,19.370245,90.829666,1014.2
20240721T2300,19.370245,90.71485,1014.7
20240722T0000,19.370245,90.94459,1015.0
20240722T0100,19.300245,91.285904,1015.2
20240722T0200,19.140245,91.913704,1015.6
20240722T0300,19.170246,91.39358,1015.9
20240722T0400,19.270245,91.05341,1016.5
20240722T0500,19.360245,91.00148,1016.9
20240722T0600,19.670246,91.65423,1017.7
20240722T0700,20.540245,89.65786,1018.4
20240722T0800,21.570246,84.24016,1018.6
20240722T0900,22.270245,78.399895,1018.8
20240722T1000,23.280245,68.19945,1019.1
20240722T1100,24.120245,62.626717,1019.1
20240722T1200,24.730246,58.39332,1019.1
20240722T1300,25.170246,57.97654,1018.9
20240722T1400,25.510244,56.37547,1018.8
20240722T1500,25.640245,56.335094,1018.6
20240722T1600,25.700245,55.668716,1018.7
20240722T1700,25.090246,56.780777,1018.8
20240722T1800,24.030245,60.71186,1019.1
20240722T1900,21.780245,67.07549,1019.7
20240722T2000,19.540245,75.62634,1020.3
20240722T2100,18.340246,80.70036,1020.6
20240722T2200,17.570246,83.79812,1021.0
20240722T2300,17.180244,85.178406,1021.1
20240723T0000,16.690245,86.577354,1021.2
20240723T0100,16.260246,87.27116,1021.2
20240723T0200,15.880245,87.29254,1021.0
20240723T0300,15.240245,88.44176,1021.1
20240723T0400,15.120245,89.18817,1021.3
20240723T0500,16.020247,87.419586,1021.5
20240723T0600,17.940245,80.75146,1021.6
20240723T0700,19.690245,75.163994,1021.8
20240723T0800,21.340246,69.5395,1021.6
20240723T0900,22.490246,64.80372,1021.0
20240723T1000,23.360245,60.051353,1020.8
20240723T1100,24.330246,58.86281,1020.3
20240723T1200,24.980246,57.893986,1019.9
20240723T1300,25.420246,58.147476,1019.6
20240723T1400,25.130245,60.653816,1019.7
20240723T1500,25.110245,61.81703,1019.5
20240723T1600,24.280245,66.772415,1019.5
20240723T1700,23.530245,70.48924,1019.4
20240723T1800,22.790245,71.887115,1019.4
20240723T1900,21.760244,75.06964,1020.0
20240723T2000,21.130245,77.444466,1020.4
20240723T2100,20.450245,79.749306,1020.5
20240723T2200,19.900246,81.06123,1020.6
20240723T2300,19.480246,82.05087,1020.7
20240724T0000,19.030245,84.01722,1021.0
20240724T0100,18.460245,86.52463,1021.0
20240724T0200,17.980246,88.04817,1020.7
20240724T0300,17.660246,88.81655,1020.8
20240724T0400,17.090246,89.864914,1020.7
20240724T0500,17.180244,90.10335,1020.7
20240724T0600,18.120245,84.29455,1021.1
20240724T0700,19.470245,72.21416,1021.2
20240724T0800,20.420246,67.89035,1021.1
20240724T0900,21.020245,63.81677,1021.0
20240724T1000,21.680244,63.796436,1021.0
20240724T1100,22.350245,60.83371,1020.6
20240724T1200,22.890245,58.026497,1020.1
20240724T1300,23.440245,54.497456,1019.7
20240724T1400,23.870245,53.097214,1019.5
20240724T1500,23.900246,51.497414,1019.2
20240724T1600,23.740246,52.855915,1018.7
20240724T1700,23.200245,55.26091,1018.5
20240724T1800,21.890245,60.56853,1018.5
20240724T1900,19.980246,68.20001,1018.9
20240724T2000,18.290245,77.61382,1019.1
20240724T2100,17.650246,79.2547,1019.2
20240724T2200,15.980246,89.14145,1019.4
20240724T2300,15.670245,90.34467,1019.0
20240725T0000,15.340245,92.52631,1018.5
20240725T0100,15.480246,92.53427,1018.1
20240725T0200,15.280245,91.981834,1017.5
20240725T0300,14.400246,94.616554,1017.5
20240725T0400,14.5602455,93.57752,1017.2
20240725T0500,14.380245,93.99841,1017.0
20240725T0600,16.800245,85.3041,1017.1
20240725T0700,19.000246,74.806305,1016.8
20240725T0800,20.810246,69.212685,1016.8
20240725T0900,22.440245,64.211105,1016.4
20240725T1000,23.790245,59.65034,1015.6
20240725T1100,24.850245,55.386787,1014.9
20240725T1200,25.990246,50.74775,1014.2
20240725T1300,26.610245,48.25425,1013.6
20240725T1400,26.900246,45.979286,1013.0
20240725T1500,27.040245,44.63176,1012.7
20240725T1600,26.880245,46.273567,1012.3
20240725T1700,26.280245,51.020523,1012.1
20240725T1800,24.270245,58.171112,1012.2
20240725T1900,20.760244,75.19449,1012.3
20240725T2000,18.690245,83.28107,1012.5
20240725T2100,18.170246,84.13729,1012.6
20240725T2200,16.820246,89.55511,1012.9
20240725T2300,16.220245,90.67776,1013.1
20240726T0000,15.850245,90.18155,1013.0
20240726T0100,15.380245,91.80831,1012.7
20240726T0200,15.710245,90.64214,1012.5
20240726T0300,15.840245,90.41578,1012.4
20240726T0400,15.250245,92.40066,1012.4
20240726T0500,16.010246,91.96638,1012.5
20240726T0600,18.110245,86.1583,1012.8
20240726T0700,20.900246,76.03919,1013.1
20240726T0800,23.380245,65.87118,1013.3
20240726T0900,25.080246,58.364414,1013.4
20240726T1000,26.390245,52.043903,1013.5
20240726T1100,27.220245,49.265594,1013.3
20240726T1200,27.700245,46.675575,1013.0
20240726T1300,28.350245,44.6134,1012.9
20240726T1400,28.500246,43.20672,1012.7
20240726T1500,28.700245,42.100937,1012.4
20240726T1600,28.250246,43.814297,1012.2
20240726T1700,27.370245,49.846012,1012.2
20240726T1800,25.630245,61.347954,1012.2
20240726T1900,23.170246,66.41887,1012.5
20240726T2000,21.660246,71.68382,1012.6
20240726T2100,20.710245,76.88889,1013.0
20240726T2200,19.380245,84.81022,1013.3
20240726T2300,18.950245,87.12511,1013.5
20240727T0000,18.640245,87.99177,1013.5
20240727T0100,18.220245,90.69695,1013.6
20240727T0200,17.590246,93.24463,1013.5
20240727T0300,17.380245,94.31408,1013.4
20240727T0400,17.360245,95.16076,1013.7
20240727T0500,18.160246,92.32695,1013.9
20240727T0600,19.620245,86.688835,1014.3
20240727T0700,22.220245,77.215195,1014.4
20240727T0800,24.670246,66.72474,1014.4
20240727T0900,26.550245,59.57042,1014.4
20240727T1000,27.640245,56.962242,1013.9
20240727T1100,28.620245,53.989223,1013.8
20240727T1200,28.710245,53.605274,1013.6
20240727T1300,28.200245,55.19144,1014.1
20240727T1400,27.310246,58.042465,1014.4
20240727T1500,25.250246,70.45102,1014.7
20240727T1600,24.890245,71.85198,1014.9
20240727T1700,24.450245,73.776596,1014.6
20240727T1800,23.830246,77.645775,1015.0
20240727T1900,22.470245,85.92451,1015.5
20240727T2000,21.970245,86.79271,1016.1
20240727T2100,21.480246,89.22173,1017.0
20240727T2200,21.060246,91.33334,1017.5
20240727T2300,20.910246,91.78177,1018.1
20240728T0000,20.790245,91.54607,1019.0
20240728T0100,20.230246,93.66044,1019.8
20240728T0200,19.830246,93.937645,1020.4
20240728T0300,19.270245,93.67808,1021.3
20240728T0400,18.800245,92.71352,1022.1
20240728T0500,18.270245,92.39174,1022.9
20240728T0600,18.070246,91.035164,1023.8
20240728T0700,18.230246,88.06949,1024.4
20240728T0800,18.860245,84.646576,1024.9
20240728T0900,19.920246,77.46065,1025.2
20240728T1000,20.890245,73.03054,1025.5
20240728T1100,21.990246,67.20484,1025.5
20240728T1200,23.110245,63.494465,1025.2
20240728T1300,24.080246,60.801266,1024.7
20240728T1400,24.560246,59.258183,1024.5
20240728T1500,24.900246,58.24693,1023.8
20240728T1600,24.850245,57.640507,1023.4
20240728T1700,24.060246,58.723083,1022.8
20240728T1800,22.520245,61.467876,1022.7
20240728T1900,20.160246,68.280754,1023.0
20240728T2000,18.440245,75.79093,1023.3
20240728T2100,17.450245,81.37121,1023.7
20240728T2200,16.610245,87.929146,1023.7
20240728T2300,16.220245,88.41064,1023.6
20240729T0000,15.760245,89.00752,1023.2
20240729T0100,15.280245,90.08051,1023.0
20240729T0200,14.860246,91.23666,1023.1
20240729T0300,14.440246,92.47416,1022.9
20240729T0400,13.980246,93.60949,1023.0
20240729T0500,15.250245,91.02476,1023.0
20240729T0600,17.790245,80.10424,1022.9
20240729T0700,20.050245,71.01944,1022.9
20240729T0800,21.970245,64.274864,1022.5
20240729T0900,23.640245,61.525063,1022.1
20240729T1000,25.200245,60.131683,1022.1
20240729T1100,26.490246,59.032116,1021.4
20240729T1200,27.640245,56.818954,1020.8
20240729T1300,28.570246,54.66021,1020.4
20240729T1400,29.170246,52.353577,1020.0
20240729T1500,29.490246,51.03564,1019.4
20240729T1600,29.440245,50.47897,1019.2
20240729T1700,28.720245,51.420933,1018.7
20240729T1800,27.090246,57.698627,1018.6
20240729T1900,24.940245,64.992294,1018.6
20240729T2000,22.890245,74.30858,1018.8
20240729T2100,20.350245,84.96537,1019.0
20240729T2200,19.460245,88.28447,1019.0
20240729T2300,18.820246,89.41952,1018.8
20240730T0000,18.510244,88.65769,1018.6
20240730T0100,18.390245,86.9626,1018.5
20240730T0200,18.010244,87.09505,1018.2
20240730T0300,17.400246,88.16856,1018.1
20240730T0400,16.900246,88.58277,1018.2
20240730T0500,17.520245,87.72563,1018.1
20240730T0600,19.640245,81.079475,1018.3
20240730T0700,22.360245,71.17296,1018.1
20240730T0800,24.630245,65.29815,1017.9
20240730T0900,26.700245,61.39408,1017.5
20240730T1000,28.470245,59.22994,1017.2
20240730T1100,30.080246,55.75053,1016.7
20240730T1200,31.620245,50.97108,1015.9
20240730T1300,32.84025,46.534683,1015.6
20240730T1400,33.710247,42.62676,1015.2
20240730T1500,34.11025,41.033504,1014.7
20240730T1600,33.660248,42.82696,1014.6
20240730T1700,32.130245,49.943104,1014.4
20240730T1800,29.200245,61.56365,1014.2
20240730T1900,25.400246,75.41165,1014.3
20240730T2000,23.710245,80.03291,1014.8
20240730T2100,21.710245,87.09527,1014.9
20240730T2200,21.200245,89.76023,1015.3
20240730T2300,21.140245,87.09995,1015.0
20240731T0000,20.600245,88.265526,1014.8
20240731T0100,19.750246,90.68217,1014.4
20240731T0200,19.380245,91.40617,1014.5
20240731T0300,19.290245,91.28528,1014.3
20240731T0400,18.960245,91.4968,1014.1
20240731T0500,19.720245,89.48605,1014.1
20240731T0600,22.030245,81.843346,1014.2
20240731T0700,24.790245,71.52088,1014.2
20240731T0800,27.220245,64.535576,1014.0
20240731T0900,28.970245,58.83082,1013.8
20240731T1000,29.850245,60.170483,1014.9
20240731T1100,30.480246,56.296673,1014.7
20240731T1200,31.200245,55.162323,1014.0
20240731T1300,30.630245,57.630943,1014.0
20240731T1400,30.240246,58.57791,1014.0
20240731T1500,29.460245,62.49771,1013.8
20240731T1600,28.470245,63.528545,1013.3
20240731T1700,27.040245,65.3056,1013.2
20240731T1800,24.880245,75.799385,1013.4
20240731T1900,24.380245,68.673744,1013.8
20240731T2000,22.630245,78.35239,1013.8
20240731T2100,21.690245,81.647766,1013.7
20240731T2200,21.080246,83.34303,1014.3
20240731T2300,20.580246,85.905945,1013.9
20240801T0000,19.960245,88.15792,1013.9
20240801T0100,19.460245,89.46699,1013.6
20240801T0200,19.320246,89.96821,1013.1
20240801T0300,19.240246,90.82132,1012.6
20240801T0400,19.380245,90.83031,1012.6
20240801T0500,19.860245,90.40396,1012.5
20240801T0600,20.470245,88.75607,1012.9
20240801T0700,21.890245,85.70897,1013.3
20240801T0800,22.870245,85.64278,1013.1
20240801T0900,23.820246,81.14703,1012.6
20240801T1000,24.750246,77.441444,1012.7
20240801T1100,25.720245,74.076675,1012.7
20240801T1200,26.540245,73.03239,1013.5
20240801T1300,26.890245,76.850235,1012.9
20240801T1400,26.350245,81.20431,1012.2
20240801T1500,26.610245,76.481674,1011.8
20240801T1600,26.170246,73.87591,1011.6
20240801T1700,25.690245,74.807556,1011.9
20240801T1800,24.470245,79.785324,1012.2
20240801T1900,22.520245,83.29521,1012.6
20240801T2000,21.460245,86.80151,1013.5
20240801T2100,20.950245,86.53794,1013.5
20240801T2200,20.430244,86.9275,1013.4
20240801T2300,19.790245,89.2654,1013.7
20240802T0000,19.410246,90.25961,1013.6
20240802T0100,19.090246,91.04213,1013.7
20240802T0200,18.630245,92.118324,1013.4
20240802T0300,18.460245,92.81384,1013.4
20240802T0400,17.890245,93.915276,1013.3
20240802T0500,18.380245,92.45647,1013.2
20240802T0600,20.430244,86.217445,1013.4
20240802T0700,22.220245,77.703964,1013.6
20240802T0800,23.780245,70.57989,1013.5
20240802T0900,25.430244,66.2925,1013.3
20240802T1000,26.540245,60.286247,1013.2
20240802T1100,27.410246,54.546356,1012.7
20240802T1200,27.850245,52.81788,1012.4
20240802T1300,27.810246,52.008614,1012.0
20240802T1400,27.470245,54.423077,1011.5
20240802T1500,27.110245,56.979134,1011.1
20240802T1600,26.780245,58.616756,1010.8
20240802T1700,24.450245,69.38246,1011.2
20240802T1800,23.010244,75.745834,1011.5
20240802T1900,21.420246,83.11937,1012.0
20240802T2000,20.180244,87.842834,1012.5
20240802T2100,19.380245,90.60082,1012.7
20240802T2200,18.200245,95.12912,1013.2
20240802T2300,18.020245,95.06254,1014.0
20240803T0000,17.590246,95.96027,1013.9
20240803T0100,17.480246,96.816734,1013.0
20240803T0200,17.240246,97.05866,1012.9
20240803T0300,17.430244,96.692375,1012.9
20240803T0400,17.620245,94.68563,1013.2
20240803T0500,17.960245,93.20316,1013.5
20240803T0600,19.120245,90.06832,1013.7
20240803T0700,20.650246,82.821075,1014.0
20240803T0800,22.380245,74.93241,1014.4
20240803T0900,23.520245,65.606804,1014.4
20240803T1000,24.680244,62.870293,1014.5
20240803T1100,25.260244,58.893917,1014.3
20240803T1200,26.110245,54.53567,1014.0
20240803T1300,26.380245,53.39414,1013.8
20240803T1400,26.740246,51.63482,1013.4
20240803T1500,27.090246,50.3514,1013.0
20240803T1600,26.810246,49.8593,1012.8
20240803T1700,26.060246,51.42574,1013.1
20240803T1800,24.260244,57.60933,1013.3
20240803T1900,22.040245,64.290085,1013.7
20240803T2000,20.800245,68.409065,1014.9
20240803T2100,20.140245,71.68325,1015.1
20240803T2200,19.390245,79.296936,1015.9
20240803T2300,18.870245,81.08356,1016.0
20240804T0000,18.220245,84.959236,1016.2
20240804T0100,17.770245,86.56982,1016.0
20240804T0200,17.070246,88.65411,1016.1
20240804T0300,16.680244,89.60232,1016.0
20240804T0400,16.320246,90.45,1016.2
20240804T0500,16.640245,89.54129,1016.4
20240804T0600,18.320246,82.75622,1016.7
20240804T0700,20.050245,73.877754,1016.8
20240804T0800,21.420246,67.175026,1016.9
20240804T0900,22.630245,63.757656,1017.0
20240804T1000,23.460245,60.736706,1016.9
20240804T1100,24.430244,58.81093,1016.5
20240804T1200,24.780245,56.85125,1016.3
20240804T1300,25.200245,55.54512,1016.1
20240804T1400,25.230246,56.306946,1015.8
20240804T1500,24.960245,58.48544,1015.6
20240804T1600,24.530245,59.67025,1015.5
20240804T1700,23.870245,61.89381,1015.4
20240804T1800,22.890245,68.514534,1015.4
20240804T1900,21.830246,71.94404,1015.9
20240804T2000,21.470245,72.4799,1016.3
20240804T2100,20.610245,75.84739,1016.6
20240804T2200,19.620245,81.38876,1016.9
20240804T2300,18.940245,83.7385,1016.9
20240805T0000,18.330246,85.463684,1016.9
20240805T0100,17.730246,89.79659,1016.7
20240805T0200,17.260244,89.704056,1016.4
20240805T0300,17.020245,90.67423,1016.1
20240805T0400,16.580246,92.59577,1016.1
20240805T0500,16.760244,93.56387,1016.1
20240805T0600,18.270245,88.52498,1016.2
20240805T0700,20.570246,79.81646,1016.3
20240805T0800,22.440245,71.73319,1016.1
20240805T0900,23.920246,65.52336,1016.0
20240805T1000,24.940245,60.378986,1015.7
20240805T1100,25.780245,55.83116,1015.3
20240805T1200,26.600245,52.164738,1014.8
20240805T1300,27.230246,49.204914,1014.5
20240805T1400,27.600245,47.25436,1014.0
20240805T1500,27.650246,45.76644,1013.8
20240805T1600,27.450245,46.009182,1013.6
20240805T1700,26.510244,47.884827,1013.3
20240805T1800,24.660246,51.59546,1013.4
20240805T1900,21.470245,68.189804,1013.6
20240805T2000,19.530245,78.505264,1014.1
20240805T2100,19.180244,78.910675,1013.8
20240805T2200,18.360245,82.54787,1014.2
20240805T2300,18.110245,82.67745,1014.1
20240806T0000,17.630245,83.58826,1014.0
20240806T0100,17.380245,84.21196,1013.7
20240806T0200,16.670246,87.30922,1013.4
20240806T0300,15.690246,90.699745,1013.2
20240806T0400,15.050245,91.667816,1013.0
20240806T0500,15.790245,91.89338,1013.1
20240806T0600,18.590246,83.00203,1013.2
20240806T0700,21.430244,70.683426,1013.1
20240806T0800,23.630245,64.18016,1013.0
20240806T0900,25.480246,60.272682,1012.7
20240806T1000,26.870245,56.49041,1012.7
20240806T1100,28.080246,53.178116,1012.3
20240806T1200,29.050245,49.211052,1011.6
20240806T1300,29.760244,45.399094,1011.5
20240806T1400,30.090246,43.003098,1011.3
20240806T1500,30.290245,41.59298,1011.0
20240806T1600,30.110245,41.410175,1010.7
20240806T1700,29.350245,43.13298,1010.5
20240806T1800,27.100245,57.482872,1010.8
20240806T1900,25.810246,52.162914,1011.2
20240806T2000,23.850245,63.0086,1011.6
20240806T2100,22.830246,65.63001,1011.9
20240806T2200,20.540245,80.21987,1012.6
20240806T2300,19.300245,84.96423,1012.5
20240807T0000,18.370245,90.07291,1012.6
20240807T0100,18.000246,91.321884,1012.7
20240807T0200,17.640245,92.47547,1012.5
20240807T0300,17.820246,92.367165,1012.3
20240807T0400,17.950245,93.14329,1012.3
20240807T0500,19.030245,90.923,1012.8
20240807T0600,19.410246,89.63342,1013.1
20240807T0700,19.550245,91.58953,1013.3
20240807T0800,19.950245,92.71301,1014.1
20240807T0900,20.170246,90.42446,1014.5
20240807T1000,21.150246,88.64165,1015.3
20240807T1100,23.360245,77.38381,1014.8
20240807T1200,24.840246,69.76153,1014.5
20240807T1300,25.610245,65.37834,1014.2
20240807T1400,26.500246,60.772926,1013.6
20240807T1500,27.100245,57.883312,1013.2
20240807T1600,27.550245,56.654354,1012.9
20240807T1700,27.590246,56.59257,1013.1
20240807T1800,25.650246,66.54532,1013.5
20240807T1900,23.090246,78.36833,1013.9
20240807T2000,22.010244,84.07612,1014.8
20240807T2100,21.420246,86.31017,1015.2
20240807T2200,21.520245,83.39247,1015.6
20240807T2300,20.400246,88.91829,1015.8
20240808T0000,20.180244,90.14126,1015.8
20240808T0100,20.060246,89.45442,1015.9
20240808T0200,19.490246,92.22374,1015.7
20240808T0300,19.410246,91.81291,1015.8
20240808T0400,19.720245,90.052986,1016.1
20240808T0500,19.800245,90.45701,1016.7
20240808T0600,20.250246,89.41196,1017.2
20240808T0700,20.770245,84.31405,1017.8
20240808T0800,21.680244,76.74396,1018.2
20240808T0900,22.450245,69.17572,1018.4
20240808T1000,23.710245,60.638138,1018.6
20240808T1100,24.620245,54.020664,1018.2
20240808T1200,25.370245,49.931656,1017.8
20240808T1300,25.750246,47.898636,1017.7
20240808T1400,26.250246,46.982414,1017.3
20240808T1500,26.340246,46.21718,1017.2
20240808T1600,26.180244,45.93295,1017.0
20240808T1700,25.600245,46.80607,1016.9
20240808T1800,23.620245,63.728233,1017.3
20240808T1900,21.970245,61.902462,1017.7
20240808T2000,20.280245,71.43125,1018.1
20240808T2100,18.340246,82.38586,1018.3
20240808T2200,17.090246,83.85171,1018.9
20240808T2300,15.830245,90.473885,1019.0
20240809T0000,15.170245,94.3418,1018.9
20240809T0100,15.030245,95.88236,1018.7
20240809T0200,14.340245,97.94643,1018.6
20240809T0300,14.200245,97.81625,1018.7
20240809T0400,13.8102455,97.93703,1018.7
20240809T0500,14.820246,95.06716,1018.9
20240809T0600,17.630245,85.39129,1019.2
20240809T0700,20.680244,73.890495,1019.6
20240809T0800,23.100245,63.24793,1019.6
20240809T0900,24.990246,56.06749,1019.7
20240809T1000,26.130245,51.443905,1019.5
20240809T1100,27.100245,48.19795,1019.2
20240809T1200,28.040245,45.84243,1018.9
20240809T1300,28.680244,45.16579,1018.5
20240809T1400,29.180244,44.40916,1018.2
20240809T1500,29.210245,44.96198,1018.2
20240809T1600,28.930244,45.64146,1018.1
20240809T1700,28.140245,47.949074,1018.1
20240809T1800,26.370245,53.83787,1018.5
20240809T1900,23.200245,66.59484,1019.0
20240809T2000,21.280245,75.42316,1019.8
20240809T2100,20.380245,79.2833,1020.3
20240809T2200,19.890245,80.95646,1020.5
20240809T2300,19.470245,82.10215,1020.7
20240810T0000,19.250246,83.5061,1020.8
20240810T0100,19.500246,82.73818,1021.2
20240810T0200,19.040245,84.55763,1021.1
20240810T0300,17.920246,88.95146,1021.1
20240810T0400,17.270245,90.57469,1021.3
20240810T0500,17.280245,91.45262,1021.5
20240810T0600,19.830246,84.26618,1021.9
20240810T0700,22.500246,72.93835,1021.9
20240810T0800,24.760244,65.20148,1022.1
20240810T0900,26.320246,59.66798,1021.8
20240810T1000,27.470245,54.803757,1021.8
20240810T1100,28.510244,50.913246,1021.5
20240810T1200,29.230246,48.206623,1021.3
20240810T1300,29.780245,45.607525,1021.0
20240810T1400,30.310246,43.95203,1020.8
20240810T1500,30.390245,43.527214,1020.6
20240810T1600,30.230246,44.09886,1020.2
20240810T1700,29.190245,48.657543,1020.0
20240810T1800,26.950245,55.269043,1020.0
20240810T1900,23.660246,71.13905,1020.5
20240810T2000,22.190245,78.98328,1020.9
20240810T2100,21.270245,82.58014,1021.2
20240810T2200,20.400246,89.03021,1021.6
20240810T2300,19.720245,91.19627,1021.5
20240811T0000,19.380245,91.811195,1021.4
20240811T0100,18.780245,93.301575,1021.0
20240811T0200,18.170246,94.3461,1020.7
20240811T0300,17.710245,95.05171,1020.5
20240811T0400,17.680244,93.48751,1020.5
20240811T0500,17.710245,94.26746,1020.6
20240811T0600,20.290245,86.040886,1020.8
20240811T0700,22.700245,74.51221,1020.8
20240811T0800,24.720245,66.273186,1020.9
20240811T0900,26.530245,61.781895,1020.5
20240811T1000,28.400246,57.465893,1020.0
20240811T1100,29.760244,54.168774,1019.0
20240811T1200,31.010244,51.13418,1018.3
20240811T1300,31.860245,48.70958,1017.7
20240811T1400,32.370247,46.760204,1017.1
20240811T1500,32.510246,46.564137,1016.9
20240811T1600,32.170246,46.79533,1016.1
20240811T1700,31.030245,49.25966,1015.4
20240811T1800,28.800245,58.46345,1015.5
20240811T1900,25.720245,72.39975,1015.5
20240811T2000,25.240246,72.9494,1015.6
20240811T2100,23.590246,79.9178,1015.6
20240811T2200,22.150246,87.51352,1015.5
20240811T2300,21.390245,90.672745,1015.4
20240812T0000,21.000246,91.90127,1015.5
20240812T0100,21.050245,92.07594,1015.3
20240812T0200,21.070246,91.73339,1014.9
20240812T0300,21.300245,90.27243,1014.4
20240812T0400,21.170246,90.26386,1014.3
20240812T0500,20.930244,90.530594,1014.5
20240812T0600,22.070246,83.97741,1014.7
20240812T0700,23.780245,76.008194,1014.7
20240812T0800,26.160246,69.35704,1014.4
20240812T0900,28.440245,63.67926,1014.0
20240812T1000,30.790245,53.850533,1013.5
20240812T1100,32.160248,48.00441,1012.7
20240812T1200,33.45025,43.825916,1012.8
20240812T1300,33.500248,44.694084,1012.4
20240812T1400,34.260246,42.034176,1011.7
20240812T1500,34.04025,40.860703,1011.2
20240812T1600,33.460247,42.479836,1011.4
20240812T1700,32.070248,46.47757,1011.3
20240812T1800,30.610245,47.870277,1011.3
20240812T1900,29.590246,49.414124,1011.5
20240812T2000,27.270245,59.213074,1012.1
20240812T2100,25.710245,63.015804,1012.2
20240812T2200,23.330246,73.265724,1014.2
20240812T2300,22.130245,75.750824,1014.0
20240813T0000,21.760244,77.19518,1013.2
20240813T0100,20.950245,81.14411,1012.6
20240813T0200,20.400246,82.63432,1012.2
20240813T0300,19.480246,87.33903,1012.1
20240813T0400,19.010244,87.91108,1011.9
20240813T0500,18.970245,88.863976,1012.0
20240813T0600,20.500246,81.86319,1012.1
20240813T0700,22.950245,71.915665,1012.1
20240813T0800,25.500246,65.39666,1012.0
20240813T0900,27.430244,58.990284,1011.7
20240813T1000,29.160246,53.481636,1011.8
20240813T1100,30.410246,48.63818,1011.1
20240813T1200,31.590246,45.714695,1010.5
20240813T1300,32.560246,43.17903,1009.7
20240813T1400,32.740246,42.020435,1009.0
20240813T1500,33.18025,39.164482,1008.2
20240813T1600,32.870247,38.34093,1007.9
20240813T1700,32.010246,41.902348,1007.8
20240813T1800,28.620245,62.00939,1008.1
20240813T1900,26.290245,61.92318,1008.6
20240813T2000,25.500246,63.97139,1009.1
20240813T2100,23.790245,70.40383,1009.4
20240813T2200,23.080246,74.19947,1010.1
20240813T2300,22.130245,79.62396,1010.4
20240814T0000,21.830246,78.933205,1011.3
20240814T0100,20.820246,81.695206,1011.6
20240814T0200,20.340246,83.89492,1011.8
20240814T0300,19.890245,86.38474,1011.6
20240814T0400,19.460245,87.50375,1011.7
20240814T0500,19.210245,87.92805,1012.3
20240814T0600,20.960245,82.49145,1012.7
20240814T0700,23.020245,75.79506,1013.0
20240814T0800,24.950245,67.54185,1013.3
20240814T0900,26.080246,63.49399,1013.2
20240814T1000,27.750246,55.150845,1013.1
20240814T1100,28.600245,51.880436,1013.1
20240814T1200,28.720245,49.406796,1012.9
20240814T1300,28.900246,49.359627,1012.8
20240814T1400,28.940245,50.70197,1012.6
20240814T1500,27.740246,52.689575,1012.8
20240814T1600,26.650246,56.186802,1013.2
20240814T1700,26.210245,58.371735,1013.7
20240814T1800,24.880245,63.757614,1014.2
20240814T1900,22.820246,71.34737,1015.3
20240814T2000,21.200245,78.545204,1016.1
20240814T2100,20.060246,84.66641,1016.4
20240814T2200,20.290245,83.306114,1017.1
20240814T2300,19.600245,85.81033,1016.9
20240815T0000,18.840246,90.45014,1016.7
20240815T0100,18.310246,91.98324,1017.2
20240815T0200,18.150246,92.3264,1017.6
20240815T0300,17.880245,93.13987,1017.7
20240815T0400,17.510244,94.018684,1017.9
20240815T0500,17.680244,93.96606,1018.4
20240815T0600,19.100245,89.55402,1018.9
20240815T0700,20.970245,81.61038,1019.1
20240815T0800,23.010244,72.566246,1019.0
20240815T0900,24.770245,64.87445,1018.8
20240815T1000,26.380245,59.94626,1018.3
20240815T1100,27.590246,56.343353,1018.0
20240815T1200,28.360245,52.214706,1017.6
20240815T1300,29.080246,49.59486,1017.2
20240815T1400,29.540245,47.80059,1016.7
20240815T1500,29.580246,46.67052,1016.5
20240815T1600,29.260244,46.793648,1016.3
20240815T1700,28.310246,48.549892,1016.3
20240815T1800,26.570246,50.280136,1016.6
20240815T1900,23.870245,63.33604,1017.0
20240815T2000,22.060246,71.43643,1017.7
20240815T2100,20.660246,79.4233,1018.0
20240815T2200,21.610245,74.00095,1018.5
20240815T2300,20.900246,77.50878,1018.4
20240816T0000,19.970245,82.84659,1018.5
20240816T0100,19.290245,86.49284,1018.4
20240816T0200,19.300245,86.82468,1018.5
20240816T0300,19.200245,86.81545,1018.4
20240816T0400,19.100245,87.41656,1018.4
20240816T0500,18.880245,89.14004,1018.4
20240816T0600,20.300245,83.571915,1018.4
20240816T0700,22.820246,73.3176,1018.6
20240816T0800,24.820246,64.96708,1018.7
20240816T0900,26.300245,58.838608,1018.6
20240816T1000,27.170246,57.535805,1018.2
20240816T1100,28.020245,52.96138,1017.8
20240816T1200,28.670246,49.48806,1017.2
20240816T1300,29.460245,47.688538,1016.4
20240816T1400,29.640245,46.56785,1016.2
20240816T1500,30.090246,44.428093,1015.6
20240816T1600,29.990246,43.363026,1015.2
20240816T1700,29.100245,43.25939,1014.7
20240816T1800,27.140245,49.594097,1015.1
20240816T1900,24.880245,56.766052,1015.5
20240816T2000,23.710245,60.59915,1015.9
20240816T2100,22.430244,67.03587,1016.1
20240816T2200,21.410246,72.422874,1016.6
20240816T2300,20.560246,75.354866,1016.9
20240817T0000,20.090246,77.188644,1016.7
20240817T0100,19.300245,83.56521,1016.2
20240817T0200,19.120245,83.91979,1015.8
20240817T0300,18.450245,88.08814,1015.8
20240817T0400,18.460245,87.69559,1015.7
20240817T0500,18.080246,89.192245,1015.6
20240817T0600,19.530245,83.75151,1015.8
20240817T0700,21.560246,76.09461,1016.0
20240817T0800,23.690245,67.89142,1015.8
20240817T0900,25.300245,60.57702,1015.5
20240817T1000,26.380245,56.371597,1015.2
20240817T1100,27.220245,52.0568,1014.5
20240817T1200,28.020245,47.30591,1013.6
20240817T1300,28.420246,45.357536,1013.1
20240817T1400,28.700245,44.622307,1012.6
20240817T1500,28.350245,46.13336,1012.1
20240817T1600,27.640245,47.723824,1011.9
20240817T1700,26.360245,54.284897,1011.7
20240817T1800,24.880245,60.67393,1011.8
20240817T1900,23.310246,68.55302,1011.9
20240817T2000,22.320246,74.167076,1012.1
20240817T2100,21.820246,78.583595,1012.0
20240817T2200,21.000246,90.30912,1011.9
20240817T2300,20.780245,88.77991,1011.7
20240818T0000,20.540245,89.26472,1011.3
20240818T0100,20.230246,89.69224,1011.1
20240818T0200,19.910246,91.552795,1010.7
20240818T0300,19.430244,93.5082,1010.4
20240818T0400,19.040245,94.02354,1010.4
20240818T0500,18.730246,93.004166,1010.3
20240818T0600,18.630245,93.94701,1010.5
20240818T0700,19.060246,90.2357,1010.7
20240818T0800,19.550245,85.26126,1010.8
20240818T0900,20.230246,82.40439,1011.0
20240818T1000,20.100245,85.85935,1011.5
20240818T1100,20.630245,82.66149,1011.9
20240818T1200,20.910246,78.854034,1012.0
20240818T1300,21.080246,77.289246,1012.6
20240818T1400,20.450245,80.51484,1012.9
20240818T1500,19.730246,83.77392,1013.3
20240818T1600,19.210245,88.82633,1013.6
20240818T1700,18.890245,88.51892,1013.8
20240818T1800,18.520245,91.645004,1014.2
20240818T1900,18.240246,93.276024,1014.8
20240818T2000,18.070246,94.34212,1015.5
20240818T2100,17.970245,94.338104,1016.0
20240818T2200,17.680244,94.08603,1016.7
20240818T2300,17.310246,94.431915,1017.0
20240819T0000,17.090246,95.45621,1017.2
20240819T0100,16.970245,95.08612,1017.1
20240819T0200,16.910246,94.59747,1017.1
20240819T0300,16.690245,95.38166,1017.3
20240819T0400,16.450245,95.803604,1017.7
20240819T0500,16.180246,95.54861,1017.8
20240819T0600,16.720245,92.24623,1018.1
20240819T0700,18.210245,85.72642,1018.3
20240819T0800,19.520245,76.95237,1018.1
20240819T0900,20.850245,67.23215,1017.9
20240819T1000,21.710245,62.08512,1017.9
20240819T1100,22.620245,57.50904,1017.3
20240819T1200,23.070246,54.65317,1017.2
20240819T1300,23.620245,53.24119,1016.9
20240819T1400,24.030245,52.24418,1016.4
20240819T1500,24.200245,51.64358,1016.2
20240819T1600,23.920246,52.249683,1016.1
20240819T1700,23.080246,56.249603,1015.8
20240819T1800,21.330246,63.140972,1015.8
20240819T1900,19.150246,74.010185,1016.2
20240819T2000,18.450245,78.04243,1016.4
20240819T2100,17.780245,82.63727,1016.5
20240819T2200,17.300245,85.52278,1016.4
20240819T2300,16.900246,85.4256,1015.9
20240820T0000,17.120245,83.041214,1015.7
20240820T0100,16.860245,83.879745,1015.5
20240820T0200,16.010246,87.76134,1015.1
20240820T0300,14.830245,91.115234,1014.7
20240820T0400,15.280245,90.43436,1014.6
20240820T0500,15.090245,90.954346,1014.4
20240820T0600,16.760244,86.97839,1014.8
20240820T0700,18.760244,78.44329,1014.9
20240820T0800,20.280245,73.48978,1014.8
20240820T0900,21.660246,69.60114,1014.6
20240820T1000,22.920246,66.579926,1014.2
20240820T1100,23.990246,64.13485,1013.7
20240820T1200,24.790245,61.47073,1013.2
20240820T1300,25.660246,59.100502,1012.7
20240820T1400,26.080246,58.19303,1012.2
20240820T1500,26.460245,56.247765,1011.8
20240820T1600,26.250246,55.590813,1011.9
20240820T1700,25.390245,57.218765,1011.8
20240820T1800,23.650246,64.26654,1012.1
20240820T1900,21.260244,75.419945,1012.8
20240820T2000,20.490246,77.744934,1013.6
20240820T2100,20.110245,77.688286,1014.1
20240820T2200,20.220245,78.253845,1015.1
20240820T2300,19.770245,79.40115,1015.0
20240821T0000,19.240246,81.13165,1015.4
20240821T0100,18.910246,83.19985,1015.8
20240821T0200,19.000246,81.62349,1016.1
20240821T0300,18.570246,82.04329,1016.7
20240821T0400,18.390245,80.60274,1017.1
20240821T0500,17.960245,82.285706,1017.5
20240821T0600,17.990246,79.3034,1018.5
20240821T0700,18.070246,74.99155,1019.4
20240821T0800,18.670246,67.665054,1020.3
20240821T0900,19.180244,61.33733,1020.5
20240821T1000,20.180244,56.526817,1020.8
20240821T1100,21.120245,51.68379,1020.7
20240821T1200,21.780245,47.702393,1020.4
20240821T1300,22.450245,43.971684,1020.3
20240821T1400,23.020245,41.645866,1019.9
20240821T1500,22.960245,40.35001,1019.6
20240821T1600,22.630245,40.53046,1019.4
20240821T1700,21.800245,43.16758,1019.2
20240821T1800,19.190245,57.11251,1019.0
20240821T1900,17.630245,61.75373,1019.2
20240821T2000,15.940246,70.416145,1019.4
20240821T2100,14.640245,74.74967,1019.1
20240821T2200,14.270246,78.59709,1019.5
20240821T2300,12.990245,84.770744,1019.2
20240822T0000,12.230246,88.76527,1019.0
20240822T0100,12.150246,88.996735,1018.6
20240822T0200,12.500245,87.43157,1018.2
20240822T0300,12.050245,89.167435,1018.0
20240822T0400,11.710245,89.98163,1017.7
20240822T0500,11.430245,90.75015,1017.2
20240822T0600,12.670245,90.11837,1017.1
20240822T0700,15.440246,77.63182,1016.8
20240822T0800,18.000246,66.72462,1016.4
20240822T0900,20.110245,59.121582,1016.0
20240822T1000,21.940245,55.743996,1015.6
20240822T1100,23.560246,52.361385,1015.3
20240822T1200,25.030245,47.516785,1014.7
20240822T1300,26.070246,40.581154,1014.1
20240822T1400,26.750246,35.930305,1013.6
20240822T1500,27.010244,33.732944,1013.3
20240822T1600,26.560246,33.673653,1013.0
20240822T1700,25.150246,35.13856,1012.6
20240822T1800,22.270245,44.668682,1012.8
20240822T1900,19.470245,55.0395,1013.1
20240822T2000,18.040245,61.933067,1013.4
20240822T2100,16.050245,71.00558,1013.4
20240822T2200,13.960245,82.87,1013.8
20240822T2300,13.470245,85.45094,1014.1
20240823T0000,13.170245,87.4382,1013.8
20240823T0100,12.680245,89.57949,1014.1
20240823T0200,12.510245,91.07346,1013.8
20240823T0300,12.250245,92.77343,1013.7
20240823T0400,12.190246,94.07808,1013.6
20240823T0500,12.120245,93.57406,1014.2
20240823T0600,14.190246,86.38427,1014.2
20240823T0700,17.900246,73.06966,1014.7
20240823T0800,21.650246,56.484238,1014.8
20240823T0900,24.540245,47.446068,1014.7
20240823T1000,26.440245,41.090973,1014.5
20240823T1100,27.760244,37.886784,1014.3
20240823T1200,28.640245,36.8023,1013.9
20240823T1300,29.260244,36.063892,1013.5
20240823T1400,29.510244,35.732258,1013.4
20240823T1500,29.530245,35.038673,1013.4
20240823T1600,29.000246,35.12186,1013.6
20240823T1700,27.620245,37.10207,1013.7
20240823T1800,24.370245,51.55327,1014.0
20240823T1900,22.760244,55.986572,1014.5
20240823T2000,21.140245,62.769806,1015.1
20240823T2100,18.360245,75.62983,1015.2
20240823T2200,17.300245,79.515366,1015.5
20240823T2300,16.460245,82.204575,1015.6
20240824T0000,16.030245,84.943565,1015.6
20240824T0100,15.730246,86.99355,1015.6
20240824T0200,15.650246,88.477104,1015.3
20240824T0300,15.550245,89.74872,1014.7
20240824T0400,15.3102455,90.9101,1014.2
20240824T0500,15.420245,90.149796,1014.0
20240824T0600,17.440245,82.86422,1013.7
20240824T0700,21.000246,67.78783,1013.5
20240824T0800,24.280245,57.911892,1013.2
20240824T0900,27.140245,50.65601,1012.8
20240824T1000,29.590246,42.92179,1012.7
20240824T1100,31.600245,37.024857,1011.7
20240824T1200,33.050247,33.18509,1011.2
20240824T1300,34.190247,31.836443,1010.4
20240824T1400,34.670246,31.053324,1009.6
20240824T1500,34.77025,28.998682,1009.2
20240824T1600,33.79025,27.732483,1008.7
20240824T1700,32.100246,31.366844,1008.3
20240824T1800,28.750246,45.0977,1009.2
20240824T1900,28.800245,44.19186,1010.5
20240824T2000,26.510244,50.949013,1011.3
20240824T2100,24.140245,57.43186,1012.8
20240824T2200,23.310246,68.64019,1014.7
20240824T2300,21.860245,77.897064,1015.3
20240825T0000,20.720245,82.986664,1015.9
20240825T0100,18.940245,86.239204,1017.4
20240825T0200,17.790245,86.516,1018.8
20240825T0300,16.840246,87.042366,1019.7
20240825T0400,16.360247,87.90702,1020.9
20240825T0500,16.020247,89.90144,1021.5
20240825T0600,16.000246,89.37535,1022.6
20240825T0700,16.850245,84.09734,1023.2
20240825T0800,17.800245,75.63643,1023.5
20240825T0900,18.650246,70.29206,1024.0
20240825T1000,19.490246,65.99036,1024.1
20240825T1100,20.210245,61.213745,1024.1
20240825T1200,20.810246,57.86028,1023.9
20240825T1300,21.260244,54.081352,1023.4
20240825T1400,21.430244,52.495777,1023.2
20240825T1500,21.520245,49.922203,1022.8
20240825T1600,21.640245,51.238426,1022.5
20240825T1700,20.720245,55.656025,1022.2
20240825T1800,19.070246,62.62861,1022.5
20240825T1900,17.010244,72.81244,1022.6
20240825T2000,16.190247,75.31736,1022.7
20240825T2100,15.660245,79.27825,1022.8
20240825T2200,16.420246,74.75972,1023.0
20240825T2300,15.250245,82.86669,1022.7
20240826T0000,14.0602455,88.57211,1022.6
20240826T0100,13.5602455,89.35437,1022.5
20240826T0200,13.480246,88.57991,1022.2
20240826T0300,13.110246,88.84253,1022.2
20240826T0400,13.000245,89.30779,1022.2
20240826T0500,13.220245,86.86177,1022.6
20240826T0600,14.120245,81.95598,1022.8
20240826T0700,15.520246,74.703224,1022.9
20240826T0800,17.260244,68.00233,1022.8
20240826T0900,19.030245,62.702583,1022.9
20240826T1000,20.200245,58.364517,1023.1
20240826T1100,21.520245,55.125336,1022.6
20240826T1200,22.150246,52.719845,1022.1
20240826T1300,22.750246,51.261547,1021.7
20240826T1400,22.930244,51.614933,1021.4
20240826T1500,23.000246,51.73562,1021.1
20240826T1600,22.590246,52.245304,1020.9
20240826T1700,21.980246,53.448322,1020.9
20240826T1800,20.320246,60.15843,1021.2
20240826T1900,18.130245,71.82654,1021.7
20240826T2000,16.930244,76.09111,1022.0
20240826T2100,16.700245,73.775566,1022.2
20240826T2200,13.970245,88.15483,1022.1
20240826T2300,13.230246,90.76255,1021.9
20240827T0000,12.890245,92.25828,1022.0
20240827T0100,12.5602455,92.42198,1021.6
20240827T0200,12.130245,93.82454,1021.3
20240827T0300,11.970245,93.94157,1021.2
20240827T0400,11.520246,95.24792,1021.1
20240827T0500,11.500245,94.67516,1021.2
20240827T0600,14.040245,87.11654,1021.3
20240827T0700,16.680244,76.30138,1021.1
20240827T0800,19.130245,69.834335,1020.5
20240827T0900,20.890245,65.51552,1020.2
20240827T1000,22.650246,61.37834,1020.0
20240827T1100,23.700245,59.629215,1019.4
20240827T1200,24.640245,56.780514,1018.9
20240827T1300,25.430244,54.36526,1018.3
20240827T1400,26.180244,52.0568,1017.7
20240827T1500,26.550245,50.7957,1017.1
20240827T1600,26.370245,50.97821,1016.6
20240827T1700,25.470245,55.898037,1016.7
20240827T1800,22.430244,68.07474,1016.9
20240827T1900,20.310246,75.31416,1017.3
20240827T2000,19.060246,81.52629,1017.5
20240827T2100,18.200245,85.12124,1017.5
20240827T2200,17.540245,84.55766,1017.8
20240827T2300,16.730246,87.76889,1017.8
20240828T0000,16.000246,90.016884,1017.8
20240828T0100,15.710245,90.819275,1017.5
20240828T0200,15.440246,91.75229,1017.5
20240828T0300,15.460245,91.455246,1017.8
20240828T0400,15.200245,92.15705,1017.7
20240828T0500,14.910245,93.71726,1017.8
20240828T0600,16.340246,91.215965,1018.1
20240828T0700,19.210245,82.38631,1018.2
20240828T0800,21.990246,74.67908,1018.3
20240828T0900,24.540245,67.12093,1018.0
20240828T1000,27.140245,57.929287,1017.8
20240828T1100,28.980246,51.650063,1017.4
20240828T1200,30.400246,46.006187,1017.0
20240828T1300,31.350245,41.643185,1016.5
20240828T1400,31.920246,38.226845,1016.4
20240828T1500,32.080246,36.96669,1016.0
20240828T1600,31.550245,37.395164,1015.6
20240828T1700,30.080246,39.984886,1015.5
20240828T1800,27.660246,49.57156,1015.8
20240828T1900,25.450245,57.26986,1016.3
20240828T2000,22.630245,68.946014,1016.6
20240828T2100,21.290245,76.68417,1016.8
20240828T2200,20.590246,78.20782,1016.9
20240828T2300,19.840246,80.79489,1017.1
20240829T0000,19.290245,82.39602,1017.5
20240829T0100,18.400246,87.802635,1017.6
20240829T0200,17.520245,90.766365,1017.7
20240829T0300,17.100245,92.68361,1017.7
20240829T0400,16.740246,93.7436,1017.7
20240829T0500,16.770245,94.04669,1018.0
20240829T0600,18.660246,85.82661,1018.4
20240829T0700,21.920246,75.334305,1018.7
20240829T0800,25.190245,64.51337,1018.9
20240829T0900,27.990246,55.628696,1018.9
20240829T1000,29.630245,50.87894,1018.1
20240829T1100,31.030245,46.788773,1017.6
20240829T1200,32.010246,42.51716,1017.1
20240829T1300,32.520245,39.00888,1016.8
20240829T1400,32.500248,36.868935,1016.6
20240829T1500,32.350246,36.544613,1016.4
20240829T1600,31.730246,38.816864,1016.6
20240829T1700,30.260244,44.587437,1016.7
20240829T1800,27.400246,50.561504,1016.8
20240829T1900,25.680244,58.02413,1017.2
20240829T2000,23.760244,67.77621,1017.2
20240829T2100,21.580246,78.74864,1017.3
20240829T2200,19.890245,87.3198,1017.1
20240829T2300,19.210245,89.221855,1017.3
20240830T0000,18.560246,91.88063,1017.3
20240830T0100,18.110245,93.80543,1017.1
20240830T0200,17.900246,93.91571,1016.9
20240830T0300,17.780245,93.43254,1017.3
20240830T0400,17.660246,92.181335,1017.7
20240830T0500,17.730246,90.722244,1017.5
20240830T0600,19.220245,88.264786,1017.5
20240830T0700,22.400246,74.462845,1017.8
20240830T0800,24.910246,65.15044,1018.1
20240830T0900,27.100245,57.883312,1017.9
20240830T1000,28.440245,54.972942,1018.0
20240830T1100,29.890245,50.945366,1017.3
20240830T1200,30.740246,48.115685,1017.0
20240830T1300,31.530245,44.928165,1016.6
20240830T1400,31.570246,44.515682,1016.1
20240830T1500,31.460245,44.122257,1015.9
20240830T1600,30.720245,47.419052,1015.7
20240830T1700,28.590246,53.474197,1015.7
20240830T1800,26.680244,61.0818,1016.2
20240830T1900,24.250246,75.89103,1016.6
20240830T2000,22.730246,83.94325,1017.1
20240830T2100,21.910246,87.82095,1017.3
20240830T2200,22.820246,76.91662,1017.6
20240830T2300,22.150246,78.87829,1017.7
20240831T0000,21.580246,81.788635,1017.8
20240831T0100,20.310246,87.74302,1018.1
20240831T0200,19.620245,90.15992,1018.2
20240831T0300,19.040245,92.54997,1018.2
20240831T0400,18.820246,93.1264,1018.1
20240831T0500,18.090246,96.03524,1018.0
20240831T0600,19.190245,93.32065,1018.4
20240831T0700,21.170246,83.98571,1018.7
20240831T0800,23.390245,74.48437,1018.6
20240831T0900,25.660246,64.897545,1018.4
20240831T1000,27.640245,56.92639,1018.2
20240831T1100,29.210245,51.83899,1017.9
20240831T1200,30.230246,49.176178,1017.4
20240831T1300,31.090246,46.393826,1016.9
20240831T1400,31.120245,45.24554,1016.7
20240831T1500,30.810246,46.43674,1015.9
20240831T1600,30.170246,48.882732,1015.5
20240831T1700,28.730246,54.254673,1015.5
20240831T1800,25.960245,67.150894,1015.7
20240831T1900,25.070246,70.15453,1016.0
20240831T2000,24.350245,72.93468,1016.4
20240831T2100,21.830246,84.74385,1016.3
20240831T2200,20.940245,88.34813,1016.7
20240831T2300,20.420246,90.2141,1016.9
20240901T0000,19.840246,91.779465,1016.3
20240901T0100,19.370245,93.38775,1015.9
20240901T0200,18.960245,94.37716,1015.9
20240901T0300,18.440245,94.95664,1015.7
20240901T0400,18.100245,95.61,1015.4
20240901T0500,17.990246,95.424614,1015.5
20240901T0600,19.510244,90.437744,1015.8
20240901T0700,22.260244,80.49657,1015.6
20240901T0800,24.700245,71.370834,1015.5
20240901T0900,26.870245,64.02168,1015.6
20240901T1000,28.580246,61.275593,1014.8
20240901T1100,29.880245,56.119076,1014.4
20240901T1200,30.700245,52.5403,1013.7
20240901T1300,30.500246,51.45305,1013.3
20240901T1400,29.770245,50.627373,1012.5
20240901T1500,28.830246,52.070206,1012.4
20240901T1600,28.230246,55.16404,1013.7
20240901T1700,27.490246,57.684288,1014.5
20240901T1800,25.080246,72.42472,1014.0
20240901T1900,24.080246,71.17019,1014.3
20240901T2000,22.710245,79.05506,1014.8
20240901T2100,21.200245,84.147736,1014.8
20240901T2200,20.530245,89.151924,1016.4
20240901T2300,19.250246,94.269455,1015.9
20240902T0000,18.830246,95.93399,1015.3
20240902T0100,19.060246,96.0006,1015.0
20240902T0200,18.760244,96.295906,1015.0
20240902T0300,18.850245,96.05557,1014.7
20240902T0400,18.740246,95.81051,1014.3
20240902T0500,18.290245,96.52832,1014.2
20240902T0600,18.600245,95.38358,1014.5
20240902T0700,19.620245,91.76698,1014.6
20240902T0800,20.920246,84.91678,1014.6
20240902T0900,22.590246,77.22164,1014.7
20240902T1000,24.190245,72.77048,1014.3
20240902T1100,25.580246,67.20158,1014.2
20240902T1200,26.430244,61.565784,1013.9
20240902T1300,26.860245,58.193,1013.2
20240902T1400,27.450245,56.523212,1012.6
20240902T1500,27.560246,55.664394,1012.5
20240902T1600,26.940245,58.138412,1012.4
20240902T1700,25.670246,61.902725,1012.6
20240902T1800,24.410246,65.086845,1013.1
20240902T1900,22.930244,72.7361,1013.7
20240902T2000,21.510244,80.90811,1014.1
20240902T2100,20.560246,84.61191,1014.2
20240902T2200,21.130245,78.78497,1014.2
20240902T2300,19.740246,86.809944,1014.8
20240903T0000,19.340246,88.499016,1014.6
20240903T0100,19.060246,89.55109,1014.7
20240903T0200,18.620245,91.18613,1014.9
20240903T0300,18.080246,93.44663,1014.8
20240903T0400,17.770245,94.330025,1014.8
20240903T0500,18.050245,93.80276,1014.9
20240903T0600,19.090246,89.72398,1015.3
20240903T0700,21.080246,82.662094,1015.8
20240903T0800,23.290245,74.468,1016.1
20240903T0900,25.340246,67.111786,1016.0
20240903T1000,26.700245,60.85632,1015.7
20240903T1100,27.760244,54.529392,1015.3
20240903T1200,28.630245,48.294205,1014.8
20240903T1300,29.170246,44.065388,1014.5
20240903T1400,29.160246,42.804085,1013.9
20240903T1500,28.010244,41.204807,1014.0
20240903T1600,26.650246,42.864326,1013.9
20240903T1700,25.260244,52.83525,1013.8
20240903T1800,22.330246,65.314095,1014.1
20240903T1900,21.410246,72.65503,1014.8
20240903T2000,21.740246,72.11195,1015.3
20240903T2100,20.650246,79.320854,1015.2
20240903T2200,20.750246,78.08164,1015.9
20240903T2300,20.860245,78.2969,1015.6
20240904T0000,20.870245,78.89856,1015.9
20240904T0100,20.450245,82.640236,1016.0
20240904T0200,19.510244,88.00913,1016.0
20240904T0300,19.280245,89.73766,1015.9
20240904T0400,18.910246,92.13385,1015.8
20240904T0500,18.820246,93.067474,1015.8
20240904T0600,19.420246,89.69091,1015.9
20240904T0700,20.250246,86.74677,1016.0
20240904T0800,21.010244,83.0201,1016.2
20240904T0900,22.130245,77.397026,1016.3
20240904T1000,22.450245,77.98261,1016.0
20240904T1100,23.370245,72.40025,1015.5
20240904T1200,24.290245,66.185165,1014.9
20240904T1300,24.690245,62.11719,1014.2
20240904T1400,24.860245,60.979523,1013.4
20240904T1500,25.260244,59.459972,1012.8
20240904T1600,25.010244,60.472088,1012.4
20240904T1700,23.940245,65.48587,1012.8
20240904T1800,22.380245,73.94239,1012.7
20240904T1900,21.540245,78.99256,1012.9
20240904T2000,20.850245,83.26439,1012.3
20240904T2100,20.670246,84.89104,1011.9
20240904T2200,19.970245,88.32598,1010.8
20240904T2300,19.640245,90.27523,1010.1
20240905T0000,19.590246,90.38597,1008.8
20240905T0100,19.410246,91.58132,1007.9
20240905T0200,19.240246,91.7452,1007.2
20240905T0300,19.210245,90.70446,1006.5
20240905T0400,18.890245,91.60871,1006.3
20240905T0500,18.730246,92.182335,1006.0
20240905T0600,19.120245,90.75608,1005.9
20240905T0700,19.780245,88.4783,1005.6
20240905T0800,20.620245,84.671684,1005.8
20240905T0900,21.530245,79.94587,1005.7
20240905T1000,22.040245,77.628525,1006.3
20240905T1100,23.380245,72.49338,1006.6
20240905T1200,23.800245,71.74943,1006.9
20240905T1300,22.570246,74.963196,1007.5
20240905T1400,20.990246,80.27969,1008.3
20240905T1500,19.480246,82.31372,1008.9
20240905T1600,18.510244,85.64674,1009.3
20240905T1700,17.810246,88.43035,1009.6
20240905T1800,17.120245,91.678055,1010.1
20240905T1900,16.810246,91.65909,1010.4
20240905T2000,16.680244,91.71022,1011.0
20240905T2100,16.470245,92.58973,1011.2
20240905T2200,16.410246,91.990364,1011.7
20240905T2300,16.160246,92.63243,1011.8
20240906T0000,16.010246,92.68414,1011.7
20240906T0100,15.720245,93.150375,1011.8
20240906T0200,15.390245,93.55792,1012.0
20240906T0300,14.980246,94.51794,1011.9
20240906T0400,14.570246,95.0574,1011.8
20240906T0500,14.260245,94.85868,1011.9
20240906T0600,14.740245,92.73405,1012.2
20240906T0700,15.940246,90.30549,1012.3
20240906T0800,17.510244,80.90399,1012.3
20240906T0900,19.180244,74.787994,1012.3
20240906T1000,20.480246,71.745544,1011.9
20240906T1100,22.230246,63.79344,1011.7
20240906T1200,23.710245,57.475975,1011.6
20240906T1300,24.460245,55.004078,1011.4
20240906T1400,25.060246,53.714092,1011.1
20240906T1500,25.340246,51.873272,1010.9
20240906T1600,25.010244,51.720325,1010.9
20240906T1700,23.410246,60.56879,1011.3
20240906T1800,19.930244,75.39759,1011.4
20240906T1900,18.500246,81.98169,1011.9
20240906T2000,17.530245,87.21918,1012.1
20240906T2100,16.600245,91.4098,1012.3
20240906T2200,17.020245,88.478355,1012.8
20240906T2300,16.550245,90.0575,1013.2
20240907T0000,15.240245,94.89826,1013.0
20240907T0100,14.610246,97.0628,1013.1
20240907T0200,14.410245,96.36397,1013.1
20240907T0300,14.390245,95.9866,1012.9
20240907T0400,14.200245,96.98951,1012.8
20240907T0500,13.950245,97.046715,1012.8
20240907T0600,15.650246,93.9355,1012.9
20240907T0700,18.250246,85.840675,1012.5
20240907T0800,21.020245,77.724365,1012.3
20240907T0900,23.420246,69.493996,1011.9
20240907T1000,25.050245,66.04855,1011.4
20240907T1100,26.690245,59.527588,1010.9
20240907T1200,27.660246,54.263615,1010.2
20240907T1300,28.510244,51.23715,1010.0
20240907T1400,28.960245,49.75264,1009.2
20240907T1500,28.990246,47.594448,1008.8
20240907T1600,28.290245,47.652035,1008.6
20240907T1700,25.930244,59.313927,1008.3
20240907T1800,23.040245,68.76238,1008.3
20240907T1900,21.800245,74.363495,1008.4
20240907T2000,20.920246,80.11776,1008.5
20240907T2100,20.240246,83.45917,1009.6
20240907T2200,20.610245,85.09953,1011.5
20240907T2300,20.200245,85.97782,1012.1
20240908T0000,19.490246,87.395355,1011.9
20240908T0100,19.180244,88.8804,1012.0
20240908T0200,18.970245,89.60137,1012.4
20240908T0300,19.060246,87.7476,1012.5
20240908T0400,18.740246,87.10605,1012.6
20240908T0500,18.430244,85.858696,1012.7
20240908T0600,18.380245,83.62089,1013.2
20240908T0700,18.460245,80.82078,1013.4
20240908T0800,18.730246,77.68076,1013.3
20240908T0900,19.370245,74.04804,1013.5
20240908T1000,20.700245,68.477806,1012.7
20240908T1100,20.910246,67.200874,1012.2
20240908T1200,20.590246,66.39647,1011.7
20240908T1300,20.460245,68.92019,1011.1
20240908T1400,19.880245,70.390564,1010.4
20240908T1500,19.260244,72.55271,1010.6
20240908T1600,18.820246,73.329315,1010.0
20240908T1700,18.150246,74.711395,1009.7
20240908T1800,17.180244,83.318886,1009.6
20240908T1900,16.110247,87.541916,1009.4
20240908T2000,15.5602455,89.69094,1009.5
20240908T2100,15.420245,91.93049,1009.2
20240908T2200,15.410245,95.894554,1009.4
20240908T2300,15.760245,95.16453,1009.3
20240909T0000,15.900246,95.0468,1009.5
20240909T0100,15.960245,93.2835,1009.5
20240909T0200,15.760245,92.550125,1009.4
20240909T0300,15.700245,90.81857,1009.2
20240909T0400,15.370245,90.73648,1008.8
20240909T0500,15.250245,89.90174,1008.6
20240909T0600,15.350245,88.85744,1008.7
20240909T0700,15.620245,88.53234,1008.8
20240909T0800,15.780245,89.241554,1009.2
20240909T0900,16.260246,90.03616,1009.4
20240909T1000,17.350245,84.48198,1009.6
20240909T1100,17.850245,83.66781,1009.2
20240909T1200,18.240246,82.69321,1009.1
20240909T1300,18.820246,76.993004,1009.4
20240909T1400,19.550245,73.83942,1009.7
20240909T1500,18.430244,76.73232,1010.4
20240909T1600,18.390245,80.18672,1010.8
20240909T1700,18.010244,83.25502,1011.0
20240909T1800,17.050245,87.40076,1012.0
20240909T1900,16.920246,86.26341,1012.9
20240909T2000,16.850245,87.099754,1013.4
20240909T2100,16.650246,86.62971,1013.9
20240909T2200,16.570246,86.11643,1014.4
20240909T2300,16.160246,87.660614,1014.5
20240910T0000,16.010246,87.76134,1014.9
20240910T0100,15.870245,87.92063,1015.0
20240910T0200,15.720245,88.25236,1015.4
20240910T0300,15.640245,89.17208,1015.6
20240910T0400,15.520246,88.69755,1015.7
20240910T0500,15.040245,91.30841,1016.0
20240910T0600,15.200245,90.1334,1016.5
20240910T0700,15.590245,88.1257,1016.7
20240910T0800,15.850245,85.31418,1016.9
20240910T0900,16.020247,81.55661,1016.7
20240910T1000,16.860245,74.835304,1016.9
20240910T1100,17.370245,69.810585,1016.8
20240910T1200,17.860245,65.420525,1016.4
20240910T1300,18.210245,63.904823,1016.2
20240910T1400,18.130245,64.27104,1015.7
20240910T1500,18.000246,63.010254,1015.4
20240910T1600,17.430244,63.557556,1015.3
20240910T1700,16.390245,65.80112,1015.4
20240910T1800,15.020246,70.423546,1015.1
20240910T1900,13.980246,75.139084,1015.3
20240910T2000,13.380245,78.45995,1015.2
20240910T2100,13.280245,80.26347,1015.0
20240910T2200,12.980246,81.254684,1015.3
20240910T2300,13.050245,80.447,1014.4
20240911T0000,13.050245,80.50126,1014.0
20240911T0100,13.230246,78.96802,1013.5
20240911T0200,13.790245,74.80188,1013.2
20240911T0300,14.030245,74.39067,1012.9
20240911T0400,14.240245,73.47978,1012.2
20240911T0500,14.110246,74.404915,1011.9
20240911T0600,14.210245,75.027245,1011.7
20240911T0700,14.540245,74.18115,1011.3
20240911T0800,15.010245,73.42257,1011.2
20240911T0900,15.0602455,75.0237,1011.0
20240911T1000,15.270246,77.29572,1010.6
20240911T1100,15.180245,81.8776,1010.6
20240911T1200,14.980246,86.23706,1010.6
20240911T1300,14.870245,87.541824,1010.5
20240911T1400,13.880245,90.27141,1010.7
20240911T1500,12.750245,91.88215,1011.0
20240911T1600,11.550245,92.4827,1011.2
20240911T1700,10.540245,90.374985,1011.7
20240911T1800,10.290245,87.92726,1012.1
20240911T1900,10.200245,89.42994,1012.9
20240911T2000,9.910245,91.56363,1013.3
20240911T2100,9.610246,93.36955,1013.7
20240911T2200,9.210245,91.82652,1014.9
20240911T2300,9.3102455,90.2135,1015.2
20240912T0000,9.3102455,89.65859,1015.0
20240912T0100,8.970245,90.80691,1015.1
20240912T0200,8.630245,92.86351,1014.8
20240912T0300,8.420245,94.07055,1014.7
20240912T0400,8.330246,94.25969,1014.7
20240912T0500,8.160246,95.42428,1015.2
20240912T0600,8.460245,95.56873,1015.3
20240912T0700,9.680245,90.986565,1015.3
20240912T0800,10.930245,85.28056,1015.4
20240912T0900,12.080245,80.19767,1015.2
20240912T1000,13.040245,66.91845,1015.2
20240912T1100,13.270246,61.67881,1015.0
20240912T1200,13.670245,58.272755,1014.7
20240912T1300,13.5602455,57.718063,1014.6
20240912T1400,13.630245,57.93811,1014.3
20240912T1500,13.670245,57.827225,1014.4
20240912T1600,13.030245,65.99909,1015.1
20240912T1700,11.800245,72.67349,1015.5
20240912T1800,10.140245,85.24744,1016.1
20240912T1900,9.110246,89.456635,1016.4
20240912T2000,8.340245,90.44402,1016.4
20240912T2100,7.710245,91.90844,1016.7
20240912T2200,6.9902453,94.44755,1016.8
20240912T2300,7.230245,93.87293,1017.3
20240913T0000,7.110245,92.957275,1017.6
20240913T0100,7.000245,93.92463,1017.7
20240913T0200,6.8402452,94.439316,1017.7
20240913T0300,7.4702454,93.62727,1018.3
20240913T0400,7.2402453,94.330284,1018.8
20240913T0500,7.170245,94.9827,1019.7
20240913T0600,7.8102455,93.067154,1020.4
20240913T0700,8.860246,89.55767,1020.8
20240913T0800,9.8102455,83.009125,1021.8
20240913T0900,10.570246,77.69106,1022.5
20240913T1000,11.590245,75.698135,1023.2
20240913T1100,12.490245,71.961044,1022.9
20240913T1200,13.090245,69.03359,1023.1
20240913T1300,13.460245,64.07612,1023.0
20240913T1400,13.640245,61.768723,1023.7
20240913T1500,13.450245,64.42874,1023.9
20240913T1600,13.500245,67.15747,1023.9
20240913T1700,12.280245,71.52547,1024.3
20240913T1800,10.870245,81.123955,1025.2
20240913T1900,10.010245,86.34976,1026.0
20240913T2000,9.820246,89.64133,1026.5
20240913T2100,9.730246,90.8043,1026.8
20240913T2200,10.140245,89.54666,1027.7
20240913T2300,9.790245,90.43797,1027.6
20240914T0000,9.5602455,91.101746,1027.7
20240914T0100,9.720245,89.20471,1027.9
20240914T0200,9.700245,89.69227,1027.9
20240914T0300,9.690246,91.23604,1028.1
20240914T0400,9.500245,92.47607,1028.4
20240914T0500,9.640245,90.79729,1028.7
20240914T0600,9.590245,90.42186,1029.2
20240914T0700,10.3102455,89.37865,1029.6
20240914T0800,11.450245,84.64801,1029.5
20240914T0900,12.280245,74.43058,1029.6
20240914T1000,13.120245,68.37918,1029.2
20240914T1100,13.750245,61.368977,1029.1
20240914T1200,14.420245,57.2997,1029.2
20240914T1300,14.890245,54.28057,1029.2
20240914T1400,14.820246,53.95986,1028.9
20240914T1500,14.590245,54.655754,1028.9
20240914T1600,14.280245,55.418106,1028.9
20240914T1700,13.200245,58.76535,1028.5
20240914T1800,11.510245,66.16171,1028.7
20240914T1900,10.160245,73.78324,1029.2
20240914T2000,8.890245,81.23179,1029.2
20240914T2100,7.6002455,88.26958,1029.1
20240914T2200,6.8202453,93.13257,1029.2
20240914T2300,6.380245,93.234085,1029.2
20240915T0000,6.150245,93.74275,1028.9
20240915T0100,5.860245,93.988235,1028.7
20240915T0200,5.3102455,94.419395,1028.2
20240915T0300,4.8502455,95.668076,1027.9
20240915T0400,4.5702453,95.6544,1027.7
20240915T0500,4.3002453,96.800026,1027.6
20240915T0600,5.380245,95.962814,1027.7
20240915T0700,8.430245,87.92427,1027.8
20240915T0800,10.950245,77.2197,1027.6
20240915T0900,13.130245,62.50768,1027.3
20240915T1000,14.510245,55.86708,1027.2
20240915T1100,15.530245,51.93854,1026.4
20240915T1200,16.380245,50.079025,1026.0
20240915T1300,16.800245,49.504387,1025.2
20240915T1400,17.270245,47.745888,1024.5
20240915T1500,17.190245,47.590694,1024.1
20240915T1600,16.490246,49.762573,1024.1
20240915T1700,14.590245,55.9271,1024.3
20240915T1800,12.100245,69.01609,1024.5
20240915T1900,10.020246,80.16707,1024.7
20240915T2000,8.650246,86.85832,1024.9
20240915T2100,9.620245,80.49648,1024.9
20240915T2200,9.030245,83.71416,1025.0
20240915T2300,8.750245,84.20262,1025.0
20240916T0000,7.9902453,88.4309,1024.5
20240916T0100,8.450246,87.0175,1024.5
20240916T0200,7.900245,88.60658,1024.0
20240916T0300,8.070246,87.765945,1023.5
20240916T0400,8.170245,87.53284,1023.6
20240916T0500,8.160246,88.019104,1023.4
20240916T0600,8.660245,85.96188,1023.7
20240916T0700,9.610246,85.89161,1023.9
20240916T0800,11.110246,83.46267,1024.1
20240916T0900,12.730246,78.998535,1023.8
20240916T1000,14.160245,71.74534,1024.2
20240916T1100,14.930245,67.23752,1024.2
20240916T1200,15.460245,63.533974,1024.0
20240916T1300,15.270246,65.19815,1023.5
20240916T1400,14.930245,68.15603,1023.2
20240916T1500,14.110246,76.02756,1023.1
20240916T1600,13.390245,84.42069,1023.2
20240916T1700,12.960245,89.30445,1023.1
20240916T1800,12.440246,94.969986,1023.3
20240916T1900,12.220245,97.38833,1023.6
20240916T2000,12.150246,98.3604,1023.7
20240916T2100,12.250245,98.62299,1023.6
20240916T2200,12.410245,94.46516,1023.7
20240916T2300,12.290245,97.19651,1023.2
20240917T0000,12.320246,97.39077,1023.0
20240917T0100,12.450245,97.975815,1022.4
20240917T0200,12.470245,97.717255,1021.8
20240917T0300,12.590245,97.33291,1021.7
20240917T0400,12.720245,97.01497,1021.6
20240917T0500,12.840245,95.80761,1021.4
20240917T0600,12.900246,94.92669,1021.7
20240917T0700,12.990245,94.742325,1021.8
20240917T0800,13.040245,95.7515,1021.7
20240917T0900,13.130245,96.134514,1021.7
20240917T1000,13.840245,92.86586,1021.9
20240917T1100,14.940246,88.764725,1021.7
20240917T1200,16.130245,84.124825,1021.2
20240917T1300,17.190245,80.91391,1020.7
20240917T1400,18.110245,76.23291,1019.9
20240917T1500,18.050245,73.77073,1019.5
20240917T1600,18.030245,72.47176,1019.4
20240917T1700,17.100245,76.62101,1019.7
20240917T1800,15.5602455,83.014435,1020.3
20240917T1900,14.890245,84.64942,1020.8
20240917T2000,14.420245,84.59599,1020.7
20240917T2100,14.020246,82.93285,1020.7
20240917T2200,13.400246,85.27225,1020.4
20240917T2300,12.880245,86.19045,1019.8
20240918T0000,12.160245,87.63356,1019.9
20240918T0100,11.710245,88.360916,1020.2
20240918T0200,11.450245,89.11536,1019.9
20240918T0300,11.840245,87.72061,1020.0
20240918T0400,12.190246,86.17498,1020.2
20240918T0500,12.380245,85.21502,1020.2
20240918T0600,11.450245,89.295876,1020.5
20240918T0700,14.080245,81.62311,1020.5
20240918T0800,16.010246,76.141106,1020.3
20240918T0900,17.740246,67.069405,1020.1
20240918T1000,18.610245,62.982105,1019.7
20240918T1100,19.700245,58.82596,1019.2
20240918T1200,20.610245,53.912556,1018.6
20240918T1300,21.470245,50.920227,1018.2
20240918T1400,22.010244,49.755047,1017.8
20240918T1500,22.220245,48.629818,1017.7
20240918T1600,21.530245,52.837425,1017.7
20240918T1700,19.660246,60.84235,1017.7
20240918T1800,18.440245,64.81204,1018.0
20240918T1900,16.830246,72.01147,1018.3
20240918T2000,14.370245,82.48153,1018.2
20240918T2100,13.210245,86.91873,1018.2
20240918T2200,12.650246,88.38765,1018.0
20240918T2300,12.500245,88.492455,1018.4
20240919T0000,12.750245,87.047104,1018.2
20240919T0100,13.080245,86.038795,1018.4
20240919T0200,12.320246,88.120834,1018.1
20240919T0300,11.540245,90.88064,1017.9
20240919T0400,10.370245,93.857216,1017.9
20240919T0500,9.990245,94.346954,1018.0
20240919T0600,10.570246,94.12181,1018.4
20240919T0700,13.320246,85.949455,1018.4
20240919T0800,15.790245,76.408676,1018.6
20240919T0900,17.840246,68.893585,1018.2
20240919T1000,19.370245,62.738903,1018.2
20240919T1100,20.740246,55.329098,1017.9
20240919T1200,21.600245,51.915062,1017.5
20240919T1300,22.060246,51.112007,1016.8
20240919T1400,22.330246,51.285877,1016.7
20240919T1500,22.450245,51.453915,1016.5
20240919T1600,21.950245,56.745266,1016.4
20240919T1700,19.450245,65.29111,1016.3
20240919T1800,16.430246,76.310974,1016.5
20240919T1900,15.300245,81.51508,1017.0
20240919T2000,13.630245,88.35826,1016.9
20240919T2100,12.640245,92.36543,1017.1
20240919T2200,11.900246,94.69357,1017.3
20240919T2300,11.350245,95.62419,1017.4
20240920T0000,10.960245,95.54452,1017.5
20240920T0100,10.600245,95.5942,1017.9
20240920T0200,10.300245,95.581924,1017.9
20240920T0300,10.150246,95.060104,1018.1
20240920T0400,10.000245,94.60359,1018.6
20240920T0500,10.080245,94.351524,1018.8
20240920T0600,10.680245,94.82802,1019.2
20240920T0700,13.0602455,88.71988,1019.6
20240920T0800,15.650246,81.40025,1020.2
20240920T0900,17.860245,77.34581,1019.9
20240920T1000,19.390245,73.85964,1019.5
20240920T1100,21.100245,65.90182,1019.5
20240920T1200,22.400246,59.09039,1019.3
20240920T1300,23.370245,54.231026,1019.0
20240920T1400,23.700245,51.242607,1018.6
20240920T1500,23.450245,51.887978,1018.3
20240920T1600,22.950245,53.17266,1018.5
20240920T1700,20.400246,63.014404,1018.7
20240920T1800,17.280245,77.96749,1019.0
20240920T1900,15.650246,84.846085,1019.3
20240920T2000,14.410245,90.60867,1019.4
20240920T2100,13.080245,94.24643,1019.6
20240920T2200,12.280245,96.04208,1019.8
20240920T2300,11.610246,98.22011,1019.7
20240921T0000,11.480246,97.69512,1019.9
20240921T0100,11.290245,96.84552,1019.9
20240921T0200,11.230246,95.61945,1019.8
20240921T0300,11.140245,94.91285,1019.9
20240921T0400,10.8102455,94.57903,1020.2
20240921T0500,10.650246,94.25301,1020.1
20240921T0600,11.080245,94.84643,1020.5
20240921T0700,13.410245,89.164154,1020.7
20240921T0800,16.290245,81.8602,1020.9
20240921T0900,18.910246,74.645454,1020.7
20240921T1000,20.500246,69.963066,1019.9
20240921T1100,22.000246,63.4957,1019.5
20240921T1200,23.100245,58.95064,1018.8
20240921T1300,23.660246,54.340305,1018.2
20240921T1400,24.040245,52.520508,1017.9
20240921T1500,23.670246,53.533195,1017.3
20240921T1600,22.980246,55.858807,1017.1
20240921T1700,19.810246,70.19432,1017.3
20240921T1800,17.710245,78.54339,1017.6
20240921T1900,17.030245,80.62862,1017.9
20240921T2000,14.850245,88.990585,1017.8
20240921T2100,13.180245,94.25115,1017.8
20240921T2200,12.360246,95.59957,1018.3
20240921T2300,12.000245,96.8664,1018.0
20240922T0000,11.570246,97.04791,1017.8
20240922T0100,11.340245,96.00859,1017.8
20240922T0200,11.400246,94.73396,1017.3
20240922T0300,11.250245,95.04517,1017.1
20240922T0400,11.130245,96.12969,1017.1
20240922T0500,11.0602455,97.4893,1016.9
20240922T0600,11.650246,97.05014,1017.0
20240922T0700,13.680245,92.67321,1017.1
20240922T0800,16.510246,85.32886,1017.0
20240922T0900,19.160246,77.59526,1016.6
20240922T1000,20.860245,69.26723,1016.3
20240922T1100,22.040245,63.135376,1015.7
20240922T1200,22.460245,61.136208,1015.0
20240922T1300,22.880245,58.898117,1014.3
20240922T1400,23.050245,57.801674,1014.1
20240922T1500,22.810246,58.80491,1013.9
20240922T1600,21.430244,65.886086,1014.1
20240922T1700,19.630245,74.09261,1014.2
20240922T1800,17.790245,87.41151,1014.2
20240922T1900,17.290245,90.517845,1014.3
20240922T2000,16.440247,93.91101,1014.3
20240922T2100,15.880245,96.84192,1013.9
20240922T2200,15.930245,96.03474,1014.2
20240922T2300,15.450245,97.08235,1013.8
20240923T0000,14.880245,97.19539,1013.3
20240923T0100,14.790245,96.81493,1013.1
20240923T0200,14.920245,96.128525,1012.9
20240923T0300,14.770246,96.3745,1012.7
20240923T0400,14.740245,96.37364,1012.5
20240923T0500,14.940246,96.316795,1012.4
20240923T0600,15.260245,95.76543,1012.7
20240923T0700,15.720245,94.4268,1012.7
20240923T0800,16.250246,93.59981,1012.9
20240923T0900,16.740246,92.48537,1012.8
20240923T1000,17.200245,87.18874,1012.7
20240923T1100,17.030245,88.650826,1012.3
20240923T1200,16.860245,90.838844,1011.9
20240923T1300,16.380245,91.04169,1011.9
20240923T1400,16.120245,90.142784,1011.6
20240923T1500,15.900246,89.13501,1011.5
20240923T1600,15.690246,89.64252,1011.2
20240923T1700,15.260245,92.22076,1010.9
20240923T1800,13.850245,96.473595,1011.0
20240923T1900,13.510245,97.03562,1010.9
20240923T2000,13.200245,97.15548,1011.0
20240923T2100,12.870245,97.46824,1010.7
20240923T2200,12.640245,97.9148,1010.4
20240923T2300,12.280245,99.21258,1010.4
20240924T0000,12.110246,98.490234,1010.8
20240924T0100,12.510245,96.88094,1010.6
20240924T0200,13.100245,94.62197,1010.1
20240924T0300,13.240245,93.20077,1009.8
20240924T0400,13.440246,91.502075,1009.6
20240924T0500,13.580245,90.24864,1009.5
20240924T0600,13.820246,89.08047,1009.9
20240924T0700,14.370245,87.66839,1010.0
20240924T0800,15.070246,85.1737,1010.4
20240924T0900,16.250246,79.05118,1010.3
20240924T1000,17.260244,67.59582,1010.5
20240924T1100,17.590246,61.744293,1010.4
20240924T1200,18.360245,58.02574,1009.9
20240924T1300,18.600245,56.733788,1009.5
20240924T1400,18.470245,58.32708,1009.6
20240924T1500,18.470245,61.251614,1009.9
20240924T1600,17.910246,64.22173,1009.9
20240924T1700,16.530245,69.45757,1010.0
20240924T1800,15.270246,75.51258,1010.4
20240924T1900,14.610246,78.386665,1011.1
20240924T2000,14.030245,80.58629,1011.6
20240924T2100,13.720245,82.1775,1011.9
20240924T2200,13.930245,80.73417,1012.0
20240924T2300,13.5602455,83.2081,1011.8
20240925T0000,13.580245,83.656845,1011.8
20240925T0100,13.510245,83.76027,1011.7
20240925T0200,13.5602455,84.83604,1011.5
20240925T0300,13.850245,83.18862,1011.4
20240925T0400,13.890245,83.249115,1011.2
20240925T0500,13.780245,83.45805,1010.7
20240925T0600,14.070246,82.27812,1011.0
20240925T0700,15.260245,79.37736,1011.0
20240925T0800,16.720245,73.53519,1011.1
20240925T0900,17.940245,70.20045,1010.6
20240925T1000,18.950245,66.79313,1010.4
20240925T1100,19.820246,63.465755,1009.9
20240925T1200,19.950245,58.92608,1009.3
20240925T1300,19.940245,56.730526,1009.4
20240925T1400,20.040245,54.052876,1008.7
20240925T1500,18.970245,56.03095,1008.4
20240925T1600,18.360245,56.291283,1008.3
20240925T1700,17.430244,58.939053,1007.5
20240925T1800,16.390245,67.2319,1007.4
20240925T1900,16.250246,70.10121,1006.9
20240925T2000,15.420245,78.61464,1006.2
20240925T2100,15.240245,83.800446,1005.5
20240925T2200,15.3102455,84.41834,1004.7
20240925T2300,15.160245,86.65331,1003.7
20240926T0000,15.050245,87.61615,1002.9
20240926T0100,14.750245,91.1695,1002.2
20240926T0200,14.970245,91.90268,1000.9
20240926T0300,16.050245,87.8794,1000.0
20240926T0400,16.850245,87.32585,999.6
20240926T0500,17.470245,87.382545,999.6
20240926T0600,17.670246,87.34441,1000.1
20240926T0700,17.680244,88.19243,1000.4
20240926T0800,17.740246,88.93715,1000.9
20240926T0900,17.650246,88.98715,1001.5
20240926T1000,17.880245,90.268906,1002.3
20240926T1100,17.530245,92.528694,1002.5
20240926T1200,17.390245,93.41402,1001.8
20240926T1300,16.970245,92.49808,1001.6
20240926T1400,16.470245,92.6495,1002.0
20240926T1500,15.960245,93.707016,1001.5
20240926T1600,16.220245,90.384285,1001.6
20240926T1700,16.370245,86.37713,1001.9
20240926T1800,16.510246,84.05847,1002.3
20240926T1900,16.900246,82.42134,1002.8
20240926T2000,17.040245,80.524666,1003.6
20240926T2100,16.430246,79.756676,1004.4
20240926T2200,16.450245,79.49778,1005.1
20240926T2300,16.100246,80.81958,1005.2
20240927T0000,16.030245,81.88032,1005.4
20240927T0100,15.540245,83.340645,1005.5
20240927T0200,15.210245,84.18465,1005.0
20240927T0300,14.750245,84.913795,1004.8
20240927T0400,14.330245,85.48792,1004.7
20240927T0500,14.0602455,85.74278,1004.4
20240927T0600,14.3102455,82.96924,1004.7
20240927T0700,15.120245,79.7797,1005.1
20240927T0800,15.370245,76.79876,1005.5
20240927T0900,15.720245,74.88751,1005.8
20240927T1000,15.400246,78.039406,1006.2
20240927T1100,15.550245,71.48169,1006.4
20240927T1200,14.410245,73.36226,1006.0
20240927T1300,13.180245,77.48003,1007.8
20240927T1400,14.040245,76.426414,1008.2
20240927T1500,14.710245,70.64796,1008.2
20240927T1600,14.480246,70.55455,1008.2
20240927T1700,13.930245,72.877815,1008.9
20240927T1800,12.910245,75.41184,1009.5
20240927T1900,12.390245,78.03918,1010.1
20240927T2000,11.970245,79.04303,1010.3
20240927T2100,11.300245,81.01881,1010.8
20240927T2200,12.280245,76.28558,1011.1
20240927T2300,12.190246,76.478966,1011.7
20240928T0000,12.120245,77.677536,1012.1
20240928T0100,12.0602455,81.84525,1012.9
20240928T0200,11.900246,85.622,1013.2
20240928T0300,11.650246,88.89295,1013.8
20240928T0400,11.410245,92.47388,1014.4
20240928T0500,11.350245,94.224915,1015.3
20240928T0600,11.350245,94.35139,1016.5
20240928T0700,11.610246,92.54851,1017.6
20240928T0800,11.880245,90.358574,1018.7
20240928T0900,12.120245,82.24265,1019.8
20240928T1000,12.450245,78.79491,1021.2
20240928T1100,12.850245,74.533295,1021.6
20240928T1200,13.330245,68.51765,1021.9
20240928T1300,13.640245,65.366745,1022.2
20240928T1400,13.330245,65.161476,1022.9
20240928T1500,13.220245,64.59852,1023.8
20240928T1600,12.880245,67.39284,1024.4
20240928T1700,11.490245,72.96599,1025.4
20240928T1800,9.740245,82.599976,1026.3
20240928T1900,8.920245,86.827324,1026.9
20240928T2000,8.120246,89.42984,1027.5
20240928T2100,7.860245,91.158966,1027.9
20240928T2200,8.360246,87.55248,1028.6
20240928T2300,7.9902453,87.4533,1028.9
20240929T0000,7.8702455,86.83409,1028.6
20240929T0100,7.9702454,86.122406,1028.9
20240929T0200,6.3202453,92.12745,1028.6
20240929T0300,5.650245,94.77091,1028.7
20240929T0400,5.0702453,96.42268,1028.3
20240929T0500,4.9302454,97.166664,1028.2
20240929T0600,5.3202453,96.63659,1028.7
20240929T0700,7.110245,92.18467,1028.5
20240929T0800,9.170245,86.25734,1028.1
20240929T0900,11.160245,77.89466,1027.7
20240929T1000,12.250245,73.5125,1026.6
20240929T1100,13.830245,64.82776,1026.0
20240929T1200,14.900246,59.646404,1024.7
20240929T1300,15.260245,57.75491,1023.9
20240929T1400,15.3102455,57.21254,1023.0
20240929T1500,15.210245,59.559547,1022.4
20240929T1600,14.410245,69.213005,1021.7
20240929T1700,13.220245,71.02702,1021.5
20240929T1800,11.8102455,74.19205,1021.1
20240929T1900,11.110246,79.12664,1021.0
20240929T2000,9.790245,88.4818,1020.8
20240929T2100,9.430245,90.34703,1020.6
20240929T2200,8.950245,91.68212,1020.6
20240929T2300,9.120245,91.13062,1020.4
20240930T0000,9.330245,90.710884,1020.5
20240930T0100,9.710245,88.534836,1020.1
20240930T0200,10.010245,88.26102,1019.3
20240930T0300,10.3102455,89.37865,1018.9
20240930T0400,10.450245,90.42916,1018.6
20240930T0500,10.690246,89.89811,1018.1
20240930T0600,10.960245,89.55607,1018.1
20240930T0700,11.990245,87.85325,1017.9
20240930T0800,13.930245,81.87612,1017.8
20240930T0900,16.340246,72.01537,1017.5
20240930T1000,17.970245,64.62178,1017.3
20240930T1100,19.060246,60.578915,1016.7
20240930T1200,19.370245,55.27308,1016.3
20240930T1300,19.020245,56.649734,1016.1
20240930T1400,19.100245,58.757355,1015.8
20240930T1500,19.150246,59.718636,1015.8
20240930T1600,18.340246,63.425377,1015.6
20240930T1700,16.930244,69.86257,1015.6
20240930T1800,15.770246,74.29982,1015.9
20240930T1900,15.750245,74.99251,1016.0
20240930T2000,15.760245,74.44675,1016.0
20240930T2100,15.800245,73.762215,1015.9
20240930T2200,15.400246,76.59933,1015.4
20240930T2300,15.450245,75.64392,1015.4
20241001T0000,15.380245,74.77866,1015.2
20241001T0100,15.130245,75.99496,1015.1
20241001T0200,14.860246,77.54034,1015.1
20241001T0300,14.740245,78.87893,1015.2
20241001T0400,14.450245,80.05569,1015.0
20241001T0500,14.220245,80.34417,1015.1
20241001T0600,14.140245,80.70959,1015.1
20241001T0700,14.320246,80.89652,1015.1
20241001T0800,14.930245,80.01787,1014.9
20241001T0900,15.500245,77.02444,1014.7
20241001T1000,16.100246,72.693825,1014.4
20241001T1100,15.890245,70.927025,1014.0
20241001T1200,15.490245,74.05228,1013.5
20241001T1300,14.910245,78.43266,1012.6
20241001T1400,14.220245,83.622986,1011.8
20241001T1500,13.430245,90.416855,1011.1
20241001T1600,13.020246,93.25038,1010.5
20241001T1700,12.750245,94.98319,1009.8
20241001T1800,12.610246,95.989876,1009.1
20241001T1900,12.570246,96.6904,1008.3
20241001T2000,12.510245,97.33093,1007.2
20241001T2100,12.530245,97.46031,1006.3
20241001T2200,12.570246,98.30243,1005.4
20241001T2300,12.600245,98.432884,1005.5
20241002T0000,12.650246,97.14148,1006.1
20241002T0100,12.510245,95.9228,1006.6
20241002T0200,12.420245,94.71708,1007.5
20241002T0300,12.240245,93.45584,1008.0
20241002T0400,11.990245,89.042564,1008.6
20241002T0500,11.550245,89.30449,1009.3
20241002T0600,11.210245,89.75895,1010.0
20241002T0700,11.640245,87.111084,1010.7
20241002T0800,12.290245,84.86099,1011.3
20241002T0900,12.930245,83.52109,1011.6
20241002T1000,13.410245,80.76947,1011.6
20241002T1100,13.430245,77.94013,1011.5
20241002T1200,13.5602455,77.85564,1011.4
20241002T1300,13.920245,74.42133,1011.5
20241002T1400,13.960245,74.37818,1011.3
20241002T1500,14.050245,76.37665,1010.9
20241002T1600,13.870245,78.64131,1010.8
20241002T1700,13.480246,80.238304,1011.0
20241002T1800,12.710245,84.90937,1011.3
20241002T1900,12.130245,87.74855,1011.4
20241002T2000,11.850245,86.78041,1011.5
20241002T2100,11.580245,87.93254,1011.4
20241002T2200,11.030245,91.89056,1011.9
20241002T2300,10.000245,96.87091,1011.9
20241003T0000,9.870245,97.39223,1011.4
20241003T0100,9.570246,97.97936,1011.1
20241003T0200,9.320246,98.23967,1011.1
20241003T0300,9.300245,97.64102,1011.0
20241003T0400,8.980246,96.969864,1011.1
20241003T0500,8.690246,96.695915,1011.3
20241003T0600,9.150246,95.99017,1011.9
20241003T0700,10.100245,92.95579,1012.4
20241003T0800,11.220245,88.85462,1012.5
20241003T0900,12.230246,83.772865,1012.7
20241003T1000,12.650246,83.20566,1013.1
20241003T1100,12.770246,82.60662,1013.0
20241003T1200,12.990245,84.37373,1012.8
20241003T1300,12.640245,86.57055,1012.8
20241003T1400,12.260245,87.17343,1012.9
20241003T1500,12.150246,86.5196,1013.0
20241003T1600,11.750245,86.12775,1013.3
20241003T1700,11.330245,86.4917,1013.9
20241003T1800,11.040245,85.52561,1014.4
20241003T1900,10.820246,85.617256,1014.8
20241003T2000,10.480246,86.5778,1014.9
20241003T2100,10.290245,86.26221,1015.2
20241003T2200,10.230246,85.96111,1015.2
20241003T2300,10.260245,85.14469,1015.4
20241004T0000,10.170245,84.84289,1015.0
20241004T0100,9.980246,84.995094,1015.2
20241004T0200,9.880245,84.69175,1015.5
20241004T0300,9.820246,85.26864,1015.4
20241004T0400,9.650246,85.48366,1015.5
20241004T0500,9.600245,84.89146,1015.7
20241004T0600,9.500245,85.23115,1016.1
20241004T0700,9.750245,84.79265,1016.5
20241004T0800,10.450245,82.63831,1016.9
20241004T0900,11.200245,78.22282,1017.3
20241004T1000,12.220245,74.726204,1017.2
20241004T1100,12.650246,71.1574,1017.1
20241004T1200,12.940246,69.19217,1016.4
20241004T1300,13.040245,68.73918,1016.8
20241004T1400,12.990245,69.25015,1016.4
20241004T1500,12.890245,72.13723,1017.0
20241004T1600,12.280245,77.07043,1017.2
20241004T1700,11.510245,82.609505,1017.8
20241004T1800,11.040245,86.34347,1018.4
20241004T1900,10.570246,89.58357,1019.0
20241004T2000,10.190246,92.33287,1018.8
20241004T2100,10.0602455,93.206,1018.9
20241004T2200,9.750245,94.78412,1019.0
20241004T2300,9.470245,95.28769,1018.9
20241005T0000,9.110246,95.72728,1018.8
20241005T0100,8.870245,96.175766,1018.6
20241005T0200,9.070246,96.18344,1018.5
20241005T0300,8.700245,96.16917,1018.6
20241005T0400,8.760245,95.64719,1018.7
20241005T0500,8.710245,95.90698,1018.5
20241005T0600,8.570246,96.29577,1018.8
20241005T0700,9.330245,94.24861,1019.1
20241005T0800,10.340245,89.502975,1018.9
20241005T0900,11.480246,81.93329,1018.7
20241005T1000,12.290245,80.01084,1018.1
20241005T1100,13.280245,72.8549,1017.6
20241005T1200,13.860246,69.80986,1016.8
20241005T1300,14.150246,69.39516,1016.3
20241005T1400,14.160245,69.728455,1015.7
20241005T1500,13.940246,71.07242,1015.5
20241005T1600,13.340245,72.71748,1015.3
20241005T1700,10.860246,85.621765,1015.2
20241005T1800,9.080245,92.06921,1015.0
20241005T1900,8.740245,91.66684,1015.0
20241005T2000,8.480246,92.4079,1014.8
20241005T2100,6.7002454,96.48916,1014.0
20241005T2200,6.0502453,96.32861,1013.9
20241005T2300,5.8402452,95.91634,1013.6
20241006T0000,5.5802455,96.57927,1013.6
20241006T0100,5.8102455,95.112274,1013.1
20241006T0200,5.8402452,94.25109,1012.7
20241006T0300,5.7402453,94.9754,1012.5
20241006T0400,5.940245,95.71982,1012.2
20241006T0500,6.0702453,95.592155,1011.9
20241006T0600,6.2602453,95.46777,1011.9
20241006T0700,7.610245,92.925575,1012.1
20241006T0800,8.620245,89.660034,1011.9
20241006T0900,9.780245,86.74022,1011.7
20241006T1000,11.410245,83.841995,1011.5
20241006T1100,12.330245,81.54998,1011.1
20241006T1200,14.220245,76.0461,1010.5
20241006T1300,15.680245,70.74362,1009.5
20241006T1400,16.510246,65.91601,1009.2
20241006T1500,16.010246,69.86603,1008.9
20241006T1600,15.030245,72.10593,1008.9
20241006T1700,14.0602455,79.199684,1008.8
20241006T1800,13.510245,82.53608,1008.8
20241006T1900,12.900246,86.36587,1008.5
20241006T2000,12.720245,87.981224,1008.4
20241006T2100,12.650246,89.81657,1008.6
20241006T2200,12.390245,95.34712,1009.0
20241006T2300,12.460245,95.92103,1008.8
20241007T0000,12.350245,97.06929,1008.2
20241007T0100,12.220245,97.97126,1008.3
20241007T0200,12.410245,98.36478,1008.0
20241007T0300,12.450245,99.08327,1007.3
20241007T0400,12.150246,99.73807,1006.9
20241007T0500,12.420245,99.08293,1006.8
20241007T0600,12.730246,98.045944,1006.9
20241007T0700,13.470245,95.70386,1007.1
20241007T0800,14.750245,92.43179,1007.7
20241007T0900,15.990245,89.49091,1007.9
20241007T1000,17.100245,84.89402,1007.8
20241007T1100,18.090246,81.08605,1007.0
20241007T1200,19.020245,77.22369,1006.8
20241007T1300,19.040245,76.33224,1006.0
20241007T1400,18.710245,79.971855,1006.0
20241007T1500,18.270245,85.952995,1005.2
20241007T1600,17.610245,88.92677,1005.2
20241007T1700,17.240246,91.15678,1005.5
20241007T1800,16.830246,91.83763,1005.4
20241007T1900,16.580246,91.58574,1004.9
20241007T2000,16.310246,93.000435,1004.6
20241007T2100,16.050245,94.25791,1004.9
20241007T2200,15.500245,97.52368,1005.3
20241007T2300,15.510245,96.83296,1005.9
20241008T0000,15.140245,96.072845,1005.4
20241008T0100,14.710245,97.63496,1004.6
20241008T0200,14.290245,98.521774,1003.9
20241008T0300,14.210245,98.64928,1003.8
20241008T0400,14.100245,98.3266,1004.3
20241008T0500,14.090245,98.07003,1004.5
20241008T0600,14.0602455,96.479744,1005.0
20241008T0700,14.150246,97.1151,1005.3
20241008T0800,14.430245,97.37534,1005.0
20241008T0900,14.630245,97.506454,1004.9
20241008T1000,15.030245,91.30776,1004.2
20241008T1100,14.770246,94.63229,1004.6
20241008T1200,14.600245,93.51834,1004.7
20241008T1300,14.490245,92.96322,1005.0
20241008T1400,14.900246,92.38017,1004.9
20241008T1500,15.110246,91.85137,1004.8
20241008T1600,14.790245,93.58906,1004.9
20241008T1700,14.110246,94.60407,1005.3
20241008T1800,13.480246,95.326996,1004.8
20241008T1900,13.110246,95.3755,1005.2
20241008T2000,12.790245,95.742455,1005.2
20241008T2100,12.330245,96.36309,1005.3
20241008T2200,11.930245,95.71048,1005.6
20241008T2300,11.440246,96.1407,1005.5
20241009T0000,11.100245,96.45131,1005.3
20241009T0100,10.690246,97.15304,1004.8
20241009T0200,10.280245,97.33785,1003.9
20241009T0300,10.010245,97.461876,1003.2
20241009T0400,9.750245,98.04984,1002.2
20241009T0500,9.670245,97.98171,1001.3
20241009T0600,10.050245,96.350266,1001.2
20241009T0700,11.290245,93.78029,1000.4
20241009T0800,12.940246,91.10412,999.9
20241009T0900,14.290245,86.96814,998.6
20241009T1000,15.630245,81.61268,998.1
20241009T1100,17.000246,75.90243,997.2
20241009T1200,17.600245,74.324036,996.0
20241009T1300,17.770245,71.10002,994.8
20241009T1400,18.030245,69.8484,993.6
20241009T1500,17.760244,72.852585,991.8
20241009T1600,17.240246,76.7441,990.3
20241009T1700,15.600245,85.904945,989.3
20241009T1800,15.470245,87.0826,988.9
20241009T1900,15.630245,86.64292,988.9
20241009T2000,16.300245,82.99601,989.3
20241009T2100,17.110245,75.07563,989.4
20241009T2200,17.450245,80.475586,989.2
20241009T2300,18.170246,77.74708,989.7
20241010T0000,18.660246,75.925415,990.4
20241010T0100,18.180244,78.66372,991.7
20241010T0200,16.240246,84.523445,993.9
20241010T0300,14.390245,86.11932,997.4
20241010T0400,13.900246,83.41712,999.5
20241010T0500,13.520246,82.20627,1000.4
20241010T0600,13.180245,82.659676,1001.3
20241010T0700,13.570246,80.41311,1002.2
20241010T0800,14.150246,77.06395,1003.0
20241010T0900,14.750245,74.218605,1003.7
20241010T1000,15.110246,69.73215,1004.5
20241010T1100,15.230246,69.615364,1004.9
20241010T1200,15.730246,68.69247,1005.1
20241010T1300,15.600245,68.66561,1005.0
20241010T1400,15.770246,67.09957,1006.0
20241010T1500,15.260245,71.42589,1006.0
20241010T1600,14.510245,78.005165,1007.0
20241010T1700,13.780245,81.03826,1007.7
20241010T1800,13.390245,84.59019,1008.4
20241010T1900,13.000245,85.5135,1009.2
20241010T2000,12.720245,86.00033,1010.1
20241010T2100,12.380245,87.1854,1010.6
20241010T2200,11.800245,91.26662,1011.1
20241010T2300,11.720245,91.13846,1011.4
20241011T0000,11.640245,91.50065,1011.9
20241011T0100,11.580245,91.31222,1012.5
20241011T0200,11.460245,91.61115,1012.7
20241011T0300,11.160245,92.02327,1013.5
20241011T0400,11.010245,92.82306,1014.1
20241011T0500,10.850245,91.38305,1014.5
20241011T0600,10.680245,89.95826,1015.4
20241011T0700,11.130245,88.666374,1016.1
20241011T0800,11.990245,82.728584,1016.7
20241011T0900,12.870245,73.879074,1017.1
20241011T1000,13.550245,75.06399,1017.5
20241011T1100,13.890245,70.96598,1017.5
20241011T1200,14.400246,67.58227,1017.5
20241011T1300,14.540245,62.88671,1017.1
20241011T1400,14.540245,62.456303,1017.5
20241011T1500,14.050245,66.13574,1017.7
20241011T1600,13.010245,75.378,1018.0
20241011T1700,10.940246,87.69219,1018.2
20241011T1800,9.870245,91.74798,1018.3
20241011T1900,8.840245,95.25924,1018.5
20241011T2000,7.8302455,96.86502,1018.3
20241011T2100,7.0702453,97.57779,1018.3
20241011T2200,6.5102453,97.08726,1018.1
20241011T2300,5.9502454,96.8643,1018.0
20241012T0000,5.5702453,97.66719,1017.8
20241012T0100,5.3702455,97.182594,1017.3
20241012T0200,5.190245,96.90339,1016.8
20241012T0300,4.920245,96.756584,1016.7
20241012T0400,5.400245,96.77551,1016.9
20241012T0500,5.650245,96.37936,1016.6
20241012T0600,5.8202453,96.31901,1016.3
20241012T0700,6.630245,95.35259,1016.2
20241012T0800,8.230246,92.64596,1016.1
20241012T0900,9.480246,89.67332,1015.6
20241012T1000,11.120245,86.0009,1015.8
20241012T1100,12.610246,81.6435,1015.6
20241012T1200,13.640245,79.13665,1015.1
20241012T1300,14.640245,75.96362,1014.2
20241012T1400,14.340245,81.60353,1013.9
20241012T1500,13.640245,87.01946,1013.8
20241012T1600,13.360246,88.15789,1014.0
20241012T1700,12.820246,91.886734,1014.0
20241012T1800,12.400246,94.21377,1014.1
20241012T1900,12.620245,94.22442,1014.1
20241012T2000,12.870245,93.42784,1013.9
20241012T2100,13.160245,92.39748,1013.8
20241012T2200,13.250245,91.671364,1014.3
20241012T2300,13.690246,91.15674,1014.1
20241013T0000,14.260245,90.83667,1013.9
20241013T0100,14.840245,90.520905,1014.4
20241013T0200,15.010245,90.473915,1013.9
20241013T0300,15.140245,90.36507,1014.3
20241013T0400,15.320246,91.20786,1014.8
20241013T0500,15.240245,90.72733,1014.8
20241013T0600,15.040245,90.121445,1015.4
20241013T0700,14.990245,90.591,1016.7
20241013T0800,15.280245,88.27159,1017.8
20241013T0900,15.610246,83.84405,1018.5
20241013T1000,15.090245,86.36187,1019.2
20241013T1100,15.390245,83.818146,1019.7
20241013T1200,15.590245,80.589874,1019.6
20241013T1300,15.940246,76.38254,1019.6
20241013T1400,16.170246,72.70673,1019.9
20241013T1500,15.890245,73.58188,1020.1
20241013T1600,15.160245,79.046906,1020.5
20241013T1700,13.820246,83.51867,1020.5
20241013T1800,11.770246,92.12533,1020.8
20241013T1900,10.870245,94.773026,1020.7
20241013T2000,10.290245,94.489876,1020.6
20241013T2100,9.480246,96.39516,1020.7
20241013T2200,9.290245,97.77342,1020.9
20241013T2300,9.680245,98.31388,1020.5
20241014T0000,9.840245,98.250786,1020.6
20241014T0100,9.740245,97.71863,1020.3
20241014T0200,9.620245,98.64573,1019.5
20241014T0300,9.900246,98.318405,1019.1
20241014T0400,10.100245,97.92555,1019.0
20241014T0500,10.140245,98.522156,1018.6
20241014T0600,10.540245,98.46327,1018.2
20241014T0700,10.850245,96.44293,1018.4
20241014T0800,11.750245,94.055954,1018.7
20241014T0900,13.410245,89.99658,1018.5
20241014T1000,15.630245,85.514626,1018.2
20241014T1100,17.750246,77.480415,1018.0
20241014T1200,19.250246,71.518814,1017.6
20241014T1300,19.870245,69.70527,1016.8
20241014T1400,20.410246,68.82089,1016.8
20241014T1500,20.450245,69.90814,1016.5
20241014T1600,19.620245,74.57178,1016.6
20241014T1700,16.910246,85.37117,1017.0
20241014T1800,16.190247,87.834724,1017.7
20241014T1900,15.870245,89.07453,1018.2
20241014T2000,15.550245,90.68994,1018.6
20241014T2100,14.930245,91.7801,1019.2
20241014T2200,14.490245,93.14608,1019.5
20241014T2300,13.920245,94.59582,1019.7
20241015T0000,13.510245,95.20272,1019.7
20241015T0100,13.120245,96.00743,1019.7
20241015T0200,13.070246,96.38656,1019.3
20241015T0300,13.070246,96.89639,1019.1
20241015T0400,12.940246,97.21303,1018.8
20241015T0500,12.870245,97.14714,1018.5
20241015T0600,12.720245,97.85175,1018.8
20241015T0700,13.240245,96.58251,1018.9
20241015T0800,14.040245,95.22347,1019.2
20241015T0900,14.950245,92.2625,1019.2
20241015T1000,15.210245,94.037254,1019.7
20241015T1100,15.780245,91.53533,1019.8
20241015T1200,15.710245,90.93753,1019.3
20241015T1300,15.390245,94.10662,1018.9
20241015T1400,15.370245,94.35055,1018.4
20241015T1500,15.420245,94.16911,1017.7
20241015T1600,15.420245,93.13468,1017.2
20241015T1700,14.880245,94.329,1016.7
20241015T1800,14.480246,95.364845,1016.4
20241015T1900,14.080245,95.662735,1016.3
20241015T2000,13.660245,96.27815,1015.9
20241015T2100,13.240245,96.51892,1015.5
20241015T2200,12.830245,96.88984,1016.2
20241015T2300,12.490245,97.394905,1015.2
20241016T0000,12.170245,98.230415,1014.8
20241016T0100,12.090245,97.64409,1015.2
20241016T0200,11.850245,97.6386,1014.8
20241016T0300,11.660245,97.24466,1014.7
20241016T0400,11.690246,94.87397,1014.6
20241016T0500,11.8102455,94.184784,1014.4
20241016T0600,11.710245,95.766,1014.5
20241016T0700,12.360246,94.58853,1014.6
20241016T0800,12.850245,94.61079,1014.9
20241016T0900,13.490245,93.89351,1014.8
20241016T1000,14.030245,93.18242,1015.6
20241016T1100,15.220245,89.72321,1015.3
20241016T1200,16.460245,87.00648,1014.2
20241016T1300,17.130245,84.67717,1013.2
20241016T1400,17.720245,83.005516,1013.0
20241016T1500,17.390245,83.995,1012.3
20241016T1600,16.240246,88.87323,1012.2
20241016T1700,14.860246,92.07631,1012.2
20241016T1800,14.300245,94.05622,1012.2
20241016T1900,14.010245,95.0975,1012.4
20241016T2000,14.110246,94.29434,1012.7
20241016T2100,13.940246,94.907684,1013.0
20241016T2200,13.8102455,95.52766,1014.2
20241016T2300,13.880245,96.095795,1013.6
20241017T0000,14.140245,96.22996,1013.8
20241017T0100,14.000245,97.2386,1014.5
20241017T0200,13.850245,97.937744,1014.3
20241017T0300,13.8102455,98.57987,1014.3
20241017T0400,13.730246,98.96654,1014.1
20241017T0500,13.600245,98.9652,1014.1
20241017T0600,13.500245,99.02902,1014.4
20241017T0700,13.780245,99.09653,1014.7
20241017T0800,14.690246,97.82518,1015.1
20241017T0900,15.930245,95.84902,1015.0
20241017T1000,18.540245,83.85455,1014.9
20241017T1100,20.060246,78.582016,1014.3
20241017T1200,20.770245,76.50613,1014.4
20241017T1300,20.920246,76.18817,1013.8
20241017T1400,20.730246,76.25574,1013.5
20241017T1500,20.480246,79.09524,1013.1
20241017T1600,19.170246,85.603775,1012.7
20241017T1700,17.510244,90.12705,1012.9
20241017T1800,16.800245,92.072754,1012.7
20241017T1900,15.0602455,95.572296,1012.5
20241017T2000,14.100245,97.24092,1012.4
20241017T2100,13.600245,97.22915,1012.3
20241017T2200,13.340245,96.07813,1012.8
20241017T2300,13.140245,96.19826,1012.4
20241018T0000,12.860246,98.11303,1012.2
20241018T0100,12.790245,98.5008,1012.2
20241018T0200,13.130245,97.9888,1012.2
20241018T0300,13.650246,98.90096,1012.5
20241018T0400,14.140245,98.51983,1012.7
20241018T0500,14.460245,96.55423,1013.0
20241018T0600,14.490245,96.36634,1013.7
20241018T0700,14.730246,95.560745,1014.2
20241018T0800,15.160245,92.93911,1014.5
20241018T0900,15.660245,91.94517,1014.7
20241018T1000,16.900246,84.322205,1014.4
20241018T1100,17.660246,80.45182,1014.7
20241018T1200,17.410246,79.84299,1014.6
20241018T1300,17.420246,79.169876,1014.4
20241018T1400,17.310246,77.71717,1014.5
20241018T1500,16.790245,79.860115,1014.2
20241018T1600,16.090246,82.481804,1014.4
20241018T1700,15.0602455,87.61707,1014.9
20241018T1800,14.470245,89.48759,1015.3
20241018T1900,13.870245,91.169205,1015.7
20241018T2000,13.420245,91.44017,1016.0
20241018T2100,13.170245,91.42317,1016.3
20241018T2200,12.300245,93.02414,1016.6
20241018T2300,12.050245,94.00836,1016.8
20241019T0000,11.820246,94.62669,1016.7
20241019T0100,11.670245,94.74633,1017.3
20241019T0200,11.350245,94.985916,1016.9
20241019T0300,11.0602455,95.22843,1017.3
20241019T0400,10.750245,96.310005,1017.3
20241019T0500,10.760245,96.6994,1017.4
20241019T0600,11.320246,95.55898,1018.0
20241019T0700,11.920245,94.442055,1018.8
20241019T0800,12.880245,92.25766,1019.1
20241019T0900,14.050245,91.061516,1019.0
20241019T1000,14.950245,88.30048,1019.4
20241019T1100,16.000246,84.2754,1019.4
20241019T1200,16.490246,81.24464,1019.4
20241019T1300,16.840246,79.971886,1019.3
20241019T1400,17.430244,77.99027,1019.5
20241019T1500,17.270245,81.61303,1019.6
20241019T1600,16.500246,84.22211,1019.8
20241019T1700,14.5602455,87.80179,1020.0
20241019T1800,13.270246,91.73345,1020.2
20241019T1900,12.460245,93.46778,1020.1
20241019T2000,11.830245,94.31171,1020.7
20241019T2100,10.930245,95.92911,1020.6
20241019T2200,11.270246,93.464836,1021.2
20241019T2300,10.400246,95.00722,1021.3
20241020T0000,10.0602455,94.606514,1021.7
20241020T0100,9.870245,93.7662,1021.9
20241020T0200,9.970245,94.73043,1021.8
20241020T0300,9.970245,96.02209,1022.1
20241020T0400,10.320246,97.73304,1022.4
20241020T0500,10.030245,97.990005,1022.7
20241020T0600,10.300245,97.53529,1023.0
20241020T0700,10.860246,96.9625,1023.4
20241020T0800,11.650246,94.49234,1023.8
20241020T0900,13.210245,90.10053,1023.6
20241020T1000,14.120245,85.40841,1024.1
20241020T1100,15.450245,79.82718,1024.1
20241020T1200,16.380245,77.266685,1023.9
20241020T1300,17.000246,75.35442,1023.5
20241020T1400,17.860245,71.16404,1023.5
20241020T1500,17.790245,71.29165,1023.4
20241020T1600,16.420246,76.71378,1023.6
20241020T1700,13.250245,91.24694,1024.1
20241020T1800,12.190246,94.64371,1024.6
20241020T1900,11.370245,97.107124,1025.0
20241020T2000,10.790245,98.59986,1025.3
20241020T2100,10.480246,98.13191,1025.7
20241020T2200,10.320246,96.88093,1026.3
20241020T2300,10.330245,96.94655,1026.8
20241021T0000,9.900246,98.18573,1027.3
20241021T0100,9.900246,98.584206,1027.2
20241021T0200,9.870245,97.92017,1026.8
20241021T0300,9.770246,97.85162,1026.7
20241021T0400,9.680245,98.1146,1026.8
20241021T0500,9.730246,97.916855,1026.8
20241021T0600,9.710245,98.78077,1026.8
20241021T0700,10.790245,95.47337,1026.8
20241021T0800,12.930245,90.43919,1026.8
20241021T0900,14.960245,84.48981,1026.5
20241021T1000,17.100245,78.4013,1026.9
20241021T1100,18.930244,73.15784,1026.4
20241021T1200,20.200245,68.86872,1025.7
20241021T1300,21.080246,65.89759,1025.1
20241021T1400,21.740246,64.05841,1024.7
20241021T1500,21.250246,65.80537,1024.0
20241021T1600,19.230246,73.3062,1024.0
20241021T1700,15.930245,84.82142,1024.2
20241021T1800,13.420245,92.41329,1024.3
20241021T1900,12.850245,94.297935,1024.5
20241021T2000,12.470245,96.1124,1024.6
20241021T2100,12.480246,95.79459,1024.7
20241021T2200,12.480246,96.43182,1025.2
20241021T2300,12.950245,96.06507,1025.5
20241022T0000,13.940246,94.34851,1025.7
20241022T0100,15.210245,90.01636,1026.0
20241022T0200,15.720245,88.30999,1026.1
20241022T0300,15.720245,87.67778,1026.4
20241022T0400,15.670245,87.845276,1026.6
20241022T0500,15.640245,88.649765,1026.7
20241022T0600,15.460245,89.976425,1027.2
20241022T0700,15.950245,89.08103,1027.7
20241022T0800,16.550245,88.381386,1028.3
20241022T0900,17.010244,87.96429,1028.6
20241022T1000,17.380245,86.75609,1028.8
20241022T1100,17.560246,87.672676,1029.0
20241022T1200,17.450245,87.4935,1029.0
20241022T1300,17.300245,85.799995,1028.9
20241022T1400,16.960245,85.988106,1029.2
20241022T1500,16.340246,87.22185,1029.4
20241022T1600,15.860246,87.1767,1029.8
20241022T1700,15.100245,91.0145,1030.4
20241022T1800,14.870245,91.836365,1030.8
20241022T1900,14.580245,92.11949,1031.3
20241022T2000,14.040245,93.30551,1031.8
20241022T2100,13.770246,93.660385,1032.1
20241022T2200,13.700245,93.28734,1032.3
20241022T2300,13.370245,93.51631,1032.5
20241023T0000,13.020246,93.4978,1032.5
20241023T0100,12.740245,92.864075,1032.6
20241023T0200,12.200245,92.276306,1032.8
20241023T0300,11.760245,91.57042,1032.7
20241023T0400,11.600245,90.58008,1032.7
20241023T0500,11.240245,90.73573,1032.8
20241023T0600,11.040245,89.927025,1033.0
20241023T0700,10.970245,89.37524,1033.4
20241023T0800,11.380245,87.61663,1033.7
20241023T0900,12.040245,84.48882,1033.8
20241023T1000,13.3102455,80.21378,1033.5
20241023T1100,14.490245,73.03137,1033.0
20241023T1200,15.070246,70.67134,1032.1
20241023T1300,15.720245,67.81688,1031.4
20241023T1400,15.900246,68.22105,1031.2
20241023T1500,15.640245,69.37079,1030.8
20241023T1600,14.490245,76.193695,1030.4
20241023T1700,13.280245,81.40545,1030.4
20241023T1800,12.800245,83.89901,1030.4
20241023T1900,12.230246,85.543205,1030.3
20241023T2000,11.990245,86.853355,1030.2
20241023T2100,11.420245,87.6798,1029.9
20241023T2200,11.330245,88.1467,1029.9
20241023T2300,11.020246,89.682434,1029.6
20241024T0000,11.370245,89.65121,1029.3
20241024T0100,11.190246,90.36535,1029.2
20241024T0200,10.950245,91.699265,1028.4
20241024T0300,11.070246,91.76943,1027.9
20241024T0400,11.250245,91.71999,1027.6
20241024T0500,11.220245,91.34794,1027.3
20241024T0600,11.190246,91.22273,1027.2
20241024T0700,11.840245,89.99211,1027.4
20241024T0800,12.610246,86.974754,1027.5
20241024T0900,13.740245,83.73217,1027.1
20241024T1000,15.350245,77.10292,1027.0
20241024T1100,16.370245,74.75111,1026.3
20241024T1200,17.170246,72.60122,1025.7
20241024T1300,17.620245,72.15843,1025.0
20241024T1400,17.200245,74.30362,1024.6
20241024T1500,16.300245,80.793686,1024.0
20241024T1600,15.220245,87.001465,1023.6
20241024T1700,14.230246,91.55463,1023.6
20241024T1800,13.430245,93.952515,1023.7
20241024T1900,13.300245,94.07028,1023.3
20241024T2000,13.080245,94.121826,1023.3
20241024T2100,12.660245,95.801125,1022.8
20241024T2200,12.890245,95.872734,1023.0
20241024T2300,12.760245,95.9951,1023.0
20241025T0000,12.700245,96.31121,1022.4
20241025T0100,12.370245,96.49233,1022.3
20241025T0200,12.230246,96.423874,1022.1
20241025T0300,12.270246,95.08908,1021.8
20241025T0400,12.420245,93.71474,1021.6
20241025T0500,12.380245,93.09073,1021.4
20241025T0600,12.0602455,93.01024,1021.5
20241025T0700,12.040245,93.694725,1021.7
20241025T0800,13.130245,93.44177,1021.7
20241025T0900,14.600245,87.92128,1021.7
20241025T1000,16.030245,83.07197,1021.3
20241025T1100,17.360245,79.67982,1021.0
20241025T1200,18.230246,76.55096,1020.4
20241025T1300,18.840246,73.66816,1019.9
20241025T1400,18.960245,71.8392,1019.7
20241025T1500,18.490246,72.793274,1019.4
20241025T1600,17.380245,73.50717,1019.2
20241025T1700,16.180246,79.87867,1019.5
20241025T1800,13.290245,89.09479,1019.7
20241025T1900,11.950245,92.69344,1019.7
20241025T2000,11.450245,93.34952,1019.8
20241025T2100,11.100245,93.141464,1020.0
20241025T2200,11.210245,92.212654,1020.6
20241025T2300,11.020246,92.262405,1020.6
20241026T0000,10.730246,92.49304,1020.6
20241026T0100,10.320246,92.7805,1020.4
20241026T0200,9.530245,94.58032,1019.6
20241026T0300,9.320246,96.062195,1019.6
20241026T0400,9.450245,95.67632,1019.5
20241026T0500,9.550245,94.90345,1019.1
20241026T0600,9.720245,94.97593,1019.1
20241026T0700,9.780245,95.81978,1019.0
20241026T0800,10.3102455,94.49087,1018.9
20241026T0900,11.240245,89.822075,1018.4
20241026T1000,12.500245,88.13757,1018.9
20241026T1100,13.080245,86.963745,1018.5
20241026T1200,13.770246,85.59766,1018.0
20241026T1300,14.090245,85.121994,1016.8
20241026T1400,14.270246,85.36813,1016.5
20241026T1500,13.800245,87.03525,1016.4
20241026T1600,13.700245,85.419235,1016.1
20241026T1700,13.250245,88.913795,1016.0
20241026T1800,13.140245,89.79609,1016.1
20241026T1900,11.280245,96.26383,1016.0
20241026T2000,11.030245,96.38433,1016.2
20241026T2100,10.660245,95.78989,1016.4
20241026T2200,11.010245,93.073494,1017.7
20241026T2300,10.480246,93.67306,1017.8
20241027T0000,10.000245,93.519264,1017.6
20241027T0100,9.520246,94.837494,1018.1
20241027T0200,9.600245,95.16411,1018.3
20241027T0300,9.700245,95.686676,1018.8
20241027T0400,9.990245,95.18166,1019.4
20241027T0500,10.450245,94.49778,1019.9
20241027T0600,10.650246,93.68246,1020.7
20241027T0700,11.230246,92.89889,1021.5
20241027T0800,12.430245,89.73875,1022.1
20241027T0900,14.090245,84.33358,1022.9
20241027T1000,15.950245,79.373055,1023.2
20241027T1100,17.690245,73.998604,1023.4
20241027T1200,18.850245,69.596794,1023.1
20241027T1300,19.680244,66.50894,1023.0
20241027T1400,20.060246,64.27505,1023.0
20241027T1500,19.580246,65.190575,1023.4
20241027T1600,17.880245,71.02724,1023.8
20241027T1700,15.260245,82.21355,1024.4
20241027T1800,14.120245,86.03412,1025.0
20241027T1900,12.430245,91.18937,1025.3
20241027T2000,11.250245,93.778145,1025.7
20241027T2100,10.3102455,95.195854,1025.9
20241027T2200,10.170245,95.38294,1026.5
20241027T2300,9.620245,96.07378,1026.5
20241028T0000,9.490245,95.80809,1026.7
20241028T0100,9.380245,95.67341,1026.8
20241028T0200,9.030245,95.919975,1026.7
20241028T0300,8.600245,95.70579,1026.5
20241028T0400,8.640245,95.83853,1026.5
20241028T0500,8.330246,96.55088,1026.7
20241028T0600,8.190246,97.41014,1027.1
20241028T0700,9.100245,95.66164,1027.3
20241028T0800,11.550245,91.555855,1027.6
20241028T0900,13.890245,85.61066,1027.6
20241028T1000,16.080246,82.805984,1027.7
20241028T1100,17.750246,77.53102,1027.3
20241028T1200,18.950245,73.44788,1026.8
20241028T1300,19.640245,69.66046,1026.1
20241028T1400,20.040245,67.15254,1025.7
20241028T1500,19.760244,67.3143,1025.6
20241028T1600,17.160246,77.23674,1025.5
20241028T1700,15.010245,85.44835,1025.9
20241028T1800,12.390245,92.473076,1026.4
20241028T1900,11.220245,95.299126,1026.5
20241028T2000,10.820246,95.41044,1026.6
20241028T2100,10.320246,96.03536,1026.5
20241028T2200,10.070246,94.607,1026.8
20241028T2300,9.690246,95.2328,1027.1
20241029T0000,9.530245,96.462395,1027.1
20241029T0100,9.350245,97.576096,1027.3
20241029T0200,9.580245,97.450134,1026.9
20241029T0300,9.400246,97.312965,1027.1
20241029T0400,9.130245,97.769325,1027.4
20241029T0500,8.870245,98.497536,1027.8
20241029T0600,8.750245,98.763794,1028.1
20241029T0700,9.020246,97.833015,1028.2
20241029T0800,10.980246,96.12429,1028.3
20241029T0900,13.120245,89.13966,1028.2
20241029T1000,15.400246,83.65384,1028.3
20241029T1100,16.950245,79.569466,1027.8
20241029T1200,18.180244,76.095146,1027.1
20241029T1300,18.750246,74.42429,1026.5
20241029T1400,18.950245,73.44788,1026.4
20241029T1500,18.410246,76.929,1026.1
20241029T1600,16.320246,81.22201,1025.9
20241029T1700,14.220245,87.944595,1026.1
20241029T1800,12.920245,91.406044,1026.5
20241029T1900,11.110246,95.74303,1026.6
20241029T2000,10.000245,97.461624,1026.5
20241029T2100,9.540245,97.71353,1026.3
20241029T2200,9.420245,96.98389,1026.9
20241029T2300,9.260245,96.190674,1027.3
20241030T0000,8.950245,96.17883,1027.3
20241030T0100,8.700245,96.234924,1027.3
20241030T0200,8.770246,98.22745,1027.3
20241030T0300,8.640245,98.627205,1027.6
20241030T0400,8.340245,98.35196,1027.5
20241030T0500,8.470245,98.758575,1027.6
20241030T0600,8.600245,98.491974,1027.7
20241030T0700,8.850245,98.09557,1028.0
20241030T0800,9.760245,97.06019,1028.5
20241030T0900,11.040245,94.463005,1028.4
20241030T1000,12.790245,91.64065,1028.8
20241030T1100,13.480246,89.76364,1028.5
20241030T1200,14.0602455,88.22131,1027.7
20241030T1300,14.420245,87.15349,1027.1
20241030T1400,14.360246,86.23028,1026.9
20241030T1500,13.780245,88.37167,1026.5
20241030T1600,11.510245,94.73901,1026.5
20241030T1700,10.910245,95.863945,1026.9
20241030T1800,10.8102455,96.50636,1027.2
20241030T1900,10.690246,96.69716,1027.3
20241030T2000,10.280245,97.075806,1027.2
20241030T2100,9.690246,97.982185,1027.3
20241030T2200,9.840245,97.19401,1028.1
20241030T2300,9.360246,98.04087,1028.2
20241031T0000,8.940246,97.36577,1028.4
20241031T0100,8.980246,97.03594,1028.3
20241031T0200,9.510245,97.31615,1028.0
20241031T0300,9.610246,97.71531,1027.9
20241031T0400,9.700245,97.058365,1028.0
20241031T0500,9.800245,96.4066,1028.0
20241031T0600,9.820246,96.53793,1028.3
20241031T0700,9.890245,96.54034,1028.5
20241031T0800,10.110246,95.509476,1028.7
20241031T0900,10.540245,93.61313,1028.6
20241031T1000,11.230246,90.61266,1029.3
20241031T1100,11.640245,88.414024,1029.1
20241031T1200,12.040245,86.10085,1028.5
20241031T1300,12.450245,85.33769,1027.6
20241031T1400,12.650246,83.31785,1027.1
20241031T1500,12.420245,85.96804,1026.8
20241031T1600,12.150246,86.11269,1026.7
20241031T1700,12.400246,86.42943,1026.9
20241031T1800,10.620245,92.36102,1027.2
20241031T1900,9.650246,94.6506,1027.2
20241031T2000,9.760245,93.887596,1027.0
20241031T2100,9.430245,93.67767,1026.7
20241031T2200,9.420245,94.06092,1027.5
20241031T2300,8.970245,93.972145,1027.6
20241101T0000,8.760245,93.767555,1027.3
20241101T0100,8.390245,93.232056,1027.1
20241101T0200,8.290245,93.675995,1026.8
20241101T0300,7.8902454,94.62636,1026.7
20241101T0400,7.690245,95.79827,1026.7
20241101T0500,7.4302454,97.11863,1026.6
20241101T0600,6.9702454,97.84516,1026.7
20241101T0700,7.0902452,96.77187,1026.7
20241101T0800,8.300245,93.03417,1026.9
20241101T0900,9.610246,90.919075,1026.5
20241101T1000,11.070246,86.93494,1027.3
20241101T1100,12.8102455,82.61181,1026.6
20241101T1200,14.610246,78.75406,1025.6
20241101T1300,16.040245,73.65785,1025.1
20241101T1400,16.470245,71.80046,1024.8
20241101T1500,16.050245,74.497444,1024.2
20241101T1600,14.290245,79.022224,1024.1
20241101T1700,11.500245,88.759796,1024.6
20241101T1800,8.970245,96.44229,1024.9
20241101T1900,8.350245,97.681885,1025.3
20241101T2000,7.960245,97.60402,1025.9
20241101T2100,7.670245,98.810875,1026.1
20241101T2200,7.500245,98.33271,1026.8
20241101T2300,6.9702454,98.456,1026.9
20241102T0000,7.3902454,97.92436,1026.9
20241102T0100,8.130245,95.29182,1026.9
20241102T0200,8.390245,93.8107,1027.1
20241102T0300,8.110246,94.31264,1027.2
20241102T0400,7.130245,96.305725,1027.1
20241102T0500,6.520245,98.104324,1027.4
20241102T0600,6.8902454,97.36983,1027.7
20241102T0700,7.000245,96.969795,1028.2
20241102T0800,7.3202453,97.58529,1028.9
20241102T0900,8.020246,95.944275,1029.1
20241102T1000,8.800245,93.44918,1029.4
20241102T1100,9.370245,90.83832,1029.0
20241102T1200,9.980246,89.04533,1028.6
20241102T1300,10.350245,87.81329,1028.2
20241102T1400,10.420245,86.51232,1027.9
20241102T1500,10.220245,87.56107,1027.8
20241102T1600,8.910245,93.20009,1027.8
20241102T1700,8.730246,92.55179,1028.2
20241102T1800,9.150246,91.759384,1028.8
20241102T1900,9.080245,91.62872,1029.1
20241102T2000,8.320246,92.71575,1029.3
20241102T2100,7.860245,93.00607,1029.3
20241102T2200,8.090245,92.190186,1030.3
20241102T2300,8.130245,91.17996,1030.9
20241103T0000,8.270246,90.43825,1030.8
20241103T0100,8.220245,90.496635,1030.5
20241103T0200,8.370246,90.32171,1030.0
20241103T0300,8.330246,90.13139,1029.6
20241103T0400,8.450246,89.955086,1029.6
20241103T0500,8.350245,90.50732,1029.5
20241103T0600,8.490246,89.83444,1029.5
20241103T0700,8.080246,91.49172,1030.0
20241103T0800,8.920245,87.067474,1030.4
20241103T0900,9.330245,84.56665,1030.1
20241103T1000,9.860246,81.76557,1030.7
20241103T1100,10.710245,79.50102,1030.3
20241103T1200,11.540245,78.00957,1029.8
20241103T1300,12.260245,75.86643,1028.9
20241103T1400,12.610246,75.4623,1028.4
20241103T1500,11.980246,80.62047,1028.1
20241103T1600,11.750245,75.8821,1028.1
20241103T1700,9.910245,84.57903,1028.3
20241103T1800,7.6002455,91.201866,1028.3
20241103T1900,6.290245,94.342865,1028.3
20241103T2000,5.7602453,94.57765,1028.2
20241103T2100,5.3202453,94.41998,1028.0
20241103T2200,5.610245,91.68641,1029.2
20241103T2300,5.1202455,92.16831,1029.1
20241104T0000,4.6002455,92.58822,1029.1
20241104T0100,4.3002453,92.63227,1028.7
20241104T0200,4.0102453,91.88689,1028.6
20241104T0300,3.9602456,92.54137,1028.4
20241104T0400,4.0902452,92.81523,1028.1
20241104T0500,4.3502455,92.70182,1028.0
20241104T0600,4.5702453,92.98127,1027.7
20241104T0700,4.880245,93.39853,1027.8
20241104T0800,6.0702453,90.63272,1028.1
20241104T0900,7.4902453,86.248215,1027.9
20241104T1000,7.710245,87.48488,1029.2
20241104T1100,8.500245,86.60173,1028.5
20241104T1200,9.260245,84.7335,1027.7
20241104T1300,9.930245,83.94425,1026.8
20241104T1400,10.180245,84.2064,1026.2
20241104T1500,9.480246,88.63461,1025.9
20241104T1600,9.970245,84.007,1026.0
20241104T1700,8.710245,90.03937,1026.1
20241104T1800,6.2802453,96.67435,1026.2
20241104T1900,6.230245,96.67243,1026.0
20241104T2000,6.130245,95.394875,1025.7
20241104T2100,6.0602455,94.59423,1025.5
20241104T2200,5.9502454,94.059525,1026.7
20241104T2300,5.6402454,94.97013,1026.5
20241105T0000,5.650245,93.77771,1026.5
20241105T0100,5.7002454,92.99316,1026.2
20241105T0200,5.4702454,93.10863,1026.1
20241105T0300,5.3902454,93.62956,1025.8
20241105T0400,5.250245,94.81581,1025.7
20241105T0500,5.3302455,95.48951,1025.8
20241105T0600,5.3202453,96.365486,1025.7
20241105T0700,5.730245,96.04583,1025.9
20241105T0800,7.1802454,93.35013,1026.1
20241105T0900,9.230246,89.95974,1025.9
20241105T1000,10.650246,88.682625,1026.8
20241105T1100,12.550245,84.378426,1026.3
20241105T1200,14.240245,80.29335,1025.9
20241105T1300,15.250245,77.13825,1025.2
20241105T1400,15.670245,74.38135,1024.9
20241105T1500,15.040245,76.5404,1024.7
20241105T1600,13.330245,81.96091,1024.9
20241105T1700,9.650246,94.20131,1025.2
20241105T1800,8.240246,98.14803,1025.3
20241105T1900,8.050245,98.54781,1025.5
20241105T2000,7.730245,98.74421,1025.7
20241105T2100,7.5502453,98.80851,1025.8
20241105T2200,7.5302453,97.72602,1026.8
20241105T2300,7.500245,97.99479,1027.1
20241106T0000,7.3102455,97.450386,1027.2
20241106T0100,7.210245,97.649414,1027.5
20241106T0200,7.400245,97.251724,1027.6
20241106T0300,7.6602454,97.66249,1027.7
20241106T0400,7.6802454,98.336914,1027.8
20241106T0500,8.010245,98.88514,1028.0
20241106T0600,7.8702455,99.69929,1028.5
20241106T0700,8.250245,98.619415,1028.9
20241106T0800,9.270246,97.045074,1029.3
20241106T0900,10.900246,93.69619,1029.6
20241106T1000,12.340245,89.61135,1029.9
20241106T1100,13.500245,87.12149,1029.6
20241106T1200,14.230246,82.628494,1029.2
20241106T1300,14.610246,80.88272,1028.9
20241106T1400,14.620245,80.50801,1028.7
20241106T1500,14.260245,81.86524,1028.7
20241106T1600,12.830245,89.83104,1028.8
20241106T1700,11.270246,94.98236,1029.0
20241106T1800,10.8102455,95.281746,1029.4
20241106T1900,10.170245,96.61508,1029.6
20241106T2000,9.570246,97.582,1030.0
20241106T2100,9.0602455,98.501366,1030.2
20241106T2200,8.840245,97.562126,1030.5
20241106T2300,8.620245,97.95634,1030.7
20241107T0000,8.470245,98.086494,1030.7
20241107T0100,7.880245,99.1543,1030.6
20241107T0200,8.140245,98.81988,1030.7
20241107T0300,8.170245,98.34816,1030.6
20241107T0400,8.130245,98.347244,1030.7
20241107T0500,7.980245,98.54632,1030.6
20241107T0600,7.790245,98.474625,1030.6
20241107T0700,7.9102454,97.87097,1031.1
20241107T0800,8.0602455,96.872955,1031.1
20241107T0900,8.250245,94.90544,1031.1
20241107T1000,8.570246,91.33954,1031.6
20241107T1100,8.880245,89.86812,1031.3
20241107T1200,8.960245,89.628105,1030.9
20241107T1300,9.210245,88.67011,1030.4
20241107T1400,9.330245,88.074326,1030.1
20241107T1500,9.370245,90.589935,1029.7
20241107T1600,9.660245,85.66136,1029.6
20241107T1700,9.510245,87.97112,1029.4
20241107T1800,8.910245,90.73981,1029.6
20241107T1900,7.790245,93.77589,1029.5
20241107T2000,7.110245,94.84804,1029.3
20241107T2100,7.1802454,94.85164,1029.4
20241107T2200,7.690245,94.22467,1029.7
20241107T2300,7.5602455,94.28264,1029.8
20241108T0000,7.7402453,94.61854,1029.6
20241108T0100,7.690245,95.13981,1029.4
20241108T0200,7.8102455,94.94902,1028.9
20241108T0300,8.220245,94.51337,1028.5
20241108T0400,8.300245,94.5825,1028.0
20241108T0500,8.280246,94.71153,1027.5
20241108T0600,8.340245,94.0661,1027.3
20241108T0700,8.370246,93.616295,1027.6
20241108T0800,8.320246,93.80668,1027.5
20241108T0900,8.420245,91.959564,1027.3
20241108T1000,9.350245,90.15502,1027.2
20241108T1100,10.010245,87.59987,1026.8
20241108T1200,10.340245,86.14983,1026.1
20241108T1300,10.830245,84.22857,1025.1
20241108T1400,11.010245,84.19313,1024.7
20241108T1500,11.110246,79.50749,1024.6
20241108T1600,11.670245,81.29251,1024.4
20241108T1700,9.920245,88.91835,1024.8
20241108T1800,8.110246,95.35642,1025.1
20241108T1900,8.050245,96.34189,1025.1
20241108T2000,8.260245,95.69118,1024.9
20241108T2100,8.280246,94.84174,1025.0
20241108T2200,8.670245,92.61138,1025.6
20241108T2300,8.500245,93.17479,1026.2
20241109T0000,8.070246,94.44043,1026.4
20241109T0100,7.860245,94.429245,1026.5
20241109T0200,7.8202453,93.90722,1026.2
20241109T0300,7.460245,94.53841,1026.1
20241109T0400,7.110245,95.64027,1026.3
20241109T0500,6.940245,95.964806,1026.3
20241109T0600,6.790245,96.15841,1026.3
20241109T0700,6.750245,96.49112,1026.4
20241109T0800,7.5702453,94.60963,1026.6
20241109T0900,8.8102455,90.73184,1026.4
20241109T1000,10.070246,89.60167,1027.1
20241109T1100,11.270246,86.25105,1026.6
20241109T1200,11.960245,85.05229,1026.0
20241109T1300,12.320246,82.77145,1025.6
20241109T1400,12.100245,83.361244,1025.3
20241109T1500,11.800245,81.034584,1025.1
20241109T1600,11.250245,86.83572,1025.2
20241109T1700,10.200245,90.224915,1025.5
20241109T1800,8.980246,93.39592,1025.9
20241109T1900,7.610245,96.52419,1026.0
20241109T2000,7.0102453,97.23899,1026.0
20241109T2100,6.7002454,97.09386,1026.2
20241109T2200,7.1202455,95.11197,1027.1
20241109T2300,6.880245,94.83617,1027.2
20241110T0000,6.4302454,94.74652,1027.1
20241110T0100,6.0102453,94.65772,1027.1
20241110T0200,5.690245,94.97277,1027.0
20241110T0300,5.5602455,95.23301,1027.0
20241110T0400,5.5502453,96.51038,1027.3
20241110T0500,5.3902454,96.503815,1027.5
20241110T0600,5.3202453,96.365486,1027.6
20241110T0700,5.6202455,95.97365,1027.9
20241110T0800,6.250245,94.472534,1028.1
20241110T0900,6.8502455,92.48784,1028.2
20241110T1000,7.0502453,94.31976,1028.7
20241110T1100,7.7202454,92.29184,1028.3
20241110T1200,8.080246,91.42851,1027.9
20241110T1300,8.350245,91.25987,1027.6
20241110T1400,8.490246,90.894005,1027.2
20241110T1500,8.240246,92.51901,1027.2
20241110T1600,6.8402452,96.42773,1027.5
20241110T1700,6.9502454,95.633,1027.7
20241110T1800,7.540245,93.1143,1028.0
20241110T1900,7.480245,93.04596,1028.1
20241110T2000,7.0602455,93.40748,1028.3
20241110T2100,6.710245,94.23512,1028.6
20241110T2200,6.0302453,93.801056,1029.7
20241110T2300,5.690245,93.84609,1029.9
20241111T0000,5.190245,94.41248,1029.9
20241111T0100,5.0102453,94.468735,1029.9
20241111T0200,5.130245,94.542274,1030.1
20241111T0300,5.170245,94.47792,1030.1
20241111T0400,5.0802455,94.739685,1030.2
20241111T0500,5.0302453,94.336624,1030.5
20241111T0600,4.8202453,95.06049,1030.6
20241111T0700,4.610245,95.183876,1031.0
20241111T0800,4.5602455,94.77773,1031.0
20241111T0900,4.8402452,93.79328,1031.1
20241111T1000,5.7802453,90.54419,1031.5
20241111T1100,6.480245,89.46704,1030.8
20241111T1200,7.2602453,85.619835,1029.9
20241111T1300,7.5802455,85.717545,1029.2
20241111T1400,7.7002454,86.69448,1028.8
20241111T1500,7.5902452,91.2644,1028.3
20241111T1600,7.170245,93.47923,1028.0
20241111T1700,7.110245,94.78228,1028.1
20241111T1800,7.6602454,91.84113,1028.3
20241111T1900,7.6202455,91.96561,1028.2
20241111T2000,7.4502454,92.336945,1028.3
20241111T2100,7.0302453,93.470566,1028.4
20241111T2200,6.5702453,96.283,1028.2
20241111T2300,5.9302454,97.06672,1027.9
20241112T0000,5.690245,96.51609,1027.5
20241112T0100,5.730245,95.50903,1027.0
20241112T0200,5.3502455,96.56996,1026.5
20241112T0300,5.420245,96.84419,1026.2
20241112T0400,5.3302455,96.84074,1026.0
20241112T0500,5.270245,96.63457,1026.0
20241112T0600,5.2402453,96.42984,1025.7
20241112T0700,5.5702453,95.3673,1025.9
20241112T0800,6.2402453,95.60015,1026.2
20241112T0900,6.960245,93.14165,1026.1
20241112T1000,7.4702454,88.81213,1026.2
20241112T1100,7.770245,85.85957,1025.9
20241112T1200,8.140245,81.69232,1025.5
20241112T1300,8.350245,80.75661,1025.1
20241112T1400,8.470245,79.54057,1025.3
20241112T1500,8.3102455,80.41212,1025.5
20241112T1600,7.9702454,80.07876,1025.8
20241112T1700,7.8402452,80.11503,1026.5
20241112T1800,7.5802455,80.18784,1026.9
20241112T1900,6.9902453,81.1233,1027.3
20241112T2000,6.3102455,82.53167,1028.0
20241112T2100,5.690245,85.61295,1028.4
20241112T2200,5.8902454,81.886826,1028.3
20241112T2300,5.3402452,85.08407,1028.5
20241113T0000,5.2202454,85.73888,1028.9
20241113T0100,5.3102455,84.65669,1028.9
20241113T0200,4.770245,88.041695,1028.8
20241113T0300,4.3502455,89.77613,1029.2
20241113T0400,4.3102455,89.8365,1029.2
20241113T0500,4.2002454,88.23359,1029.3
20241113T0600,4.0402455,89.68271,1029.5
20241113T0700,4.630245,86.83986,1029.9
20241113T0800,4.690245,85.61305,1030.6
20241113T0900,4.9902453,82.99543,1030.6
20241113T1000,5.400245,82.22574,1031.2
20241113T1100,5.610245,81.6123,1031.1
20241113T1200,5.7002454,81.62561,1030.7
20241113T1300,5.790245,81.34813,1030.3
20241113T1400,5.6802454,81.62266,1030.0
20241113T1500,5.290245,82.32758,1029.9
20241113T1600,5.020245,83.357185,1030.5
20241113T1700,4.9902453,83.83201,1030.7
20241113T1800,4.8202453,85.32328,1031.1
20241113T1900,4.5102453,87.19975,1031.2
20241113T2000,3.9602456,90.70818,1031.1
20241113T2100,3.1302452,91.94891,1031.1
20241113T2200,2.8702455,92.79305,1031.1
20241113T2300,2.8302455,93.12478,1031.0
20241114T0000,2.9302454,92.79748,1030.9
20241114T0100,2.4802454,93.706436,1030.8
20241114T0200,1.9302454,93.39779,1030.6
20241114T0300,1.6602454,93.65041,1030.2
20241114T0400,1.5802454,93.64489,1029.8
20241114T0500,1.5602454,93.30361,1029.8
20241114T0600,1.8802454,91.9143,1029.9
20241114T0700,2.3202453,91.08827,1029.8
20241114T0800,3.3702455,87.070404,1030.1
20241114T0900,4.3702455,82.31257,1030.0
20241114T1000,5.2002454,79.184715,1030.4
20241114T1100,6.210245,77.33438,1029.7
20241114T1200,7.270245,75.29185,1029.2
20241114T1300,7.6002455,74.02595,1028.7
20241114T1400,7.8402452,73.4954,1028.7
20241114T1500,7.650245,76.27557,1028.5
20241114T1600,6.3402452,81.545784,1028.6
20241114T1700,6.460245,81.15914,1029.0
20241114T1800,6.3402452,83.35924,1028.8
20241114T1900,5.960245,85.161316,1029.1
20241114T2000,5.380245,88.481476,1029.1
20241114T2100,4.7002454,91.16035,1029.0
20241114T2200,4.420245,92.90477,1029.3
20241114T2300,4.750245,89.6219,1029.2
20241115T0000,5.400245,85.76064,1029.0
20241115T0100,4.770245,88.73474,1028.6
20241115T0200,3.9402456,92.27598,1028.1
20241115T0300,3.3702455,93.49732,1027.7
20241115T0400,2.9302454,93.938866,1027.8
20241115T0500,2.7702456,95.15201,1028.0
20241115T0600,3.4102454,93.56701,1028.0
20241115T0700,3.7402453,93.388695,1028.2
20241115T0800,4.0902452,94.21365,1028.1
20241115T0900,5.860245,89.85174,1027.9
20241115T1000,7.290245,85.44351,1028.1
20241115T1100,8.350245,80.64366,1027.8
20241115T1200,9.340245,74.92989,1027.0
20241115T1300,9.860246,71.690895,1026.7
20241115T1400,9.850245,70.19472,1026.4
20241115T1500,9.000245,75.0254,1026.2
20241115T1600,6.9302454,84.14734,1026.2
20241115T1700,6.8502455,85.27052,1026.4
20241115T1800,6.500245,87.41787,1026.5
20241115T1900,5.630245,89.45072,1026.5
20241115T2000,3.2002454,93.41877,1026.2
20241115T2100,2.2202454,94.02808,1025.8
20241115T2200,1.9302454,93.194824,1026.0
20241115T2300,1.5802454,93.57683,1026.0
20241116T0000,1.5702454,93.985146,1025.8
20241116T0100,1.2902454,95.413574,1025.5
20241116T0200,0.8502454,96.719604,1025.1
20241116T0300,0.6802454,98.777565,1024.7
20241116T0400,0.5102454,98.700424,1024.3
20241116T0500,0.6102454,98.91943,1024.2
20241116T0600,0.5502454,98.5579,1024.1
20241116T0700,0.7002454,98.41928,1024.2
20241116T0800,1.2002454,97.653275,1024.3
20241116T0900,2.3402452,94.44409,1024.0
20241116T1000,4.3002453,89.19597,1024.7
20241116T1100,5.8702455,84.30803,1023.9
20241116T1200,6.8702455,80.47607,1022.8
20241116T1300,7.790245,76.19256,1021.7
20241116T1400,7.8502455,74.81298,1020.8
20241116T1500,6.610245,82.925186,1020.4
20241116T1600,3.9002452,91.550385,1020.0
20241116T1700,3.2602453,93.96017,1019.9
20241116T1800,3.0402455,94.419174,1019.9
20241116T1900,2.7702456,95.08367,1020.0
20241116T2000,2.5402455,95.82618,1020.0
20241116T2100,2.4502454,95.821594,1020.1
20241116T2200,2.3802454,95.680084,1020.8
20241116T2300,2.3702455,95.19814,1020.7
20241117T0000,2.4602454,95.13463,1020.3
20241117T0100,2.2502456,95.60431,1019.9
20241117T0200,2.0502453,96.00879,1019.8
20241117T0300,2.1302454,96.151436,1019.3
20241117T0400,2.4902453,95.75471,1018.7
20241117T0500,2.6802454,96.040016,1018.7
20241117T0600,3.1302452,96.13062,1018.8
20241117T0700,3.2802453,96.06905,1019.0
20241117T0800,4.420245,94.16682,1019.4
20241117T0900,6.0302453,90.24752,1019.3
20241117T1000,6.8502455,89.37597,1019.2
20241117T1100,7.960245,86.12128,1018.6
20241117T1200,8.890245,81.969986,1017.7
20241117T1300,9.3102455,78.351,1016.9
20241117T1400,9.150246,77.6715,1016.4
20241117T1500,8.770246,78.31762,1016.3
20241117T1600,8.380245,79.192665,1016.3
20241117T1700,8.160246,80.3894,1016.7
20241117T1800,7.920245,81.66071,1017.0
20241117T1900,7.710245,83.42531,1017.4
20241117T2000,7.4902453,84.51494,1017.8
20241117T2100,7.4502454,85.10425,1018.1
20241117T2200,7.250245,85.61865,1018.1
20241117T2300,6.8302455,87.69892,1018.0
20241118T0000,6.5802455,89.476295,1017.9
20241118T0100,6.6202455,89.54274,1017.7
20241118T0200,6.6402454,89.23124,1017.5
20241118T0300,6.690245,88.550224,1017.5
20241118T0400,6.750245,87.4446,1017.5
20241118T0500,6.8202453,85.1469,1017.3
20241118T0600,6.650245,84.58737,1017.3
20241118T0700,6.4702454,85.34454,1017.2
20241118T0800,7.0802455,83.39996,1017.3
20241118T0900,7.8702455,77.45547,1017.5
20241118T1000,8.620245,73.28271,1017.0
20241118T1100,9.020246,71.62257,1016.8
20241118T1200,9.440246,69.61598,1016.4
20241118T1300,9.620245,68.19487,1016.0
20241118T1400,9.640245,67.67103,1015.7
20241118T1500,9.520246,67.644356,1015.6
20241118T1600,9.280245,68.798904,1015.5
20241118T1700,9.050245,71.62863,1015.5
20241118T1800,8.880245,74.687675,1015.4
20241118T1900,8.720245,76.518196,1015.1
20241118T2000,8.550245,78.33646,1014.7
20241118T2100,8.590245,79.5037,1014.4
20241118T2200,8.860246,76.274635,1013.7
20241118T2300,8.920245,76.768005,1013.6
20241119T0000,8.770246,78.75725,1012.8
20241119T0100,8.8102455,80.88126,1012.2
20241119T0200,8.8102455,82.64577,1011.7
20241119T0300,8.890245,84.33704,1010.8
20241119T0400,8.860246,86.94093,1010.1
20241119T0500,8.890245,88.09169,1009.8
20241119T0600,8.980246,88.100555,1009.1
20241119T0700,9.070246,87.80651,1009.0
20241119T0800,9.260245,87.403595,1008.8
20241119T0900,9.800245,85.44225,1008.5
20241119T1000,10.280245,84.04566,1007.6
20241119T1100,10.730246,80.99273,1006.8
20241119T1200,11.020246,79.00413,1005.5
20241119T1300,11.190246,78.49018,1004.7
20241119T1400,11.270246,77.64545,1003.5
20241119T1500,11.190246,79.5742,1002.5
20241119T1600,10.990245,81.19664,1001.5
20241119T1700,11.270246,79.205635,1000.1
20241119T1800,11.450245,79.070816,998.8
20241119T1900,11.240245,81.62138,997.7
20241119T2000,11.180245,82.397,995.7
20241119T2100,10.990245,83.96138,994.4
20241119T2200,9.870245,84.98207,995.1
20241119T2300,8.450246,88.96633,996.7
20241120T0000,6.3202453,92.12745,998.4
20241120T0100,6.0102453,91.71729,1000.1
20241120T0200,6.230245,86.40758,1001.1
20241120T0300,6.0802455,84.69473,1001.9
20241120T0400,5.210245,83.02621,1003.1
20241120T0500,4.420245,84.23815,1005.1
20241120T0600,3.9402456,85.52018,1006.2
20241120T0700,3.4702454,86.8935,1007.5
20241120T0800,3.7502456,84.82015,1008.6
20241120T0900,4.5502453,79.36369,1009.1
20241120T1000,5.040245,74.81885,1009.5
20241120T1100,5.8302455,68.23174,1009.4
20241120T1200,6.1802454,61.942482,1008.7
20241120T1300,6.210245,58.016884,1008.6
20241120T1400,6.0702453,57.040882,1008.5
20241120T1500,5.420245,59.237965,1008.4
20241120T1600,3.6202455,67.32371,1008.7
20241120T1700,3.5902452,68.577034,1009.4
20241120T1800,3.0902452,69.69517,1009.9
20241120T1900,2.6902456,70.96606,1010.3
20241120T2000,2.4102454,71.43538,1010.6
20241120T2100,2.1902454,72.73083,1010.8
20241120T2200,2.2202454,72.79125,1011.1
20241120T2300,2.2402453,73.72169,1011.4
20241121T0000,2.2802453,74.500244,1011.4
20241121T0100,2.2902455,75.05688,1011.6
20241121T0200,2.3402452,75.73682,1011.6
20241121T0300,1.9402454,77.70767,1011.8
20241121T0400,1.7602454,78.89351,1011.5
20241121T0500,1.3702455,79.472435,1011.1
20241121T0600,0.9802454,81.19751,1010.7
20241121T0700,0.9602454,81.67811,1010.2
20241121T0800,1.4702454,80.91521,1009.1
20241121T0900,2.2302454,78.50961,1007.6
20241121T1000,2.7402453,76.93899,1005.6
20241121T1100,3.1002455,74.496956,1002.8
20241121T1200,3.2502456,73.49043,1000.7
20241121T1300,2.8802452,76.738365,998.0
20241121T1400,1.9402454,85.76651,994.9
20241121T1500,1.1902454,90.5892,992.8
20241121T1600,0.77024543,94.68971,991.5
20241121T1700,0.4902454,97.12764,991.1
20241121T1800,0.41024542,96.62825,991.4
20241121T1900,0.41024542,96.55759,992.2
20241121T2000,0.35024542,97.33479,992.4
20241121T2100,0.2502454,97.401794,993.2
20241121T2200,0.22024539,97.40053,994.4
20241121T2300,0.20024541,97.32841,996.7
20241122T0000,0.100245416,95.34532,998.9
20241122T0100,-0.0697546,94.42754,1001.2
20241122T0200,-0.49975455,92.943855,1003.4
20241122T0300,-1.2497545,91.64612,1005.6
20241122T0400,-1.4197546,90.47323,1007.0
20241122T0500,-1.7597545,88.689735,1008.3
20241122T0600,-2.0297546,87.0019,1009.2
20241122T0700,-2.5997548,87.393394,1010.5
20241122T0800,-2.2197547,86.9123,1011.7
20241122T0900,-1.3297546,86.37177,1012.7
20241122T1000,-0.5997546,85.436424,1013.5
20241122T1100,-0.10975462,85.18347,1013.7
20241122T1200,0.1502454,87.397484,1013.7
20241122T1300,0.5502454,86.41591,1014.5
20241122T1400,0.7802454,85.11278,1014.9
20241122T1500,1.0402454,82.2986,1015.5
20241122T1600,1.0902455,79.83937,1016.2
20241122T1700,1.1902454,79.32383,1017.2
20241122T1800,1.5902454,78.74727,1018.2
20241122T1900,1.8302454,79.43261,1019.4
20241122T2000,2.0402455,81.30477,1020.5
20241122T2100,2.1002455,83.18762,1021.7
20241122T2200,2.3702455,82.67957,1022.6
20241122T2300,2.4802454,81.13499,1023.4
20241123T0000,2.4902453,80.78013,1024.2
20241123T0100,2.2802453,81.5816,1024.6
20241123T0200,1.9702454,82.620605,1025.6
20241123T0300,1.6002454,83.29923,1025.7
20241123T0400,0.77024543,86.571014,1025.4
20241123T0500,-0.05975461,88.81098,1026.3
20241123T0600,-1.0997546,89.96564,1025.8
20241123T0700,-2.2697544,91.00372,1025.8
20241123T0800,-1.3997546,90.610695,1025.9
20241123T0900,0.2902454,85.61763,1025.6
20241123T1000,1.3502455,81.43688,1025.8
20241123T1100,2.4902453,78.32372,1025.7
20241123T1200,3.2502456,75.909294,1024.4
20241123T1300,3.5202456,75.239265,1024.0
20241123T1400,3.1702452,77.4707,1023.4
20241123T1500,2.5402455,80.788086,1022.6
20241123T1600,1.8802454,86.199684,1021.7
20241123T1700,1.4602454,88.45308,1021.5
20241123T1800,1.5702454,85.78249,1021.0
20241123T1900,1.6902454,84.982834,1021.0
20241123T2000,1.8802454,83.33947,1020.8
20241123T2100,2.3302455,81.171036,1020.8
20241123T2200,3.6002455,72.86098,1021.6
20241123T2300,4.0702453,73.8173,1022.2
20241124T0000,4.7002454,72.50081,1021.4
20241124T0100,5.3702455,69.53486,1021.1
20241124T0200,6.020245,68.822685,1020.6
20241124T0300,6.3202453,66.675026,1020.6
20241124T0400,6.3702455,67.95793,1020.4
20241124T0500,6.0602455,68.9817,1020.6
20241124T0600,6.290245,69.63523,1020.4
20241124T0700,6.0702453,71.270424,1020.5
20241124T0800,6.8002453,71.525345,1020.9
20241124T0900,8.570246,70.02484,1020.9
20241124T1000,11.320246,69.767166,1021.7
20241124T1100,12.760245,68.20846,1021.8
20241124T1200,13.550245,66.38861,1020.7
20241124T1300,14.190246,65.35629,1020.1
20241124T1400,13.940246,65.83984,1019.6
20241124T1500,11.990245,69.76118,1019.2
20241124T1600,9.330245,76.30369,1018.8
20241124T1700,8.0602455,79.03045,1019.0
20241124T1800,6.9102454,81.16878,1018.8
20241124T1900,6.710245,82.23804,1018.6
20241124T2000,6.3002453,83.23573,1018.8
20241124T2100,5.5302453,86.020515,1018.4
20241124T2200,5.020245,83.41691,1018.2
20241124T2300,5.0502453,83.54057,1017.7
20241125T0000,4.6002455,83.23928,1017.5
20241125T0100,4.670245,83.12948,1017.2
20241125T0200,4.6802454,82.53549,1017.4
20241125T0300,5.0802455,81.5919,1016.7
20241125T0400,5.0802455,80.60177,1016.4
20241125T0500,4.6802454,80.946724,1015.9
20241125T0600,4.4702454,80.73922,1015.3
20241125T0700,4.690245,79.2721,1014.7
20241125T0800,5.7602453,76.8129,1014.2
20241125T0900,7.7602453,72.39002,1013.3
20241125T1000,10.130245,67.73173,1012.6
20241125T1100,12.750245,61.465946,1012.4
20241125T1200,14.250245,56.858494,1011.2
20241125T1300,14.910245,58.62941,1010.5
20241125T1400,14.760245,61.52941,1010.2
20241125T1500,13.520246,65.07004,1010.5
20241125T1600,12.490245,72.90499,1011.1
20241125T1700,11.820246,77.6288,1011.4
20241125T1800,11.200245,81.059944,1012.1
20241125T1900,11.010245,84.99995,1013.2
20241125T2000,11.150246,88.428474,1014.2
20241125T2100,10.860246,91.19867,1015.3
20241125T2200,10.500245,91.1104,1015.9
20241125T2300,10.550245,91.857735,1016.4
20241126T0000,10.680245,92.24013,1017.8
20241126T0100,10.590245,89.0394,1019.0
20241126T0200,10.210245,89.30906,1019.8
20241126T0300,9.740245,89.26752,1020.2
20241126T0400,9.500245,89.429726,1020.6
20241126T0500,9.020246,90.74854,1021.4
20241126T0600,8.490246,90.83137,1021.7
20241126T0700,8.130245,90.61446,1022.3
20241126T0800,8.880245,88.516884,1022.8
20241126T0900,9.740245,87.39279,1023.1
20241126T1000,10.680245,82.55575,1023.0
20241126T1100,11.200245,78.65353,1023.0
20241126T1200,11.660245,74.88243,1022.7
20241126T1300,11.820246,72.52718,1023.0
20241126T1400,11.760245,74.029945,1022.9
20241126T1500,11.640245,70.270744,1023.3
20241126T1600,10.740245,74.97549,1023.5
20241126T1700,8.530246,86.24558,1023.8
20241126T1800,7.7002454,89.952484,1023.9
20241126T1900,6.9102454,92.87939,1023.9
20241126T2000,6.400245,95.14225,1024.2
20241126T2100,6.230245,95.46635,1024.1
20241126T2200,5.7402453,96.653305,1024.2
20241126T2300,5.500245,97.05113,1024.2
20241127T0000,5.2402453,96.633354,1024.1
20241127T0100,4.9702454,96.89491,1024.1
20241127T0200,4.690245,96.67911,1023.9
20241127T0300,4.3402452,96.2549,1023.9
20241127T0400,3.9002452,96.64626,1023.8
20241127T0500,4.0202456,96.30886,1023.7
20241127T0600,4.2702456,95.911255,1023.7
20241127T0700,4.130245,96.72452,1023.8
20241127T0800,4.5102453,95.31351,1024.0
20241127T0900,6.0902452,93.2152,1023.9
20241127T1000,8.230246,88.63831,1024.4
20241127T1100,9.710245,84.96306,1023.7
20241127T1200,10.820246,81.78672,1022.9
20241127T1300,11.400246,78.040504,1022.2
20241127T1400,11.510245,75.788284,1021.6
20241127T1500,10.760245,78.367744,1021.3
20241127T1600,9.690246,81.79826,1021.2
20241127T1700,9.750245,78.31344,1021.3
20241127T1800,9.8102455,75.01562,1021.2
20241127T1900,10.360246,74.38789,1021.1
20241127T2000,10.780245,73.64355,1021.0
20241127T2100,10.950245,74.136154,1021.0
20241127T2200,11.000245,78.24451,1020.8
20241127T2300,11.010245,82.09317,1021.2
20241128T0000,10.850245,86.85307,1021.4
20241128T0100,10.850245,88.76111,1021.3
20241128T0200,10.960245,88.35091,1021.4
20241128T0300,11.010245,88.47541,1021.6
20241128T0400,10.940246,89.37264,1021.6
20241128T0500,10.8102455,89.96896,1022.0
20241128T0600,10.350245,92.2183,1022.3
20241128T0700,9.950245,93.961716,1023.2
20241128T0800,9.410245,95.54462,1024.4
20241128T0900,8.500245,95.17834,1025.6
20241128T1000,8.080246,91.49172,1026.6
20241128T1100,7.980245,87.33073,1027.1
20241128T1200,8.180245,84.07191,1027.4
20241128T1300,8.3102455,81.37455,1027.7
20241128T1400,8.190246,78.38741,1028.0
20241128T1500,7.170245,82.593704,1028.5
20241128T1600,5.380245,89.871506,1029.2
20241128T1700,4.0302453,92.61259,1029.8
20241128T1800,3.1502452,94.696976,1030.2
20241128T1900,2.3802454,97.20704,1030.9
20241128T2000,2.1602454,96.63945,1031.3
20241128T2100,1.5602454,96.96259,1031.4
20241128T2200,0.1802454,98.25798,1031.9
20241128T2300,-0.40975457,98.092514,1031.9
20241129T0000,-0.64975464,97.79478,1032.0
20241129T0100,-0.61975455,97.79598,1032.2
20241129T0200,-0.9397546,97.92757,1032.5
20241129T0300,-1.0497546,97.201546,1032.6
20241129T0400,-0.9197546,96.848785,1032.4
20241129T0500,-1.1397547,97.05355,1032.4
20241129T0600,-1.2097546,96.97834,1032.2
20241129T0700,-1.1297545,97.34191,1032.6
20241129T0800,-0.3797546,96.51863,1032.8
20241129T0900,1.0402454,95.46902,1032.8
20241129T1000,2.6402454,90.656105,1032.9
20241129T1100,3.9902453,86.51695,1032.4
20241129T1200,5.0802455,82.415375,1031.7
20241129T1300,5.7002454,79.38027,1031.3
20241129T1400,5.6802454,78.64072,1030.9
20241129T1500,4.130245,86.09924,1030.8
20241129T1600,1.6302454,92.296036,1031.0
20241129T1700,1.1302454,93.20436,1030.9
20241129T1800,1.1202455,92.05303,1031.3
20241129T1900,0.97024536,91.36898,1031.7
20241129T2000,0.6102454,91.80825,1031.9
20241129T2100,-0.07975459,92.565765,1031.5
20241129T2200,0.7402454,90.61363,1032.3
20241129T2300,0.5102454,90.79233,1032.6
20241130T0000,0.010245383,91.62145,1032.3
20241130T0100,-0.3897546,91.315216,1032.2
20241130T0200,-0.49975455,90.6974,1032.1
20241130T0300,-0.5897546,90.08415,1031.8
20241130T0400,-1.0897546,90.43807,1031.6
20241130T0500,-1.1397547,90.90697,1031.6
20241130T0600,-1.2797546,91.43839,1031.7
20241130T0700,-1.5297545,90.25928,1031.9
20241130T0800,-0.9597546,91.05956,1032.0
20241130T0900,0.1802454,90.42714,1031.8
20241130T1000,1.2102454,87.97258,1033.3
20241130T1100,2.3402452,85.00622,1032.9
20241130T1200,3.2102456,82.0221,1032.2
20241130T1300,3.8102455,80.87026,1031.2
20241130T1400,4.0702453,79.7461,1030.3
20241130T1500,4.0002456,74.019905,1030.1
20241130T1600,3.1702452,79.30779,1030.3
20241130T1700,2.1602454,82.04399,1030.2
20241130T1800,-0.05975461,85.508064,1030.1
20241130T1900,-0.09975457,84.804634,1029.9
20241130T2000,-0.49975455,86.090645,1029.7
20241130T2100,-0.8297546,87.345665,1029.2
20241130T2200,-1.6197547,90.86118,1030.5
20241130T2300,-1.8597547,89.415665,1030.5
20241201T0000,-1.9197546,88.3383,1030.0
20241201T0100,-2.0497546,87.59297,1029.5
20241201T0200,-2.3997545,88.68438,1029.2
20241201T0300,-2.5597544,89.678635,1028.8
20241201T0400,-2.4197545,90.50999,1028.5
20241201T0500,-2.1397548,92.187126,1028.4
20241201T0600,-1.9797546,91.92462,1028.3
20241201T0700,-1.9497546,91.5142,1028.0
20241201T0800,-1.6697546,89.36883,1027.5
20241201T0900,-0.11975461,87.56048,1027.1
20241201T1000,1.7702454,85.05582,1028.8
20241201T1100,3.4602456,82.537796,1028.3
20241201T1200,5.020245,77.90898,1027.2
20241201T1300,6.3702455,77.14135,1026.7
20241201T1400,6.3202453,81.484924,1025.8
20241201T1500,4.5202456,89.79204,1025.7
20241201T1600,2.4802454,97.21106,1025.8
20241201T1700,1.8802454,97.96131,1025.4
20241201T1800,1.6602454,97.1776,1025.0
20241201T1900,2.0502453,93.47394,1024.6
20241201T2000,2.4002454,89.71886,1024.1
20241201T2100,2.9302454,86.202835,1023.6
20241201T2200,3.5602455,84.36698,1024.4
20241201T2300,3.7002454,86.109314,1024.4
20241202T0000,3.6702452,87.797554,1023.9
20241202T0100,3.5602455,88.29283,1023.5
20241202T0200,3.3502455,88.52555,1023.1
20241202T0300,3.2502456,87.11957,1022.6
20241202T0400,3.4902453,87.77786,1022.1
20241202T0500,4.1002455,87.90732,1021.7
20241202T0600,4.7002454,87.40809,1021.6
20241202T0700,5.1802454,86.10148,1021.5
20241202T0800,5.670245,86.58828,1021.4
20241202T0900,6.9902453,86.13054,1021.1
20241202T1000,8.170245,83.71945,1021.3
20241202T1100,9.120245,83.725716,1020.6
20241202T1200,10.0602455,82.30227,1019.6
20241202T1300,10.530245,81.971306,1019.0
20241202T1400,10.460245,85.34287,1018.2
20241202T1500,9.580245,92.040886,1018.0
20241202T1600,9.550245,94.00393,1017.9
20241202T1700,9.860246,92.87783,1017.8
20241202T1800,9.650246,93.30838,1017.8
20241202T1900,9.330245,93.99194,1017.9
20241202T2000,9.110246,93.91569,1018.3
20241202T2100,8.850245,93.7085,1018.8
20241202T2200,8.450246,93.4282,1019.2
20241202T2300,8.130245,94.05439,1019.5
20241203T0000,7.7602453,94.75024,1019.3
20241203T0100,7.460245,94.93154,1019.4
20241203T0200,7.440245,92.97889,1019.3
20241203T0300,7.130245,92.186104,1019.7
20241203T0400,6.920245,90.57734,1020.0
20241203T0500,6.630245,89.60644,1020.4
20241203T0600,6.290245,89.01017,1020.7
20241203T0700,6.020245,88.35871,1020.9
20241203T0800,6.0602455,87.493965,1021.6
20241203T0900,6.7602453,84.84013,1022.1
20241203T1000,7.5902452,79.06627,1022.0
20241203T1100,8.000245,75.80014,1022.1
20241203T1200,8.0602455,73.799164,1021.7
20241203T1300,8.120246,71.135025,1021.8
20241203T1400,7.960245,72.79132,1021.5
20241203T1500,7.3102455,76.7036,1021.7
20241203T1600,5.8102455,84.54019,1022.0
20241203T1700,5.0902452,87.38867,1022.4
20241203T1800,5.130245,87.76693,1022.5
20241203T1900,5.0802455,88.38807,1022.5
20241203T2000,4.5602455,90.373405,1022.8
20241203T2100,4.150245,91.30966,1023.0
20241203T2200,3.9902453,92.808075,1022.8
20241203T2300,4.0402455,93.010376,1023.2
20241204T0000,4.2002454,92.42727,1023.1
20241204T0100,4.4802456,90.495155,1023.3
20241204T0200,4.7202454,88.91963,1023.8
20241204T0300,4.7002454,89.17146,1023.9
20241204T0400,4.8102455,88.865265,1023.9
20241204T0500,4.7802453,89.24278,1024.2
20241204T0600,4.3102455,93.227936,1025.0
20241204T0700,4.3902454,92.83663,1025.9
20241204T0800,4.730245,93.4548,1026.7
20241204T0900,5.130245,93.08565,1027.5
20241204T1000,5.380245,88.2934,1027.7
20241204T1100,5.8902454,83.95201,1027.5
20241204T1200,6.230245,79.579384,1027.0
20241204T1300,6.1802454,77.10803,1027.4
20241204T1400,5.8702455,77.38596,1027.5
20241204T1500,5.3302455,79.49117,1028.5
20241204T1600,4.2802453,85.68548,1029.3
20241204T1700,3.7702456,87.808464,1029.8
20241204T1800,4.1902456,83.96524,1030.1
20241204T1900,3.6002455,85.53939,1030.2
20241204T2000,3.4002452,86.69728,1030.6
20241204T2100,2.7602453,88.46346,1030.8
20241204T2200,1.9902455,89.482994,1030.5
20241204T2300,-0.29975462,93.02819,1030.4
20241205T0000,-1.1097546,94.77908,1030.3
20241205T0100,-0.6797546,94.0381,1030.3
20241205T0200,-1.1097546,94.708725,1030.1
20241205T0300,-1.5497545,95.387695,1029.3
20241205T0400,-2.0597544,95.57049,1029.1
20241205T0500,-1.4397546,95.11088,1028.8
20241205T0600,-1.1497546,94.56549,1028.2
20241205T0700,-1.2197546,94.631134,1028.1
20241205T0800,-0.5897546,94.11401,1028.2
20241205T0900,0.5902454,92.41538,1027.8
20241205T1000,1.6502454,89.64509,1028.1
20241205T1100,2.8402452,87.89697,1027.5
20241205T1200,4.1002455,83.89257,1025.9
20241205T1300,4.7002454,78.30555,1025.1
20241205T1400,4.880245,78.733215,1024.5
20241205T1500,4.960245,78.68985,1023.6
20241205T1600,4.860245,80.39357,1023.1
20241205T1700,4.710245,85.49301,1022.3
20241205T1800,4.9302454,87.62053,1021.7
20241205T1900,5.3302455,86.79581,1020.6
20241205T2000,5.8102455,84.001144,1019.3
20241205T2100,6.3202453,82.06578,1018.1
20241205T2200,6.8402452,84.671,1017.6
20241205T2300,7.440245,83.976845,1016.2
20241206T0000,8.020246,83.291466,1014.1
20241206T0100,8.140245,91.30682,1012.1
20241206T0200,9.330245,90.89741,1010.9
20241206T0300,10.190246,90.53152,1010.3
20241206T0400,10.480246,90.06395,1009.6
20241206T0500,9.630245,88.52729,1010.9
20241206T0600,9.230246,83.04711,1012.9
20241206T0700,8.780245,77.12148,1014.7
20241206T0800,8.500245,74.88068,1016.4
20241206T0900,8.720245,73.92515,1017.9
20241206T1000,8.990245,72.12377,1019.0
20241206T1100,9.350245,65.80687,1019.5
20241206T1200,9.520246,63.454002,1019.8
20241206T1300,9.770246,60.635494,1020.1
20241206T1400,9.570246,61.89984,1020.8
20241206T1500,8.990245,63.55233,1021.3
20241206T1600,8.110246,69.33101,1022.2
20241206T1700,7.650245,72.31641,1022.9
20241206T1800,7.2402453,75.01875,1023.6
20241206T1900,6.940245,76.96634,1023.6
20241206T2000,6.500245,78.44068,1023.7
20241206T2100,5.900245,80.38341,1023.2
20241206T2200,5.360245,84.12139,1022.6
20241206T2300,5.0302453,85.59354,1022.2
20241207T0000,4.770245,86.66991,1021.1
20241207T0100,5.1202455,86.21721,1019.9
20241207T0200,5.360245,85.63379,1018.7
20241207T0300,5.6402454,83.85915,1017.4
20241207T0400,5.9102454,82.06496,1015.9
20241207T0500,6.0602455,79.49531,1014.3
20241207T0600,6.1802454,76.88747,1012.5
20241207T0700,6.7802453,69.99346,1010.5
20241207T0800,6.8702455,70.97653,1008.7
20241207T0900,8.090245,69.574554,1007.2
20241207T1000,8.590245,70.92941,1006.3
20241207T1100,8.230246,86.6322,1005.5
20241207T1200,8.880245,89.806305,1005.0
20241207T1300,8.920245,88.33788,1005.1
20241207T1400,8.470245,86.959366,1005.2
20241207T1500,8.160246,87.107346,1005.6
20241207T1600,7.5602455,86.73956,1005.9
20241207T1700,6.9302454,87.218735,1005.5
20241207T1800,6.4502454,86.92141,1004.9
20241207T1900,6.1402454,85.18356,1004.7
20241207T2000,5.860245,82.99813,1004.6
20241207T2100,5.690245,81.56587,1004.5
20241207T2200,5.710245,81.104065,1004.9
20241207T2300,5.6002455,78.85336,1004.5
20241208T0000,5.3302455,79.89182,1004.1
20241208T0100,5.190245,81.14136,1003.5
20241208T0200,5.0702453,82.29584,1003.9
20241208T0300,4.880245,85.02612,1003.7
20241208T0400,4.7402453,87.59989,1004.1
20241208T0500,4.4502454,90.04202,1004.5
20241208T0600,4.2202454,91.64166,1004.6
20241208T0700,4.0802455,92.94693,1005.1
20241208T0800,4.1602454,93.350525,1005.8
20241208T0900,4.8002453,90.84547,1006.2
20241208T1000,5.3502455,90.50707,1006.6
20241208T1100,6.110245,88.99282,1006.5
20241208T1200,6.8202453,85.627686,1006.6
20241208T1300,6.920245,84.442894,1006.4
20241208T1400,6.880245,84.97463,1007.1
20241208T1500,6.4702454,88.09382,1007.6
20241208T1600,5.7602453,91.11864,1008.1
20241208T1700,4.9702454,93.60277,1008.6
20241208T1800,4.920245,93.40117,1009.4
20241208T1900,5.1202455,92.4294,1010.3
20241208T2000,4.670245,93.45085,1010.8
20241208T2100,4.4602456,93.43698,1011.4
20241208T2200,4.900245,91.30636,1012.0
20241208T2300,4.8202453,91.36465,1012.2
20241209T0000,4.8402452,92.34343,1012.6
20241209T0100,4.8902454,93.06928,1012.5
20241209T0200,4.980245,93.07545,1013.0
20241209T0300,4.980245,93.66961,1013.2
20241209T0400,5.0302453,93.738976,1013.3
20241209T0500,5.0902452,93.21457,1013.7
20241209T0600,5.170245,91.976746,1014.2
20241209T0700,5.0702453,90.16237,1014.8
20241209T0800,4.980245,89.13532,1015.3
20241209T0900,5.000245,89.01063,1015.9
20241209T1000,4.940245,89.512436,1016.3
20241209T1100,5.040245,87.88231,1016.5
20241209T1200,4.9102454,85.45657,1016.3
20241209T1300,4.9302454,85.45905,1016.4
20241209T1400,4.940245,83.76526,1016.6
20241209T1500,4.770245,82.13414,1017.3
20241209T1600,4.4402456,82.4415,1017.8
20241209T1700,4.400245,81.07897,1018.3
20241209T1800,4.3702455,80.20003,1018.9
20241209T1900,4.2802453,80.65119,1019.2
20241209T2000,4.2302456,80.11961,1019.7
20241209T2100,3.9702454,80.719444,1020.1
20241209T2200,4.1602454,77.8725,1020.3
20241209T2300,4.0002456,77.05469,1020.7
20241210T0000,3.9402456,75.9829,1020.6
20241210T0100,3.7602453,75.949295,1020.8
20241210T0200,3.6702452,75.93246,1021.2
20241210T0300,3.6702452,75.71039,1021.0
20241210T0400,3.6902456,77.11139,1020.9
20241210T0500,3.6602454,78.29746,1021.2
20241210T0600,3.7902455,78.43413,1021.5
20241210T0700,3.8002453,79.00914,1021.7
20241210T0800,3.9702454,79.67191,1021.8
20241210T0900,4.2502456,80.64649,1022.1
20241210T1000,4.5502453,79.708694,1022.6
20241210T1100,4.8002453,75.866554,1022.3
20241210T1200,5.0702453,74.22994,1022.2
20241210T1300,5.290245,72.77976,1022.2
20241210T1400,5.290245,74.057785,1022.5
20241210T1500,4.9502454,76.33539,1023.0
20241210T1600,4.710245,77.51784,1023.4
20241210T1700,4.6002455,78.51544,1023.5
20241210T1800,4.4402456,80.03741,1023.9
20241210T1900,4.2502456,81.408226,1024.4
20241210T2000,3.9702454,82.43276,1024.9
20241210T2100,3.6002455,84.25028,1025.0
20241210T2200,3.0602455,84.238716,1025.2
20241210T2300,3.2002454,83.58698,1025.4
20241211T0000,2.9302454,83.306145,1025.5
20241211T0100,2.9102454,83.79025,1025.7
20241211T0200,3.1802454,83.82753,1025.8
20241211T0300,3.1502452,83.15556,1025.7
20241211T0400,3.6702452,82.448715,1025.9
20241211T0500,3.6302452,82.20396,1026.2
20241211T0600,3.4702454,82.95979,1026.5
20241211T0700,3.5802455,82.375755,1026.8
20241211T0800,3.7302456,81.92115,1027.3
20241211T0900,4.0202456,78.13181,1027.8
20241211T1000,4.130245,77.41541,1028.5
20241211T1100,4.170245,77.14134,1028.3
20241211T1200,4.2902455,76.380936,1028.0
20241211T1300,4.3502455,76.00376,1028.1
20241211T1400,4.4702454,75.14595,1028.3
20241211T1500,4.2802453,77.723854,1028.3
20241211T1600,3.7202454,81.91966,1028.4
20241211T1700,3.5602455,82.73226,1028.6
20241211T1800,3.2902455,82.994316,1028.8
20241211T1900,3.2002454,83.46555,1029.1
20241211T2000,2.7802453,83.833336,1029.6
20241211T2100,2.5502453,84.41557,1029.9
20241211T2200,2.9602456,83.007416,1030.4
20241211T2300,2.6702452,84.30869,1030.6
20241212T0000,2.6002455,86.79165,1030.5
20241212T0100,2.2702456,86.68926,1030.6
20241212T0200,2.0402455,87.55229,1030.8
20241212T0300,2.2202454,88.02047,1030.7
20241212T0400,2.0202456,88.06262,1030.4
20241212T0500,2.0502453,88.71028,1030.6
20241212T0600,2.3302455,88.28913,1030.7
20241212T0700,2.2102454,88.14768,1030.6
20241212T0800,2.6002455,85.59973,1030.8
20241212T0900,2.8802452,83.17768,1031.1
20241212T1000,3.2202454,81.72541,1031.5
20241212T1100,3.4502454,81.226685,1030.9
20241212T1200,3.7302456,79.92278,1030.5
20241212T1300,3.8702455,78.906006,1029.8
20241212T1400,3.8902454,78.337135,1029.4
20241212T1500,3.0802455,83.0851,1029.1
20241212T1600,4.0502453,76.003395,1029.0
20241212T1700,3.2802453,79.15246,1029.0
20241212T1800,2.1102452,82.641304,1029.2
20241212T1900,1.1202455,85.1579,1029.1
20241212T2000,0.77024543,85.49009,1029.1
20241212T2100,0.5802454,85.782326,1029.0
20241212T2200,0.89024544,86.33054,1029.7
20241212T2300,0.5502454,86.993195,1030.3
20241213T0000,0.3902454,87.55525,1030.3
20241213T0100,0.16024542,87.463486,1030.2
20241213T0200,0.030245423,88.3611,1029.8
20241213T0300,-0.3297546,88.25514,1029.5
20241213T0400,-0.50975454,88.629906,1029.2
20241213T0500,-0.88975465,89.18502,1029.2
20241213T0600,-1.0197546,89.171074,1029.1
20241213T0700,-1.2797546,89.74562,1029.0
20241213T0800,-1.1297545,90.29919,1029.3
20241213T0900,-0.33975458,89.04486,1029.1
20241213T1000,1.0802454,81.03279,1030.0
20241213T1100,1.8702455,79.14627,1029.5
20241213T1200,2.8702455,77.132774,1028.6
20241213T1300,3.4302454,75.72059,1027.8
20241213T1400,3.6102452,75.4775,1027.2
20241213T1500,3.5702453,72.42686,1026.8
20241213T1600,2.7602453,76.37785,1026.8
20241213T1700,1.4202454,81.02707,1026.8
20241213T1800,0.5102454,84.51053,1026.6
20241213T1900,-0.5597546,88.62438,1026.5
20241213T2000,-0.6997546,89.60493,1026.1
20241213T2100,-0.8497546,90.3269,1026.0
20241213T2200,-0.8297546,94.09729,1026.8
20241213T2300,-0.6997546,94.31564,1026.4
20241214T0000,-0.35975462,93.43708,1026.0
20241214T0100,0.1202454,91.969604,1025.1
20241214T0200,0.20024541,92.38385,1024.9
20241214T0300,0.64024544,90.80437,1024.7
20241214T0400,0.9402454,91.70171,1024.2
20241214T0500,1.4302454,90.545296,1024.1
20241214T0600,1.7302454,92.77495,1024.0
20241214T0700,2.0802455,93.67928,1024.0
20241214T0800,2.2302454,94.09672,1024.1
20241214T0900,3.0702453,93.074936,1024.4
20241214T1000,3.8902454,93.06622,1024.5
20241214T1100,4.3902454,92.375626,1024.4
20241214T1200,4.8102455,89.37281,1024.0
20241214T1300,5.130245,88.96019,1023.8
20241214T1400,5.0802455,90.93365,1023.6
20241214T1500,5.0902452,89.90867,1023.9
20241214T1600,4.8402452,90.71991,1024.3
20241214T1700,4.7002454,90.901535,1024.9
20241214T1800,4.5402455,91.79768,1025.5
20241214T1900,4.4302454,92.575874,1025.9
20241214T2000,4.3702455,92.70327,1026.4
20241214T2100,4.2402453,92.29866,1026.8
20241214T2200,4.0802455,93.07949,1026.9
20241214T2300,3.8002453,93.059906,1027.5
20241215T0000,3.7302456,91.99633,1028.0
20241215T0100,3.5802455,90.54466,1028.6
20241215T0200,3.4802456,89.62915,1029.1
20241215T0300,3.3702455,89.3608,1029.5
20241215T0400,3.1802454,89.98853,1029.8
20241215T0500,3.0502453,91.02028,1030.6
20241215T0600,2.8302455,91.461975,1031.4
20241215T0700,2.6602454,91.71231,1032.4
20241215T0800,2.9002452,90.287544,1033.2
20241215T0900,3.4402456,88.598755,1033.9
20241215T1000,4.1002455,84.316986,1035.0
20241215T1100,4.710245,82.36197,1035.4
20241215T1200,5.040245,79.67312,1035.6
20241215T1300,5.0302453,78.98578,1036.0
20241215T1400,5.0502453,78.1394,1036.4
20241215T1500,4.880245,79.24619,1036.7
20241215T1600,4.2802453,82.89526,1037.0
20241215T1700,4.0302453,83.822556,1037.6
20241215T1800,4.0002456,83.39592,1038.4
20241215T1900,4.0302453,83.15952,1038.6
20241215T2000,3.7102456,84.32597,1038.8
20241215T2100,3.7102456,84.14324,1039.1
20241215T2200,3.5502453,84.732796,1039.5
20241215T2300,3.5102453,84.42142,1039.9
20241216T0000,3.6302452,83.64663,1039.8
20241216T0100,3.7902455,83.547745,1039.7
20241216T0200,4.0602455,83.40426,1039.7
20241216T0300,4.2502456,83.490776,1039.8
20241216T0400,4.2702456,84.82635,1039.5
20241216T0500,4.5202456,84.73677,1039.6
20241216T0600,4.710245,85.61551,1039.6
20241216T0700,4.5502453,87.32904,1039.7
20241216T0800,4.6602454,88.28172,1039.5
20241216T0900,6.0902452,85.78254,1039.6
20241216T1000,7.400245,81.988625,1039.6
20241216T1100,8.480246,77.07005,1039.5
20241216T1200,8.980246,76.77837,1038.7
20241216T1300,9.190246,75.90631,1038.1
20241216T1400,8.930245,76.823555,1037.7
20241216T1500,8.200246,79.38666,1037.3
20241216T1600,6.6602454,85.971146,1036.9
20241216T1700,5.5802455,89.06724,1036.6
20241216T1800,4.8902454,91.30554,1036.3
20241216T1900,4.380245,92.112335,1035.9
20241216T2000,3.9802456,92.87358,1035.4
20241216T2100,3.9102454,93.20052,1035.0
20241216T2200,2.8102455,96.737656,1035.2
20241216T2300,2.2802453,98.46932,1035.6
20241217T0000,2.2102454,97.6912,1035.2
20241217T0100,2.3202453,97.624985,1034.9
20241217T0200,2.4102454,97.55818,1034.7
20241217T0300,2.2802453,98.045616,1034.9
20241217T0400,2.0102453,98.10712,1034.5
20241217T0500,2.0402455,97.61455,1034.5
20241217T0600,1.9602454,97.611565,1034.2
20241217T0700,1.8002454,97.88782,1033.9
20241217T0800,1.8002454,98.17085,1034.0
20241217T0900,2.1902454,98.8212,1033.7
20241217T1000,3.7202454,94.4602,1033.9
20241217T1100,5.1402454,90.36062,1033.2
20241217T1200,6.0902452,86.69739,1032.1
20241217T1300,7.0302453,82.283424,1031.3
20241217T1400,7.0902452,82.05999,1030.7
20241217T1500,6.8702455,81.68128,1030.1
20241217T1600,5.8202453,86.238,1029.5
20241217T1700,3.8002453,92.13348,1029.0
20241217T1800,4.0202456,91.69103,1028.7
20241217T1900,3.7602453,92.52654,1028.2
20241217T2000,3.4402456,92.50266,1027.7
20241217T2100,3.2502456,93.02096,1027.0
20241217T2200,2.9002452,93.46534,1027.9
20241217T2300,2.9702454,92.93401,1027.7
20241218T0000,3.0102453,94.07907,1027.2
20241218T0100,3.7302456,91.73333,1026.9
20241218T0200,4.110245,91.43681,1026.4
20241218T0300,4.1002455,91.436,1026.2
20241218T0400,4.6802454,88.979065,1026.1
20241218T0500,5.110245,88.328316,1026.0
20241218T0600,5.110245,89.021416,1025.7
20241218T0700,5.1802454,88.52399,1025.6
20241218T0800,5.3902454,86.987854,1025.5
20241218T0900,6.8702455,83.019516,1025.2
20241218T1000,8.680245,78.908264,1025.0
20241218T1100,10.3102455,74.32695,1024.7
20241218T1200,12.030245,65.453514,1023.6
20241218T1300,12.670245,63.714066,1022.7
20241218T1400,12.620245,62.254417,1022.0
20241218T1500,11.710245,63.66485,1022.2
20241218T1600,10.260245,67.00135,1022.3
20241218T1700,9.8102455,69.49839,1022.4
20241218T1800,9.530245,73.09819,1022.2
20241218T1900,9.520246,76.924866,1021.6
20241218T2000,9.370245,78.19717,1020.8
20241218T2100,9.160245,81.04531,1019.7
20241218T2200,9.050245,82.33473,1018.7
20241218T2300,8.710245,84.139145,1017.6
20241219T0000,8.110246,86.55877,1016.6
20241219T0100,8.250245,86.87538,1015.3
20241219T0200,7.8502455,88.04912,1013.8
20241219T0300,7.3102455,88.61108,1012.2
20241219T0400,7.2602453,87.98938,1010.7
20241219T0500,7.630245,82.194405,1010.4
20241219T0600,8.520246,79.10399,1009.9
20241219T0700,9.280245,86.50764,1009.5
20241219T0800,10.180245,87.13936,1008.6
20241219T0900,10.740245,85.78346,1008.0
20241219T1000,11.830245,81.09399,1007.6
20241219T1100,12.710245,76.51449,1006.3
20241219T1200,13.190246,73.786736,1005.1
20241219T1300,13.510245,71.084404,1004.1
20241219T1400,12.580245,72.82219,1003.2
20241219T1500,9.8102455,80.69195,1004.2
20241219T1600,6.860245,86.9056,1007.7
20241219T1700,6.3202453,83.35653,1010.3
20241219T1800,5.8902454,83.89238,1012.2
20241219T1900,5.380245,84.004074,1014.2
20241219T2000,5.130245,80.84149,1015.3
20241219T2100,4.4502454,82.91938,1015.8
20241219T2200,4.1902456,82.5839,1016.7
20241219T2300,3.9402456,84.35657,1017.2
20241220T0000,3.6602454,85.98029,1018.3
20241220T0100,3.4002452,87.073845,1019.1
20241220T0200,3.1802454,88.1887,1020.3
20241220T0300,3.1102452,88.24495,1021.1
20241220T0400,3.1202455,87.35713,1021.6
20241220T0500,3.0202456,86.96701,1022.1
20241220T0600,3.2502456,87.18257,1022.7
20241220T0700,3.1902456,87.55478,1023.6
20241220T0800,3.1502452,88.313,1024.5
20241220T0900,3.4302454,88.661575,1025.3
20241220T1000,3.8802452,86.00707,1026.1
20241220T1100,4.4102454,86.44216,1026.2
20241220T1200,4.690245,83.8517,1025.8
20241220T1300,4.9702454,79.94917,1026.3
20241220T1400,4.8302455,78.158104,1026.5
20241220T1500,4.1402454,78.209404,1026.6
20241220T1600,3.3902454,80.68675,1026.7
20241220T1700,2.5402455,84.22957,1027.0
20241220T1800,1.8302454,86.130394,1027.1
20241220T1900,1.6302454,87.12166,1027.3
20241220T2000,1.3402455,87.729256,1027.8
20241220T2100,1.5402454,87.0472,1027.5
20241220T2200,1.4702454,86.847496,1027.5
20241220T2300,1.6502454,85.7297,1027.5
20241221T0000,1.9102454,84.14329,1027.4
20241221T0100,2.2602453,82.6028,1027.0
20241221T0200,2.4402454,81.546425,1027.0
20241221T0300,2.5402455,81.32307,1026.6
20241221T0400,2.6802454,81.52367,1026.3
20241221T0500,2.9102454,81.38041,1025.8
20241221T0600,2.9602456,82.705414,1025.5
20241221T0700,3.0102453,82.89371,1025.3
20241221T0800,3.1902456,83.34288,1024.9
20241221T0900,4.3402452,80.48581,1024.9
20241221T1000,5.2802453,76.285194,1025.4
20241221T1100,6.2402453,73.869255,1024.8
20241221T1200,6.8302455,74.3019,1024.0
20241221T1300,6.9302454,74.96089,1023.4
20241221T1400,7.040245,75.57189,1022.7
20241221T1500,6.980245,77.412605,1022.6
20241221T1600,6.8902454,80.650314,1022.3
20241221T1700,6.8702455,82.260765,1021.9
20241221T1800,6.8702455,83.195496,1021.7
20241221T1900,6.650245,85.5471,1021.2
20241221T2000,6.3002453,89.13643,1020.8
20241221T2100,5.9502454,91.070015,1020.1
20241221T2200,6.190245,88.6253,1018.9
20241221T2300,6.190245,87.755135,1018.0
20241222T0000,6.500245,87.47941,1016.5
20241222T0100,6.880245,87.88885,1015.3
20241222T0200,7.2602453,88.42075,1013.8
20241222T0300,7.650245,88.0903,1012.3
20241222T0400,8.120246,87.04257,1010.1
20241222T0500,8.650246,86.85832,1008.5
20241222T0600,8.380245,85.69147,1007.3
20241222T0700,6.8402452,86.90338,1007.1
20241222T0800,6.4702454,87.72279,1007.3
20241222T0900,6.3702455,84.85129,1007.6
20241222T1000,6.5802455,88.913086,1008.4
20241222T1100,5.9302454,85.03689,1008.2
20241222T1200,5.420245,84.36958,1007.8
20241222T1300,5.4702454,77.930374,1008.4
20241222T1400,5.210245,76.93634,1008.6
20241222T1500,4.5502453,77.54587,1008.5
20241222T1600,3.5902452,80.60097,1008.5
20241222T1700,2.7902455,85.06494,1008.5
20241222T1800,2.3502455,91.68669,1008.7
20241222T1900,2.4202454,93.02814,1009.4
20241222T2000,2.3602452,93.901535,1010.2
20241222T2100,2.4702454,90.96956,1011.2
20241222T2200,2.2102454,87.12584,1012.3
20241222T2300,2.2002454,88.2108,1012.6
20241223T0000,2.2902455,87.135155,1013.4
20241223T0100,2.2302454,88.14986,1013.2
20241223T0200,1.9402454,90.32912,1012.8
20241223T0300,1.9002454,91.849174,1012.4
20241223T0400,1.7202454,93.450745,1011.9
20241223T0500,1.7202454,94.26837,1011.3
20241223T0600,1.9002454,94.621994,1011.5
20241223T0700,1.9902455,94.55904,1012.1
20241223T0800,2.2902455,94.577446,1013.1
20241223T0900,3.0602455,92.74034,1014.2
20241223T1000,3.1002455,94.49057,1015.8
20241223T1100,3.7002454,90.750374,1016.3
20241223T1200,4.3102455,87.177284,1016.7
20241223T1300,4.8302455,83.87056,1017.6
20241223T1400,4.8202453,81.435776,1018.1
20241223T1500,4.400245,83.63175,1019.1
20241223T1600,3.6802454,87.60923,1020.3
20241223T1700,3.7102456,88.181755,1021.4
20241223T1800,3.7702456,87.55616,1022.3
20241223T1900,3.7802453,88.379555,1023.3
20241223T2000,3.7802453,89.33682,1023.8
20241223T2100,3.7602453,89.91369,1024.6
20241223T2200,3.0702453,91.02201,1025.3
20241223T2300,3.2502456,91.10308,1025.5
20241224T0000,2.8002453,92.05516,1026.0
20241224T0100,2.4402454,92.29299,1026.5
20241224T0200,2.9002452,92.72849,1026.9
20241224T0300,2.4802454,93.0997,1027.1
20241224T0400,2.2002454,92.877525,1027.6
20241224T0500,2.1302454,93.81837,1028.2
20241224T0600,1.9802454,94.49002,1028.5
20241224T0700,2.1702454,92.67374,1028.6
20241224T0800,2.2802453,94.09995,1029.5
20241224T0900,3.4102454,91.83924,1029.9
20241224T1000,4.0202456,87.96179,1031.0
20241224T1100,4.750245,85.86579,1030.6
20241224T1200,5.3502455,83.04571,1030.4
20241224T1300,5.270245,82.38367,1030.2
20241224T1400,5.3902454,80.99743,1030.7
20241224T1500,4.730245,88.73072,1030.9
20241224T1600,3.5102453,92.70692,1031.4
20241224T1700,3.1102452,94.01796,1032.1
20241224T1800,2.6902456,96.87136,1032.4
20241224T1900,2.8902454,95.363785,1032.7
20241224T2000,2.7602453,95.15146,1033.0
20241224T2100,2.6202455,95.34916,1033.4
20241224T2200,2.6102452,95.692055,1034.0
20241224T2300,2.6502452,96.107574,1034.2
20241225T0000,2.8502455,94.88352,1034.4
20241225T0100,2.3502455,95.05984,1034.6
20241225T0200,1.7802454,96.832,1035.2
20241225T0300,1.6402454,96.75574,1035.2
20241225T0400,1.5002453,95.841705,1035.1
20241225T0500,1.3802454,94.86538,1035.5
20241225T0600,1.1802454,94.02747,1035.8
20241225T0700,1.0202454,93.46904,1036.5
20241225T0800,1.3502455,92.40841,1036.7
20241225T0900,2.4202454,89.65575,1036.4
20241225T1000,3.6002455,84.06753,1037.3
20241225T1100,4.7402453,79.39491,1036.9
20241225T1200,5.6202455,75.635216,1036.5
20241225T1300,6.2002454,72.543396,1036.3
20241225T1400,6.5602455,69.996574,1036.2
20241225T1500,5.270245,80.22719,1036.1
20241225T1600,3.4802456,86.08261,1036.0
20241225T1700,2.3702455,90.36921,1035.9
20241225T1800,1.4802454,92.82352,1036.0
20241225T1900,0.9002454,94.008606,1035.9
20241225T2000,0.4002454,95.01403,1035.7
20241225T2100,0.2102454,94.65431,1035.5
20241225T2200,-0.29975462,90.85096,1035.8
20241225T2300,-0.39975458,90.03623,1035.9
20241226T0000,-0.5797546,90.62243,1035.6
20241226T0100,-0.6797546,90.410866,1035.7
20241226T0200,-0.65975463,89.80941,1035.7
20241226T0300,-0.9297546,90.1172,1035.5
20241226T0400,-1.0797546,90.57415,1035.6
20241226T0500,-1.2897546,90.6214,1035.4
20241226T0600,-1.3897547,90.47618,1035.5
20241226T0700,-1.3797545,89.66807,1035.6
20241226T0800,-0.76975465,88.40298,1035.9
20241226T0900,0.7302454,85.73819,1035.8
20241226T1000,1.3302454,82.64741,1036.5
20241226T1100,2.2902455,78.34649,1036.3
20241226T1200,3.2402453,75.79595,1035.4
20241226T1300,3.9702454,73.95976,1034.9
20241226T1400,4.2502456,75.76403,1034.7
20241226T1500,4.0202456,76.66607,1034.7
20241226T1600,3.1602454,81.7163,1034.5
20241226T1700,-0.03975457,93.116844,1034.7
20241226T1800,-0.8397546,95.43049,1034.8
20241226T1900,-1.1597546,95.553085,1035.0
20241226T2000,-1.3297546,95.61404,1034.4
20241226T2100,-1.3797545,94.05851,1034.5
20241226T2200,-1.6197547,92.78539,1035.3
20241226T2300,-1.6697546,92.089745,1035.5
20241227T0000,-1.5197545,91.279785,1035.2
20241227T0100,-1.5397545,90.59703,1035.1
20241227T0200,-1.3697546,88.73333,1035.3
20241227T0300,-1.3297546,87.02332,1035.2
20241227T0400,-1.2197546,86.64576,1034.8
20241227T0500,-1.3497546,86.9555,1034.9
20241227T0600,-1.4497546,86.877716,1034.9
20241227T0700,-1.6397547,87.4446,1035.3
20241227T0800,-1.5297545,88.58237,1035.2
20241227T0900,-0.24975461,86.50862,1035.1
20241227T1000,0.8602454,84.5586,1036.6
20241227T1100,1.9802454,81.595245,1036.0
20241227T1200,2.8602452,80.898,1034.9
20241227T1300,3.2802453,82.631615,1034.3
20241227T1400,3.5602455,84.36698,1033.9
20241227T1500,2.3402452,87.45886,1033.8
20241227T1600,0.2802454,91.51002,1033.7
20241227T1700,-0.4397546,93.224045,1033.6
20241227T1800,-0.50975454,92.874275,1033.8
20241227T1900,-0.5897546,92.455894,1033.6
20241227T2000,-0.77975464,91.75604,1033.5
20241227T2100,-0.9597546,91.671936,1033.1
20241227T2200,-0.89975464,91.95046,1034.1
20241227T2300,-1.1597546,91.517555,1034.1
20241228T0000,-1.3197546,91.63985,1033.8
20241228T0100,-1.4497546,91.97124,1033.4
20241228T0200,-1.6897546,92.84911,1033.1
20241228T0300,-1.7597545,92.08192,1033.0
20241228T0400,-1.6997546,91.12636,1032.5
20241228T0500,-1.6997546,90.92164,1032.4
20241228T0600,-1.9297546,91.37872,1032.4
20241228T0700,-1.8197545,91.18343,1032.7
20241228T0800,-1.3997546,90.475204,1032.6
20241228T0900,0.3802454,89.78166,1032.6
20241228T1000,1.9702454,88.89606,1033.8
20241228T1100,3.2902455,84.39208,1033.2
20241228T1200,4.360245,83.265755,1032.0
20241228T1300,4.960245,82.39809,1031.4
20241228T1400,4.860245,87.988464,1030.9
20241228T1500,3.3702455,87.25926,1031.1
20241228T1600,0.5902454,94.12534,1031.0
20241228T1700,0.00024539232,95.76079,1031.0
20241228T1800,-0.10975462,96.10735,1031.1
20241228T1900,-0.23975462,96.02975,1031.1
20241228T2000,-0.51975465,96.01462,1030.9
20241228T2100,-0.9497546,95.99105,1030.7
20241228T2200,-0.9297546,96.63363,1031.5
20241228T2300,-1.0997546,96.41054,1031.8
20241229T0000,-1.4297546,96.89578,1031.7
20241229T0100,-1.6497546,96.59702,1031.4
20241229T0200,-1.8897547,95.43808,1031.4
20241229T0300,-1.8897547,95.01127,1031.4
20241229T0400,-1.7097546,94.17548,1031.1
20241229T0500,-1.6297547,93.34099,1031.2
20241229T0600,-1.7097546,93.68428,1031.3
20241229T0700,-1.7797545,93.120155,1031.6
20241229T0800,-1.2797546,92.32977,1031.8
20241229T0900,-0.03975457,90.94247,1032.2
20241229T1000,0.7802454,92.09244,1033.5
20241229T1100,1.6502454,90.631775,1033.2
20241229T1200,2.3802454,88.74492,1032.2
20241229T1300,2.6202455,88.192245,1032.0
20241229T1400,2.5102453,91.03895,1031.9
20241229T1500,0.89024544,94.21425,1032.1
20241229T1600,-0.07975459,96.1796,1032.4
20241229T1700,-0.33975458,95.389626,1032.8
20241229T1800,-0.5697546,94.95415,1032.9
20241229T1900,-0.5897546,94.18367,1033.3
20241229T2000,-0.74975455,94.2424,1033.4
20241229T2100,-0.51975465,94.25813,1033.6
20241229T2200,-0.52975464,93.07926,1034.2
20241229T2300,-0.8397546,92.50398,1034.6
20241230T0000,-0.97975457,92.42368,1034.3
20241230T0100,-0.99975455,92.35329,1033.9
20241230T0200,-1.2997546,92.12167,1034.0
20241230T0300,-1.2597545,91.576836,1033.9
20241230T0400,-1.3197546,91.23009,1033.7
20241230T0500,-1.1297545,90.70459,1033.5
20241230T0600,-1.4197546,90.88032,1033.6
20241230T0700,-1.4497546,90.538025,1033.9
20241230T0800,-1.1697546,89.08825,1033.8
20241230T0900,-0.72975457,89.66859,1034.1
20241230T1000,-0.5997546,90.68787,1035.4
20241230T1100,-0.0697546,89.53699,1034.7
20241230T1200,0.6302454,89.41072,1033.5
20241230T1300,1.0102454,89.25273,1032.9
20241230T1400,1.0802454,87.50626,1032.4
20241230T1500,1.0102454,88.01482,1032.2
20241230T1600,0.19024539,90.89659,1032.2
20241230T1700,-1.6197547,95.882126,1032.3
20241230T1800,-1.7497545,94.24303,1032.2
20241230T1900,-1.6997546,94.17618,1032.3
20241230T2000,-1.8497547,93.74392,1032.3
20241230T2100,-1.8397547,93.185135,1032.3
20241230T2200,-1.7697545,92.56504,1033.3
20241230T2300,-2.0097547,92.12922,1033.5
20241231T0000,-2.0897546,91.158005,1033.1
20241231T0100,-2.3397546,91.547195,1032.5
20241231T0200,-2.4697547,91.19065,1032.5
20241231T0300,-2.6697545,91.30949,1032.6
20241231T0400,-2.8497548,91.36156,1032.3
20241231T0500,-2.8997545,90.66755,1032.5
20241231T0600,-2.7897544,90.81587,1032.5
20241231T0700,-2.8697548,89.98603,1032.4
20241231T0800,-2.2897544,89.16712,1032.2
20241231T0900,-0.76975465,88.073616,1032.4
20241231T1000,0.6802454,85.16249,1033.4
20241231T1100,2.5602455,83.131905,1032.9
20241231T1200,4.0702453,79.7461,1032.0
20241231T1300,5.020245,78.5865,1031.3
20241231T1400,4.860245,81.852684,1030.9
20241231T1500,3.2202454,87.87504,1030.8
20241231T1600,1.1902454,92.12608,1030.8
20241231T1700,0.34024543,92.25935,1031.3
20241231T1800,-0.14975458,92.49179,1031.9
20241231T1900,-0.4597546,92.53505,1032.2
20241231T2000,-0.27975458,90.78554,1032.0
20241231T2100,-0.64975464,92.040306,1031.5
20241231T2200,-0.5597546,91.43544,1032.1
20241231T2300,-0.6997546,91.28707,1032.1
20250101T0000,-1.1097546,92.41286,1031.9
20250101T0100,-1.2997546,92.46593,1031.3
20250101T0200,-1.5297545,92.377655,1031.1
20250101T0300,-1.5997547,92.50998,1030.9
20250101T0400,-1.2197546,91.99124,1030.2
20250101T0500,-0.87975454,91.61085,1029.6
20250101T0600,-0.04975462,88.22117,1029.0
20250101T0700,-0.07975459,86.91683,1028.8
20250101T0800,0.4502454,85.25825,1028.5
20250101T0900,2.2002454,82.05004,1028.4
20250101T1000,4.1402454,79.18101,1028.7
20250101T1100,5.8302455,73.09972,1028.0
20250101T1200,7.380245,68.57854,1026.4
20250101T1300,8.380245,64.7858,1024.9
20250101T1400,8.510245,63.48105,1023.9
20250101T1500,7.500245,65.32608,1023.3
20250101T1600,5.4702454,70.37216,1022.9
20250101T1700,4.7002454,72.818924,1022.7
20250101T1800,4.3302455,73.59956,1022.3
20250101T1900,4.2102456,74.06139,1022.0
20250101T2000,3.9902453,74.4527,1021.5
20250101T2100,4.1202455,73.50372,1021.0
20250101T2200,5.0902452,64.98443,1021.1
20250101T2300,5.230245,64.922844,1021.0
20250102T0000,5.610245,61.796524,1020.0
20250102T0100,5.900245,59.147034,1018.8
20250102T0200,6.2202454,57.251568,1018.6
20250102T0300,6.7402453,54.41625,1018.3
20250102T0400,7.3002453,50.634895,1017.6
20250102T0500,7.6202455,49.75706,1017.1
20250102T0600,7.630245,50.882538,1016.7
20250102T0700,8.030246,50.0261,1016.4
20250102T0800,8.390245,51.179264,1016.0
20250102T0900,9.370245,51.915684,1016.0
20250102T1000,9.290245,58.415623,1015.9
20250102T1100,8.910245,67.17274,1015.4
20250102T1200,8.280246,76.38719,1014.3
20250102T1300,7.670245,81.567314,1014.1
20250102T1400,7.2802453,86.40562,1013.7
20250102T1500,7.0102453,88.1488,1014.2
20250102T1600,6.5102453,90.796906,1014.8
20250102T1700,5.500245,94.09884,1015.6
20250102T1800,4.5002456,95.718704,1016.7
20250102T1900,2.9602456,96.053665,1017.8
20250102T2000,2.2002454,95.87789,1018.9
20250102T2100,2.0902452,95.0449,1019.8
20250102T2200,1.8502454,95.65211,1021.1
20250102T2300,1.7802454,95.64837,1021.9
20250103T0000,1.5802454,95.499,1021.9
20250103T0100,1.3702455,94.93378,1022.3
20250103T0200,1.3302454,93.96906,1022.8
20250103T0300,0.9402454,94.35526,1022.9
20250103T0400,0.6602454,94.267975,1022.8
20250103T0500,0.4202454,94.73709,1023.1
20250103T0600,0.2502454,95.004906,1023.4
20250103T0700,0.2402454,94.44792,1023.6
20250103T0800,0.6302454,93.578,1024.0
20250103T0900,1.3402455,90.40458,1024.7
20250103T1000,1.9502454,87.67001,1025.0
20250103T1100,2.5402455,82.76504,1024.8
20250103T1200,2.9102454,80.43377,1024.3
20250103T1300,3.0102453,78.24189,1023.8
20250103T1400,2.9702454,75.078026,1023.8
20250103T1500,2.4402454,73.92656,1024.2
20250103T1600,1.1502454,78.78769,1024.5
20250103T1700,0.47024542,82.57971,1024.8
20250103T1800,-0.3797546,86.49231,1025.4
20250103T1900,-1.1897546,87.10593,1025.7
20250103T2000,-1.3097546,87.41876,1025.9
20250103T2100,-1.3697546,85.59028,1026.0
20250103T2200,-3.5297546,89.77931,1026.1
20250103T2300,-3.6497545,90.178375,1026.4
20250104T0000,-3.6697545,89.83279,1026.2
20250104T0100,-3.8597546,90.22524,1025.7
20250104T0200,-4.1997547,90.25863,1025.9
20250104T0300,-4.3997545,90.93277,1025.9
20250104T0400,-4.4197545,91.000534,1025.2
20250104T0500,-4.3797545,91.2841,1024.6
20250104T0600,-4.389755,91.00354,1024.4
20250104T0700,-4.639755,90.1427,1024.0
20250104T0800,-3.6497545,87.93303,1023.6
20250104T0900,-2.1797547,86.78589,1023.1
20250104T1000,-0.85975456,84.31912,1023.5
20250104T1100,-0.07975459,81.39222,1022.6
20250104T1200,0.7602454,79.072845,1021.9
20250104T1300,1.1902454,76.30933,1020.7
20250104T1400,1.1702454,76.4196,1019.5
20250104T1500,0.5002454,83.324715,1019.2
20250104T1600,-0.09975457,84.30006,1018.7
20250104T1700,-0.17975461,87.034035,1018.0
20250104T1800,-0.07975459,88.61143,1017.4
20250104T1900,-0.08975458,91.816025,1016.9
20250104T2000,0.010245383,93.12064,1016.2
20250104T2100,0.060245395,94.784004,1015.1
20250104T2200,0.1802454,95.07043,1014.5
20250104T2300,0.4302454,95.43441,1014.0
20250105T0000,0.5802454,96.07314,1012.2
20250105T0100,0.3002454,97.33267,1011.1
20250105T0200,1.1102455,95.33397,1009.9
20250105T0300,3.3102455,94.84198,1008.7
20250105T0400,5.8202453,94.18385,1007.8
20250105T0500,6.7802453,93.259865,1007.3
20250105T0600,7.440245,91.95254,1006.8
20250105T0700,7.9902453,91.358475,1006.5
20250105T0800,8.390245,91.01155,1006.5
20250105T0900,8.820246,90.67027,1006.5
20250105T1000,9.260245,89.77735,1006.9
20250105T1100,10.160245,87.91455,1006.3
20250105T1200,10.360246,87.45572,1005.5
20250105T1300,10.140245,85.89226,1004.7
20250105T1400,10.320246,84.10826,1003.7
20250105T1500,9.880245,84.69175,1003.1
20250105T1600,9.040245,85.11794,1002.8
20250105T1700,8.470245,85.820984,1002.5
20250105T1800,7.670245,86.449524,1002.0
20250105T1900,7.400245,87.57455,1001.7
20250105T2000,6.790245,88.62221,1001.2
20250105T2100,6.3402452,90.0214,1000.8
20250105T2200,5.520245,92.2631,1000.5
20250105T2300,5.3102455,91.79263,1000.4
20250106T0000,4.9302454,91.633095,999.7
20250106T0100,4.630245,90.37964,999.7
20250106T0200,4.380245,90.74477,999.7
20250106T0300,4.4102454,89.589714,999.2
20250106T0400,4.4302454,88.19464,998.7
20250106T0500,4.7002454,88.34889,998.3
20250106T0600,4.940245,87.372185,997.8
20250106T0700,4.980245,87.43886,997.9
20250106T0800,5.440245,86.56191,997.6
20250106T0900,7.2802453,83.720436,997.7
20250106T1000,9.170245,80.4853,996.9
20250106T1100,11.200245,75.99551,996.8
20250106T1200,12.600245,69.69483,996.8
20250106T1300,13.370245,65.350624,996.6
20250106T1400,12.910245,61.80592,996.5
20250106T1500,12.970245,66.351265,997.5
20250106T1600,11.930245,77.065056,998.6
20250106T1700,10.940246,83.7835,999.7
20250106T1800,9.960245,85.98991,1000.9
20250106T1900,9.410245,83.82071,1002.1
20250106T2000,8.950245,83.70387,1003.2
20250106T2100,8.480246,83.062584,1004.4
20250106T2200,8.070246,81.05508,1004.9
20250106T2300,7.7002454,77.92044,1005.7
20250107T0000,7.4102454,76.55808,1006.2
20250107T0100,7.210245,75.87248,1006.6
20250107T0200,7.0802455,74.40268,1006.9
20250107T0300,6.900245,74.26217,1006.9
20250107T0400,6.6402454,74.31878,1006.7
20250107T0500,6.3402452,74.31459,1007.0
20250107T0600,6.1802454,74.981186,1007.0
20250107T0700,6.110245,76.49027,1007.4
20250107T0800,6.210245,77.33438,1007.7
20250107T0900,6.380245,79.94418,1008.1
20250107T1000,6.4302454,78.484955,1008.8
20250107T1100,6.3902454,77.92023,1009.3
20250107T1200,6.5702453,75.91862,1009.0
20250107T1300,6.790245,74.134926,1009.3
20250107T1400,6.6002455,74.89899,1009.3
20250107T1500,6.3502455,73.41414,1009.6
20250107T1600,5.8702455,74.4384,1009.8
20250107T1700,5.5802455,74.32886,1009.8
20250107T1800,5.4102454,75.924385,1010.0
20250107T1900,5.6002455,76.06887,1010.1
20250107T2000,5.770245,78.31813,1009.5
20250107T2100,5.420245,82.228615,1008.8
20250107T2200,5.0102453,82.58278,1008.7
20250107T2300,5.250245,81.50032,1007.7
20250108T0000,6.020245,77.85704,1007.3
20250108T0100,6.940245,76.202736,1006.7
20250108T0200,7.440245,76.56338,1006.6
20250108T0300,7.6202455,80.647095,1006.5
20250108T0400,7.5102453,85.88939,1006.4
20250108T0500,7.170245,88.783325,1006.3
20250108T0600,7.000245,91.15461,1006.2
20250108T0700,6.960245,91.91735,1006.8
20250108T0800,6.9702454,92.11043,1007.2
20250108T0900,7.0702453,92.63194,1007.3
20250108T1000,6.2602453,95.93512,1007.9
20250108T1100,6.730245,93.647415,1007.2
20250108T1200,7.5302453,91.89531,1005.7
20250108T1300,8.410246,90.20042,1004.7
20250108T1400,10.220245,88.10058,1004.3
20250108T1500,11.470245,82.66047,1004.1
20250108T1600,11.620245,78.07586,1003.5
20250108T1700,11.480246,76.253365,1003.2
20250108T1800,12.160245,74.357864,1002.9
20250108T1900,13.150246,69.28341,1002.6
20250108T2000,13.260245,69.44886,1002.3
20250108T2100,13.270246,71.23131,1002.7
20250108T2200,11.960245,80.39857,1003.6
20250108T2300,11.510245,83.740524,1004.0
20250109T0000,11.460245,81.20762,1004.4
20250109T0100,11.390245,79.27835,1004.7
20250109T0200,11.040245,78.790504,1004.0
20250109T0300,10.990245,79.27121,1003.6
20250109T0400,11.170245,78.16431,1002.7
20250109T0500,11.290245,77.1171,1002.3
20250109T0600,11.640245,75.136734,1002.0
20250109T0700,11.720245,74.43116,1001.6
20250109T0800,12.010245,71.324394,1001.6
20250109T0900,12.580245,68.92662,1000.9
20250109T1000,12.390245,71.79344,1000.7
20250109T1100,12.020246,74.383446,1000.6
20250109T1200,12.450245,71.7066,1000.3
20250109T1300,12.690246,71.557,1000.5
20250109T1400,12.340245,74.850044,1000.8
20250109T1500,11.270246,78.93468,1002.2
20250109T1600,8.5602455,83.36294,1005.9
20250109T1700,5.630245,80.68697,1010.2
20250109T1800,4.3702455,77.57049,1013.0
20250109T1900,3.6102452,76.08821,1015.6
20250109T2000,3.0202456,78.07163,1017.6
20250109T2100,2.6902456,79.16896,1019.6
20250109T2200,2.4302454,82.74896,1020.7
20250109T2300,2.3802454,82.55997,1021.2
20250110T0000,2.4402454,81.48665,1021.8
20250110T0100,2.3902454,80.82355,1021.6
20250110T0200,2.1402454,81.67999,1021.6
20250110T0300,2.0902452,81.9731,1021.9
20250110T0400,1.9802454,83.35379,1021.6
20250110T0500,1.9902455,83.907715,1021.8
20250110T0600,1.8302454,84.25593,1022.0
20250110T0700,1.5202454,85.77613,1022.2
20250110T0800,1.8302454,84.75223,1022.5
20250110T0900,2.3002453,83.15541,1022.7
20250110T1000,3.1602454,77.41212,1022.4
20250110T1100,3.7802453,76.008606,1021.8
20250110T1200,4.3402452,73.17241,1021.0
20250110T1300,4.6202455,71.58934,1020.5
20250110T1400,4.6802454,69.12812,1020.1
20250110T1500,4.0102453,75.16784,1020.1
20250110T1600,3.3202453,69.53995,1020.1
20250110T1700,2.2102454,76.61452,1020.3
20250110T1800,0.8202454,86.64109,1020.6
20250110T1900,0.47024542,88.54059,1020.7
20250110T2000,0.5302454,89.13711,1021.0
20250110T2100,0.20024541,89.498535,1021.1
20250110T2200,-0.3697546,93.43633,1022.0
20250110T2300,-1.0997546,94.85013,1021.8
20250111T0000,-1.5097545,96.031204,1021.7
20250111T0100,-2.0097547,96.65044,1021.8
20250111T0200,-2.2597547,96.99951,1022.3
20250111T0300,-2.4197545,97.72029,1022.2
20250111T0400,-2.9297547,97.8446,1022.8
20250111T0500,-2.7797546,97.33835,1023.1
20250111T0600,-2.9897547,97.25514,1023.5
20250111T0700,-3.4197545,97.01404,1024.4
20250111T0800,-3.1197548,97.10243,1025.0
20250111T0900,-1.3397546,93.085304,1025.8
20250111T1000,0.11024541,88.108475,1026.4
20250111T1100,1.0802454,83.34719,1026.2
20250111T1200,1.8802454,79.03102,1025.5
20250111T1300,2.4502454,77.0563,1026.0
20250111T1400,2.4402454,75.86804,1026.6
20250111T1500,1.9702454,77.88584,1027.5
20250111T1600,0.9202454,83.01584,1028.4
20250111T1700,0.2602454,85.55015,1029.3
20250111T1800,-0.23975462,88.2653,1030.2
20250111T1900,-1.4497546,90.67367,1030.9
20250111T2000,-1.9997545,91.71602,1031.6
20250111T2100,-2.1097546,91.01906,1031.9
20250111T2200,-2.0797548,93.16618,1032.8
20250111T2300,-2.6297545,92.98195,1033.1
20250112T0000,-3.1697545,93.50206,1033.4
20250112T0100,-3.4897547,93.97451,1033.7
20250112T0200,-3.3097544,95.709946,1034.0
20250112T0300,-3.1897545,95.717316,1034.3
20250112T0400,-2.5697546,95.18118,1034.3
20250112T0500,-2.1697545,93.79033,1035.0
20250112T0600,-2.0297546,94.29382,1035.9
20250112T0700,-1.7997545,94.30997,1036.4
20250112T0800,-1.4197546,93.9856,1037.4
20250112T0900,-0.72975457,93.61743,1037.9
20250112T1000,0.14024541,90.824875,1038.4
20250112T1100,0.8702454,85.18771,1038.1
20250112T1200,1.6202455,77.30473,1037.7
20250112T1300,1.9802454,71.609566,1037.5
20250112T1400,2.1102452,67.31899,1037.5
20250112T1500,1.6502454,67.769325,1037.9
20250112T1600,0.5602454,71.95042,1038.2
20250112T1700,-0.4397546,77.038246,1038.7
20250112T1800,-1.5197545,81.15889,1039.1
20250112T1900,-2.2997546,83.15778,1039.7
20250112T2000,-2.8997545,84.15271,1040.3
20250112T2100,-2.9197545,84.021255,1040.5
20250112T2200,-3.1797547,84.69315,1040.8
20250112T2300,-3.479755,84.71497,1041.1
20250113T0000,-3.5797548,85.22235,1040.5
20250113T0100,-3.3597546,85.057495,1040.2
20250113T0200,-3.4297547,85.5706,1040.2
20250113T0300,-3.6997547,85.994156,1040.2
20250113T0400,-3.769755,86.78023,1039.8
20250113T0500,-3.749755,86.51696,1039.7
20250113T0600,-4.1797547,86.66003,1040.1
20250113T0700,-4.559755,85.87674,1039.8
20250113T0800,-3.3197546,83.44819,1039.6
20250113T0900,-1.3197546,78.05048,1039.4
20250113T1000,-0.009754598,72.64895,1039.7
20250113T1100,0.9102454,69.462585,1039.5
20250113T1200,1.7502455,65.28143,1038.5
20250113T1300,2.4502454,62.08792,1038.6
20250113T1400,2.3002453,62.37845,1038.3
20250113T1500,1.3902454,67.50336,1038.3
20250113T1600,-1.2097546,77.361755,1038.6
20250113T1700,-2.3297548,80.65442,1038.7
20250113T1800,-3.0797548,83.29301,1038.8
20250113T1900,-3.5897546,84.11548,1038.5
20250113T2000,-3.9497547,84.321526,1038.2
20250113T2100,-3.9497547,83.99714,1037.8
20250113T2200,-3.7897549,84.54005,1038.4
20250113T2300,-4.0897546,86.1399,1038.1
20250114T0000,-3.6097546,82.89189,1037.7
20250114T0100,-3.499755,82.21015,1038.0
20250114T0200,-3.769755,83.443634,1037.5
20250114T0300,-4.0697546,84.04399,1037.2
20250114T0400,-4.139755,84.488884,1036.8
20250114T0500,-5.3597546,88.26803,1036.8
20250114T0600,-5.809755,88.07545,1036.9
20250114T0700,-5.8397546,87.4558,1036.6
20250114T0800,-4.849755,85.372055,1036.7
20250114T0900,-2.5897546,78.23443,1036.5
20250114T1000,-0.9497546,72.44692,1037.6
20250114T1100,0.3802454,66.80085,1036.7
20250114T1200,1.3402455,64.686035,1035.3
20250114T1300,2.1202455,63.044064,1034.3
20250114T1400,2.5302453,64.30266,1034.0
20250114T1500,1.7402455,72.365555,1034.0
20250114T1600,1.1102455,72.77655,1034.1
20250114T1700,-0.27975458,78.71294,1034.3
20250114T1800,-2.8797545,87.29235,1034.4
20250114T1900,-3.8197546,89.95406,1034.9
20250114T2000,-4.3597546,89.620285,1034.7
20250114T2100,-5.0097547,89.40981,1034.3
20250114T2200,-5.249755,89.7987,1035.3
20250114T2300,-5.3597546,88.88645,1034.8
20250115T0000,-5.5297546,90.81755,1034.1
20250115T0100,-5.4497547,88.531586,1034.0
20250115T0200,-4.619755,86.06795,1033.3
20250115T0300,-3.3797545,81.78774,1033.0
20250115T0400,-2.4597545,79.224785,1033.0
20250115T0500,-1.7997545,76.36912,1032.6
20250115T0600,-1.2997546,72.87203,1032.6
20250115T0700,-1.1197546,75.17247,1032.9
20250115T0800,-0.9397546,76.41948,1033.1
20250115T0900,-0.23975462,79.853355,1033.3
20250115T1000,0.9802454,83.08619,1034.0
20250115T1100,1.8402454,82.60134,1033.6
20250115T1200,2.5702453,82.10585,1032.9
20250115T1300,3.2302456,81.84607,1032.4
20250115T1400,3.2002454,84.809814,1031.9
20250115T1500,2.8602452,88.98783,1031.7
20250115T1600,1.5402454,92.55812,1031.7
20250115T1700,1.1802454,93.685265,1032.3
20250115T1800,1.2302454,93.27972,1032.9
20250115T1900,1.1202455,93.40798,1033.3
20250115T2000,0.8502454,93.45683,1033.2
20250115T2100,0.8302454,93.38703,1033.6
20250115T2200,1.4202454,92.616264,1033.3
20250115T2300,1.3102454,93.217545,1033.6
20250116T0000,1.2102454,93.34634,1033.1
20250116T0100,1.3602455,93.085434,1033.1
20250116T0200,1.4002454,92.075966,1033.0
20250116T0300,1.4502454,90.944855,1033.0
20250116T0400,1.7702454,90.05016,1032.9
20250116T0500,1.6902454,89.06178,1032.8
20250116T0600,1.7102454,88.09276,1033.1
20250116T0700,1.6102453,87.888466,1033.5
20250116T0800,1.7302454,87.197205,1034.0
20250116T0900,2.4902453,85.21214,1034.5
20250116T1000,3.4802456,81.58659,1035.7
20250116T1100,4.3502455,78.815056,1035.5
20250116T1200,5.0302453,75.85421,1034.8
20250116T1300,5.3202453,74.01001,1034.6
20250116T1400,5.290245,74.65014,1034.5
20250116T1500,4.1602454,81.63035,1034.5
20250116T1600,4.4702454,75.80515,1034.8
20250116T1700,3.5902452,79.66756,1035.0
20250116T1800,1.8302454,83.700676,1035.1
20250116T1900,0.5602454,86.41716,1035.5
20250116T2000,0.22024539,86.760056,1035.8
20250116T2100,0.14024541,86.23646,1035.8
20250116T2200,0.17024541,85.793,1036.0
20250116T2300,-0.04975462,86.469284,1036.5
20250117T0000,0.13024542,85.9793,1036.6
20250117T0100,0.070245415,85.78003,1036.7
20250117T0200,-0.46975458,87.19357,1036.7
20250117T0300,-0.7197546,88.01365,1036.8
20250117T0400,-0.8097546,87.60963,1036.9
20250117T0500,-0.8197546,88.39733,1037.0
20250117T0600,-0.85975456,88.12909,1037.3
20250117T0700,-0.48975456,87.58208,1037.3
20250117T0800,-0.1897546,87.35713,1037.7
20250117T0900,0.6202454,85.5338,1037.5
20250117T1000,1.2202454,84.420616,1038.1
20250117T1100,1.7102454,82.94784,1037.4
20250117T1200,2.0502453,81.78637,1036.5
20250117T1300,2.3402452,81.53099,1035.7
20250117T1400,2.4802454,81.85205,1035.2
20250117T1500,2.2902455,86.50219,1034.9
20250117T1600,2.5902452,79.44341,1034.9
20250117T1700,1.8302454,83.639175,1034.8
20250117T1800,1.0502454,86.22322,1034.7
20250117T1900,0.4902454,87.37288,1034.4
20250117T2000,-0.16975462,87.8153,1034.2
20250117T2100,-0.27975458,87.86788,1033.9
20250117T2200,-0.48975456,87.97454,1034.0
20250117T2300,-0.6797546,87.88701,1034.0
20250118T0000,-0.5997546,88.02747,1033.6
20250118T0100,-0.6697546,87.88817,1032.8
20250118T0200,-0.85975456,87.86605,1032.1
20250118T0300,-1.0997546,87.77221,1031.9
20250118T0400,-1.0597546,87.57994,1031.8
20250118T0500,-0.8397546,86.95334,1031.8
20250118T0600,-0.74975455,86.05841,1031.8
20250118T0700,-0.9497546,86.29085,1031.8
20250118T0800,-0.3697546,85.14847,1031.6
20250118T0900,0.2902454,84.166565,1031.1
20250118T1000,1.0802454,79.83769,1032.2
20250118T1100,2.0602455,78.07491,1031.8
20250118T1200,3.0202456,75.53155,1030.7
20250118T1300,3.8202453,73.71337,1029.8
20250118T1400,4.0502453,72.260605,1029.2
20250118T1500,3.2102456,80.013084,1029.2
20250118T1600,3.3502455,72.91704,1028.7
20250118T1700,1.8602453,80.145096,1028.6
20250118T1800,-1.1097546,88.76217,1028.2
20250118T1900,-2.1097546,91.77505,1027.8
20250118T2000,-2.4297547,93.77085,1027.2
20250118T2100,-3.0197544,94.7937,1026.7
20250118T2200,-2.5197544,88.93966,1027.2
20250118T2300,-2.8397546,90.74222,1027.4
20250119T0000,-2.9697547,91.76622,1027.0
20250119T0100,-3.2097545,91.18886,1025.7
20250119T0200,-3.1497545,91.194626,1025.1
20250119T0300,-3.2197547,90.7044,1024.7
20250119T0400,-3.3397546,91.52337,1024.0
20250119T0500,-3.2497544,90.15149,1023.6
20250119T0600,-3.1997547,90.01973,1023.4
20250119T0700,-3.2297544,90.496864,1023.2
20250119T0800,-2.7197547,91.097916,1023.2
20250119T0900,-1.7397546,89.4285,1023.2
20250119T1000,-1.0897546,88.49915,1024.6
20250119T1100,-0.2697546,86.377304,1023.8
20250119T1200,0.6602454,83.039116,1022.8
20250119T1300,1.3402455,82.58784,1022.0
20250119T1400,1.9802454,82.56137,1021.3
20250119T1500,2.3402452,79.167885,1021.4
20250119T1600,1.6102453,81.718605,1021.2
20250119T1700,-0.009754598,87.7035,1021.0
20250119T1800,-1.4197546,93.357124,1021.1
20250119T1900,-0.9697546,92.49328,1021.1
20250119T2000,-0.8397546,91.274284,1021.3
20250119T2100,-0.89975464,91.60906,1021.1
20250119T2200,-0.8497546,92.02318,1021.6
20250119T2300,-0.61975455,90.08115,1021.7
20250120T0000,-1.0097545,90.041954,1021.9
20250120T0100,-1.5797547,90.933105,1021.4
20250120T0200,-1.4097546,90.13623,1020.9
20250120T0300,-1.1697546,89.555916,1020.7
20250120T0400,-1.2697546,90.420364,1020.8
20250120T0500,-1.5597545,91.96161,1020.6
20250120T0600,-1.8697547,92.626076,1020.5
20250120T0700,-2.0697546,92.05482,1020.5
20250120T0800,-1.5497545,88.71326,1020.6
20250120T0900,-0.3897546,87.398346,1020.8
20250120T1000,1.6902454,81.24982,1022.1
20250120T1100,3.3002453,78.63672,1021.7
20250120T1200,4.670245,75.62235,1020.7
20250120T1300,5.8702455,74.59951,1020.2
20250120T1400,5.3302455,75.58131,1019.8
20250120T1500,4.9902453,74.160484,1019.3
20250120T1600,3.0202456,81.10073,1019.6
20250120T1700,0.9002454,87.03516,1019.6
20250120T1800,-0.05975461,91.27742,1019.6
20250120T1900,-0.63975465,92.795204,1019.5
20250120T2000,-1.0697546,93.80125,1019.4
20250120T2100,-1.3897547,94.61981,1019.1
20250120T2200,-1.3797545,91.22452,1020.3
20250120T2300,-1.1597546,88.95613,1020.2
20250121T0000,-1.3097546,89.07307,1020.0
20250121T0100,-1.8097545,90.434616,1019.8
20250121T0200,-2.1497545,91.42702,1019.9
20250121T0300,-2.3397546,90.586266,1020.0
20250121T0400,-2.1997547,89.7168,1019.6
20250121T0500,-2.1997547,89.64916,1019.6
20250121T0600,-1.9897546,88.99857,1019.5
20250121T0700,-1.9397546,89.60919,1019.6
20250121T0800,-1.8897547,90.83517,1019.8
20250121T0900,-0.61975455,87.63207,1019.6
20250121T1000,0.8302454,84.67974,1021.2
20250121T1100,2.2902455,82.72845,1020.5
20250121T1200,3.4402456,78.37384,1019.7
20250121T1300,4.5902452,75.22348,1018.6
20250121T1400,4.880245,77.4916,1017.7
20250121T1500,4.880245,73.49476,1017.4
20250121T1600,3.4202452,82.17287,1017.5
20250121T1700,0.4802454,90.45585,1017.3
20250121T1800,-0.09975457,90.73529,1017.1
20250121T1900,-0.4397546,91.4462,1017.2
20250121T2000,-0.87975454,92.500694,1016.9
20250121T2100,-1.6797546,95.09568,1016.1
20250121T2200,-1.9597546,93.80593,1016.7
20250121T2300,-2.0397544,93.16934,1016.5
20250122T0000,-1.9297546,92.2745,1016.1
20250122T0100,-1.7397546,92.08366,1015.5
20250122T0200,-1.5897547,91.7528,1015.1
20250122T0300,-1.3497546,91.50036,1014.6
20250122T0400,-1.0097545,91.53105,1013.8
20250122T0500,-0.86975455,92.158394,1013.2
20250122T0600,-0.51975465,91.64274,1013.0
20250122T0700,-0.40975457,92.33382,1012.8
20250122T0800,0.030245423,91.894135,1012.5
20250122T0900,0.7402454,93.17552,1012.2
20250122T1000,1.7902454,94.20454,1012.9
20250122T1100,3.0802455,92.54202,1012.1
20250122T1200,4.0402455,91.95485,1011.0
20250122T1300,4.8702455,91.36872,1010.2
20250122T1400,5.2202454,91.20321,1009.3
20250122T1500,5.5102453,89.69288,1008.8
20250122T1600,5.000245,91.12054,1008.3
20250122T1700,4.0702453,92.08853,1008.1
20250122T1800,3.5502453,92.77626,1007.4
20250122T1900,3.5802455,92.44692,1007.0
20250122T2000,3.8002453,91.41131,1006.5
20250122T2100,3.4702454,92.57121,1006.0
20250122T2200,3.3902454,94.1705,1005.4
20250122T2300,3.5802455,94.519325,1005.4
20250123T0000,4.0602455,93.34377,1005.2
20250123T0100,4.3502455,95.30519,1004.9
20250123T0200,4.5802455,94.84599,1003.8
20250123T0300,5.420245,92.45117,1003.2
20250123T0400,7.040245,87.78231,1002.9
20250123T0500,7.400245,88.1881,1004.2
20250123T0600,7.610245,90.132355,1006.1
20250123T0700,7.2802453,89.29095,1009.1
20250123T0800,6.520245,87.60472,1011.8
20250123T0900,6.210245,85.85751,1013.8
20250123T1000,6.3902454,85.093994,1014.9
20250123T1100,6.3202453,82.53309,1015.3
20250123T1200,6.5602455,79.74543,1014.6
20250123T1300,6.920245,75.28079,1014.1
20250123T1400,6.880245,74.36461,1014.0
20250123T1500,6.7602453,73.02199,1014.6
20250123T1600,5.5902452,76.06704,1015.1
20250123T1700,4.5202456,80.456024,1015.6
20250123T1800,4.7602453,82.132675,1016.4
20250123T1900,4.7202454,83.855736,1016.8
20250123T2000,4.5102453,83.52658,1016.3
20250123T2100,4.5202456,82.86961,1016.6
20250123T2200,4.0002456,82.37753,1016.2
20250123T2300,4.0002456,81.96141,1015.9
20250124T0000,3.3202453,82.15801,1017.0
20250124T0100,4.2702456,80.41654,1016.6
20250124T0200,4.0202456,81.07905,1016.4
20250124T0300,3.5302453,82.968376,1016.2
20250124T0400,3.1502452,86.1047,1015.8
20250124T0500,2.5602455,87.92993,1015.3
20250124T0600,2.3102455,89.77525,1015.0
20250124T0700,2.2302454,90.29062,1015.0
20250124T0800,2.5002456,88.37161,1014.9
20250124T0900,4.2302456,83.54819,1014.5
20250124T1000,6.5302453,77.72199,1014.5
20250124T1100,9.050245,70.4742,1014.7
20250124T1200,11.130245,63.795525,1013.4
20250124T1300,12.870245,57.13559,1012.3
20250124T1400,13.390245,50.908676,1011.6
20250124T1500,13.030245,44.941666,1011.6
20250124T1600,11.210245,45.68561,1011.7
20250124T1700,10.580245,47.68331,1012.0
20250124T1800,9.470245,51.60385,1012.2
20250124T1900,8.650246,53.798897,1011.9
20250124T2000,8.370246,56.832058,1010.9
20250124T2100,8.520246,57.03861,1010.6
20250124T2200,7.0702453,61.133835,1010.7
20250124T2300,5.8302455,66.90159,1010.7
20250125T0000,4.5602455,73.05665,1010.4
20250125T0100,4.670245,72.38887,1010.2
20250125T0200,5.3502455,72.160446,1009.8
20250125T0300,6.040245,71.574066,1010.0
20250125T0400,6.400245,69.457924,1010.0
20250125T0500,6.5502453,67.75274,1009.8
20250125T0600,6.9102454,65.56504,1009.9
20250125T0700,7.0102453,66.49747,1010.2
20250125T0800,7.520245,66.23269,1010.0
20250125T0900,9.580245,64.01352,1010.0
20250125T1000,10.970245,62.15788,1010.2
20250125T1100,13.080245,59.147045,1010.1
20250125T1200,14.510245,56.571243,1009.6
20250125T1300,15.120245,56.183147,1009.2
20250125T1400,15.220245,56.13158,1008.2
20250125T1500,14.300245,60.32527,1008.0
20250125T1600,12.390245,71.44884,1008.0
20250125T1700,10.220245,81.81583,1008.6
20250125T1800,9.510245,85.23232,1008.7
20250125T1900,8.850245,88.027,1008.4
20250125T2000,8.700245,88.37753,1008.1
20250125T2100,8.510245,87.628586,1008.2
20250125T2200,8.740245,85.082115,1008.7
20250125T2300,9.040245,83.599495,1009.6
20250126T0000,8.840245,81.50784,1010.9
20250126T0100,8.170245,80.503716,1012.3
20250126T0200,8.050245,77.48612,1012.0
20250126T0300,8.150246,74.49895,1011.9
20250126T0400,8.470245,70.15309,1012.0
20250126T0500,8.120246,69.92927,1012.4
20250126T0600,7.4502454,69.73585,1012.9
20250126T0700,6.4902453,71.20402,1013.9
20250126T0800,6.000245,69.82476,1014.7
20250126T0900,6.4302454,66.45866,1014.9
20250126T1000,7.1002455,62.4484,1014.8
20250126T1100,8.280246,56.353333,1014.1
20250126T1200,9.270246,50.093185,1012.4
20250126T1300,10.100245,46.916885,1011.0
20250126T1400,10.110246,48.31786,1009.6
20250126T1500,9.400246,51.433075,1009.2
20250126T1600,8.460245,60.30009,1008.6
20250126T1700,7.9102454,67.57283,1008.9
20250126T1800,6.8902454,74.15412,1008.8
20250126T1900,7.250245,74.70066,1008.6
20250126T2000,7.3502455,77.202,1007.4
20250126T2100,7.6602454,76.8738,1006.2
20250126T2200,9.520246,65.98662,1005.3
20250126T2300,9.370245,69.111015,1004.6
20250127T0000,8.730246,74.13577,1003.6
20250127T0100,8.520246,76.69863,1003.3
20250127T0200,8.720245,79.35744,1002.5
20250127T0300,8.860246,83.518196,1002.1
20250127T0400,9.170245,85.368935,1001.4
20250127T0500,9.610246,85.77355,1001.2
20250127T0600,9.680245,85.54593,1000.5
20250127T0700,10.200245,84.32447,1000.5
20250127T0800,10.090245,87.07049,1001.0
20250127T0900,9.900246,89.58702,1001.5
20250127T1000,10.070246,90.030136,1002.5
20250127T1100,10.500245,88.30763,1002.3
20250127T1200,10.760245,85.202866,1001.4
20250127T1300,10.340245,86.44465,1001.2
20250127T1400,10.960245,81.5266,1000.7
20250127T1500,10.330245,82.00009,1001.3
20250127T1600,9.290245,81.45901,1001.3
20250127T1700,8.680245,82.85839,1001.9
20250127T1800,8.420245,83.17042,1002.1
20250127T1900,8.510245,82.03086,1002.3
20250127T2000,8.650246,82.222176,1002.5
20250127T2100,8.210245,84.3105,1001.7
20250127T2200,7.5102453,85.52961,1001.6
20250127T2300,7.1402454,88.65642,1001.3
20250128T0000,6.8002453,89.747475,1001.0
20250128T0100,6.420245,92.07031,1000.3
20250128T0200,6.540245,92.46612,999.4
20250128T0300,6.880245,91.2724,999.3
20250128T0400,6.980245,89.325516,1000.0
20250128T0500,6.7602453,89.36761,1000.5
20250128T0600,6.790245,87.326164,1000.7
20250128T0700,6.8402452,85.389404,1001.1
20250128T0800,6.8202453,84.48969,1001.7
20250128T0900,7.2602453,83.65897,1001.6
20250128T1000,8.030246,80.200554,1001.7
20250128T1100,8.690246,75.44485,1001.8
20250128T1200,9.370245,69.89665,1001.4
20250128T1300,9.840245,63.395954,1001.0
20250128T1400,10.010245,59.535946,1000.6
20250128T1500,9.980246,57.51323,1000.7
20250128T1600,9.650246,61.040466,1001.0
20250128T1700,9.000245,67.049774,1001.7
20250128T1800,8.400246,72.15881,1002.5
20250128T1900,7.9502454,75.20347,1003.5
20250128T2000,7.7602453,75.061935,1004.0
20250128T2100,7.7602453,75.221794,1004.6
20250128T2200,7.7602453,77.491425,1004.5
20250128T2300,7.6602454,80.030876,1005.3
20250129T0000,7.5702453,82.47517,1005.9
20250129T0100,7.610245,83.061714,1006.5
20250129T0200,7.710245,82.78447,1007.1
20250129T0300,7.6402454,82.65878,1007.8
20250129T0400,7.360245,85.39202,1008.4
20250129T0500,7.360245,85.093285,1009.6
20250129T0600,7.2402453,84.84012,1010.3
20250129T0700,7.170245,84.17824,1011.5
20250129T0800,7.3402452,82.03781,1012.8
20250129T0900,7.8402452,78.49561,1013.4
20250129T1000,8.420245,73.39949,1013.6
20250129T1100,9.150246,65.666855,1012.7
20250129T1200,9.720245,59.20545,1012.3
20250129T1300,10.170245,57.151924,1011.7
20250129T1400,10.430245,54.846256,1011.0
20250129T1500,10.160245,53.171833,1010.6
20250129T1600,7.9702454,70.95217,1010.5
20250129T1700,5.4702454,78.718605,1010.5
20250129T1800,5.020245,77.79657,1010.4
20250129T1900,4.4602456,78.3212,1010.6
20250129T2000,4.0202456,79.85379,1010.9
20250129T2100,3.4202452,81.99384,1010.8
20250129T2200,3.2702456,83.77907,1011.3
20250129T2300,3.1602454,85.85668,1012.0
20250130T0000,3.1602454,87.551414,1012.1
20250130T0100,2.8802452,89.50622,1012.2
20250130T0200,2.8702455,88.34707,1012.1
20250130T0300,2.9502454,89.64251,1012.6
20250130T0400,3.0802455,90.30415,1013.2
20250130T0500,3.4102454,90.52943,1013.9
20250130T0600,3.5902452,90.091644,1014.6
20250130T0700,3.8202453,89.59747,1015.3
20250130T0800,4.1802454,89.31189,1016.1
20250130T0900,5.3102455,87.66152,1016.7
20250130T1000,6.7802453,86.10624,1017.1
20250130T1100,7.610245,83.70496,1017.1
20250130T1200,7.880245,84.03354,1017.1
20250130T1300,8.020246,84.69931,1017.6
20250130T1400,7.980245,86.66494,1017.8
20250130T1500,7.8202453,87.61828,1018.2
20250130T1600,7.110245,91.22687,1018.6
20250130T1700,6.7202454,92.15658,1019.3
20250130T1800,6.210245,93.02743,1020.1
20250130T1900,6.170245,93.22043,1020.9
20250130T2000,5.750245,93.71805,1021.6
20250130T2100,5.6802454,93.51632,1022.5
20250130T2200,6.0802455,92.303925,1023.0
20250130T2300,5.8502455,92.80752,1023.7
20250131T0000,5.9102454,92.09724,1024.3
20250131T0100,5.8502455,92.80752,1024.9
20250131T0200,5.9502454,92.68417,1025.4
20250131T0300,5.790245,92.347786,1025.8
20250131T0400,5.460245,93.43643,1026.3
20250131T0500,4.980245,92.878136,1027.1
20250131T0600,4.3702455,93.16579,1027.8
20250131T0700,3.9202452,92.86929,1028.7
20250131T0800,3.7202454,92.656,1029.4
20250131T0900,4.130245,91.63444,1029.7
20250131T1000,4.8502455,86.3085,1029.7
20250131T1100,5.2402453,81.79141,1029.7
20250131T1200,5.6402454,79.941216,1029.2
20250131T1300,5.7802453,79.6209,1028.8
20250131T1400,5.750245,79.673096,1028.5
20250131T1500,5.4902453,80.14684,1028.7
20250131T1600,4.9502454,81.68977,1028.6
20250131T1700,4.170245,84.630455,1028.8
20250131T1800,3.4902453,86.89583,1029.3
20250131T1900,2.8602452,88.28205,1029.6
20250131T2000,2.2202454,88.212975,1029.6
20250131T2100,1.6202455,87.18434,1029.6
20250131T2200,1.0502454,86.733055,1029.1
20250131T2300,1.0602454,85.97057,1029.6
20250201T0000,0.7002454,86.43454,1029.7
20250201T0100,0.2502454,86.5709,1029.5
20250201T0200,0.070245415,86.48428,1029.4
20250201T0300,-0.03975457,87.051,1029.4
20250201T0400,-0.33975458,88.51694,1029.0
20250201T0500,-0.4597546,88.96579,1028.8
20250201T0600,-0.3297546,89.310905,1028.7
20250201T0700,-0.5397546,89.82164,1028.9
20250201T0800,0.4202454,86.39971,1028.9
20250201T0900,1.2602453,83.68165,1028.9
20250201T1000,2.4402454,78.835884,1029.3
20250201T1100,3.3002453,77.21053,1028.9
20250201T1200,3.9202452,76.48018,1028.4
20250201T1300,4.5802455,75.44074,1027.8
20250201T1400,4.880245,74.24684,1027.3
20250201T1500,4.730245,74.16357,1027.3
20250201T1600,4.2002454,77.82288,1027.1
20250201T1700,3.1402454,83.639404,1027.1
20250201T1800,3.4302454,80.458275,1027.1
20250201T1900,3.4302454,81.10543,1027.2
20250201T2000,2.5502453,83.801445,1027.2
20250201T2100,1.8002454,85.93752,1026.8
20250201T2200,1.2702454,86.82349,1027.1
20250201T2300,1.0602454,87.054245,1026.9
20250202T0000,0.9502454,87.49119,1026.3
20250202T0100,0.6302454,87.71261,1026.1
20250202T0200,0.5402454,88.28717,1025.8
20250202T0300,0.5102454,88.21866,1025.3
20250202T0400,0.8002454,87.991196,1024.8
20250202T0500,1.1102455,87.57413,1024.5
20250202T0600,1.3502455,87.28073,1024.5
20250202T0700,1.6102453,87.11929,1024.8
20250202T0800,1.5202454,87.42868,1024.7
20250202T0900,1.6202455,86.357315,1024.7
20250202T1000,2.0002456,86.5303,1025.2
20250202T1100,2.5302453,85.52851,1024.8
20250202T1200,3.2002454,83.526245,1024.2
20250202T1300,3.6902456,82.871025,1023.9
20250202T1400,3.9902453,81.486595,1023.8
20250202T1500,4.0302453,81.02187,1023.8
20250202T1600,2.6902456,87.435074,1024.0
20250202T1700,2.9702454,84.471954,1024.5
20250202T1800,3.4202452,84.10408,1024.8
20250202T1900,2.2602453,87.38605,1025.3
20250202T2000,1.5002453,88.7818,1025.3
20250202T2100,1.7202454,87.9651,1025.6
20250202T2200,0.5902454,88.3579,1026.5
20250202T2300,0.4302454,89.126595,1026.6
20250203T0000,0.23024541,89.369415,1026.7
20250203T0100,-0.05975461,89.87022,1027.0
20250203T0200,-0.22975457,90.320595,1027.3
20250203T0300,-0.34975457,90.71165,1027.3
20250203T0400,-0.2697546,90.71923,1027.3
20250203T0500,-0.39975458,90.572426,1027.5
20250203T0600,-0.3897546,90.30495,1027.5
20250203T0700,-0.3097546,90.37978,1027.9
20250203T0800,0.3802454,89.51701,1028.3
20250203T0900,0.89024544,88.58631,1028.4
20250203T1000,1.1502454,89.398224,1029.7
20250203T1100,1.8602453,87.531784,1029.5
20250203T1200,2.3602452,86.19585,1029.0
20250203T1300,2.9002452,85.1411,1028.3
20250203T1400,3.1102452,84.12311,1027.8
20250203T1500,2.8002453,85.93681,1027.8
20250203T1600,1.7002454,91.832634,1028.2
20250203T1700,2.9602456,86.51975,1028.4
20250203T1800,2.3202453,88.54527,1028.9
20250203T1900,1.9502454,89.28361,1029.3
20250203T2000,1.7902454,89.46297,1029.3
20250203T2100,0.7202454,91.279915,1029.3
20250203T2200,0.3002454,87.93449,1030.3
20250203T2300,-0.14975458,87.62205,1030.5
20250204T0000,-0.5397546,87.96877,1030.3
20250204T0100,-0.87975454,88.06095,1030.2
20250204T0200,-1.0097545,87.45484,1030.3
20250204T0300,-1.1397547,87.04676,1030.4
20250204T0400,-1.3697546,86.626816,1030.3
20250204T0500,-1.3797545,85.65341,1030.4
20250204T0600,-1.2797546,84.45007,1030.6
20250204T0700,-1.1697546,84.21164,1030.8
20250204T0800,-0.76975465,86.44314,1031.0
20250204T0900,-0.16975462,86.776596,1031.0
20250204T1000,0.9602454,82.103516,1032.1
20250204T1100,2.0602455,76.19021,1031.8
20250204T1200,3.4002452,73.90062,1030.8
20250204T1300,4.5602455,71.002594,1030.1
20250204T1400,5.2402453,69.050735,1029.8
20250204T1500,5.3202453,70.28856,1029.7
20250204T1600,4.150245,73.18753,1030.1
20250204T1700,2.4702454,82.030685,1030.6
20250204T1800,1.1202455,88.41611,1031.3
20250204T1900,0.5902454,90.06763,1032.0
20250204T2000,-1.2997546,94.204315,1032.4
20250204T2100,-2.2597547,94.56087,1032.9
20250204T2200,-2.5597544,91.872826,1034.1
20250204T2300,-2.7997546,91.851166,1034.7
20250205T0000,-3.0297546,91.48307,1034.9
20250205T0100,-3.1697545,92.86716,1035.2
20250205T0200,-3.5297546,94.25704,1035.5
20250205T0300,-3.6797547,94.460945,1035.9
20250205T0400,-3.8697548,95.74783,1036.0
20250205T0500,-3.9197545,94.51545,1036.8
20250205T0600,-3.8997545,93.80046,1037.0
20250205T0700,-3.8997545,94.014885,1037.5
20250205T0800,-2.5097547,87.3382,1037.9
20250205T0900,-0.60975456,83.8501,1038.3
20250205T1000,1.0302454,77.949,1039.6
20250205T1100,2.1502454,71.37925,1039.6
20250205T1200,3.2102456,70.554184,1038.7
20250205T1300,4.0202456,71.46251,1038.2
20250205T1400,4.730245,72.45407,1037.9
20250205T1500,4.650245,78.353676,1037.9
20250205T1600,2.5502453,88.056656,1038.0
20250205T1700,0.9802454,92.853226,1038.6
20250205T1800,-0.04975462,94.91665,1039.2
20250205T1900,-0.47975457,96.58476,1039.4
20250205T2000,-0.8297546,97.42718,1039.7
20250205T2100,-0.98975456,97.060585,1039.6
20250205T2200,-0.73975456,95.78994,1039.8
20250205T2300,-0.98975456,95.91776,1039.8
20250206T0000,-1.1297545,95.98108,1039.4
20250206T0100,-0.8297546,95.57245,1038.9
20250206T0200,-0.6697546,95.440575,1038.7
20250206T0300,-0.6697546,96.00644,1038.4
20250206T0400,-0.3797546,96.58973,1038.1
20250206T0500,-0.07975459,96.32105,1038.0
20250206T0600,0.17024541,96.40444,1037.9
20250206T0700,0.4002454,95.7127,1037.9
20250206T0800,1.2302454,94.30528,1037.8
20250206T0900,1.8502454,92.58211,1037.5
20250206T1000,2.3702455,93.0245,1037.7
20250206T1100,2.7402453,92.11682,1037.0
20250206T1200,3.2102456,90.25107,1036.0
20250206T1300,3.5102453,88.989555,1035.5
20250206T1400,3.7702456,87.998116,1034.6
20250206T1500,3.7002454,88.43472,1033.9
20250206T1600,3.3402452,89.48666,1033.4
20250206T1700,3.0202456,89.51994,1032.9
20250206T1800,2.5802455,90.6507,1032.5
20250206T1900,2.5302453,89.86168,1032.0
20250206T2000,2.8302455,86.94487,1031.4
20250206T2100,2.6302452,86.79519,1030.7
20250206T2200,2.6802454,84.24859,1030.4
20250206T2300,2.6202455,83.62779,1030.1
20250207T0000,2.5402455,83.43346,1029.2
20250207T0100,2.2302454,84.49588,1028.6
20250207T0200,1.8502454,84.32056,1027.7
20250207T0300,1.6102453,83.916336,1027.3
20250207T0400,1.5102453,83.59379,1026.7
20250207T0500,1.4602454,83.40198,1026.2
20250207T0600,1.3302454,83.075966,1026.2
20250207T0700,1.1102455,83.90804,1026.0
20250207T0800,1.6402454,83.42779,1025.9
20250207T0900,2.5702453,79.32338,1025.7
20250207T1000,3.6102452,75.146225,1025.4
20250207T1100,4.8102455,71.31604,1024.8
20250207T1200,5.960245,68.26109,1024.0
20250207T1300,6.650245,65.93306,1023.1
20250207T1400,6.860245,64.79593,1022.3
20250207T1500,6.500245,68.03664,1021.6
20250207T1600,5.110245,77.69995,1021.3
20250207T1700,3.9102454,78.79801,1021.0
20250207T1800,2.2302454,84.248886,1020.8
20250207T1900,0.9802454,88.33581,1020.8
20250207T2000,0.13024542,90.35555,1021.2
20250207T2100,-0.29975462,91.12062,1021.3
20250207T2200,-0.3197546,91.18633,1022.1
20250207T2300,-0.5997546,90.82274,1022.7
20250208T0000,-0.86975455,91.74814,1022.4
20250208T0100,-0.8297546,92.024895,1022.4
20250208T0200,-0.63975465,90.818954,1022.3
20250208T0300,-0.5397546,90.69359,1022.1
20250208T0400,-0.89975464,90.86193,1021.8
20250208T0500,-0.9397546,92.015434,1021.5
20250208T0600,-0.9597546,91.33128,1021.6
20250208T0700,-1.0097545,91.6675,1021.8
20250208T0800,0.3202454,89.180885,1022.0
20250208T0900,2.1302454,84.79224,1022.1
20250208T1000,4.1402454,78.43706,1022.5
20250208T1100,5.8202453,72.36155,1022.0
20250208T1200,7.2202454,67.173744,1021.6
20250208T1300,8.240246,62.823505,1021.3
20250208T1400,8.650246,60.962082,1020.8
20250208T1500,8.280246,58.785267,1020.6
20250208T1600,7.360245,62.105896,1020.9
20250208T1700,6.1402454,72.27006,1021.4
20250208T1800,5.110245,77.19677,1022.1
20250208T1900,4.6402454,79.83853,1022.5
20250208T2000,2.6702452,85.858185,1023.2
20250208T2100,1.4002454,88.90135,1024.0
20250208T2200,1.2702454,89.738556,1024.7
20250208T2300,1.4202454,89.8191,1025.2
20250209T0000,1.5502454,90.424324,1025.7
20250209T0100,1.9402454,91.32005,1026.4
20250209T0200,2.1902454,92.54112,1026.5
20250209T0300,2.1602454,93.27888,1026.7
20250209T0400,2.2902455,93.6259,1027.2
20250209T0500,2.1402454,93.88694,1027.5
20250209T0600,1.7102454,94.13102,1027.8
20250209T0700,1.8502454,94.00375,1028.1
20250209T0800,2.8502455,92.39142,1028.4
20250209T0900,3.9602456,88.8434,1028.6
20250209T1000,4.8202453,86.42838,1028.6
20250209T1100,6.130245,82.330536,1028.4
20250209T1200,7.4302454,77.65472,1027.8
20250209T1300,8.3102455,73.951584,1027.3
20250209T1400,8.610246,69.983574,1027.0
20250209T1500,8.720245,68.676994,1026.9
20250209T1600,7.460245,76.89334,1026.7
20250209T1700,5.2202454,85.31206,1026.9
20250209T1800,4.380245,87.62326,1027.0
20250209T1900,3.6102452,90.67738,1026.9
20250209T2000,2.6502452,92.4427,1026.8
20250209T2100,1.6002454,94.94746,1026.8
20250209T2200,1.1802454,94.64624,1026.9
20250209T2300,1.1802454,94.508415,1027.0
20250210T0000,1.0402454,94.983185,1026.6
20250210T0100,0.9402454,95.53303,1026.3
20250210T0200,1.1602454,95.614815,1026.0
20250210T0300,1.5402454,95.70487,1025.9
20250210T0400,1.8802454,95.930824,1025.5
20250210T0500,1.9402454,95.65689,1025.1
20250210T0600,2.3102455,95.60748,1024.7
20250210T0700,2.4902453,95.54817,1024.6
20250210T0800,2.8702455,94.81657,1024.2
20250210T0900,3.7302456,93.78904,1024.1
20250210T1000,4.420245,91.85359,1024.5
20250210T1100,5.4102454,89.36667,1024.3
20250210T1200,5.7802453,90.35289,1023.6
20250210T1300,6.1002455,90.57155,1022.8
20250210T1400,6.3002453,91.996994,1022.3
20250210T1500,6.650245,91.894356,1021.4
20250210T1600,6.6202455,91.89212,1020.6
20250210T1700,6.4302454,92.26453,1020.4
20250210T1800,5.960245,94.32409,1020.4
20250210T1900,6.020245,93.80046,1020.7
20250210T2000,6.0702453,94.06662,1020.4
20250210T2100,6.2602453,94.01205,1020.5
20250210T2200,6.3702455,92.84306,1020.2
20250210T2300,6.5502453,92.07984,1020.4
20250211T0000,6.110245,94.00317,1020.8
20250211T0100,5.900245,94.98378,1021.1
20250211T0200,6.130245,94.92935,1020.9
20250211T0300,6.270245,95.93556,1020.8
20250211T0400,6.3902454,96.47689,1020.9
20250211T0500,6.2802453,97.14682,1020.8
20250211T0600,6.1602454,97.41377,1020.7
20250211T0700,6.0802455,97.54706,1020.9
20250211T0800,6.3402452,96.67665,1021.2
20250211T0900,6.5502453,96.886475,1021.0
20250211T1000,7.1402454,95.64163,1021.1
20250211T1100,7.750245,94.42335,1021.2
20250211T1200,8.170245,94.3808,1020.6
20250211T1300,8.380245,95.43421,1020.3
20250211T1400,8.470245,95.43827,1019.8
20250211T1500,8.3102455,95.43106,1019.6
20250211T1600,8.210245,96.08395,1019.5
20250211T1700,7.8702455,97.266716,1019.4
20250211T1800,7.750245,97.32984,1019.6
20250211T1900,7.610245,97.45957,1019.7
20250211T2000,7.3702455,98.05893,1019.7
20250211T2100,7.110245,98.45926,1019.6
20250211T2200,7.3902454,96.449234,1019.1
20250211T2300,7.3202453,96.71341,1019.0
20250212T0000,7.2202454,97.111595,1018.9
20250212T0100,7.0302453,97.57658,1018.7
20250212T0200,6.9902453,97.238335,1018.3
20250212T0300,6.9502454,97.30435,1018.2
20250212T0400,6.9702454,96.90162,1018.0
20250212T0500,6.920245,96.96699,1017.8
20250212T0600,6.960245,96.49932,1017.7
20250212T0700,6.960245,96.633125,1017.8
20250212T0800,7.540245,95.527596,1017.9
20250212T0900,8.760245,92.1101,1018.0
20250212T1000,10.020246,90.025986,1017.7
20250212T1100,10.890245,85.80022,1017.8
20250212T1200,11.600245,81.44899,1017.5
20250212T1300,11.710245,80.63644,1017.2
20250212T1400,11.480246,83.85066,1016.5
20250212T1500,11.390245,84.46863,1016.5
20250212T1600,10.980246,86.513214,1016.3
20250212T1700,9.530245,94.45173,1016.8
20250212T1800,9.420245,94.25335,1017.1
20250212T1900,9.170245,94.047356,1017.4
20250212T2000,8.920245,93.71252,1017.4
20250212T2100,8.790245,93.38455,1017.6
20250212T2200,8.390245,94.26294,1017.2
20250212T2300,8.180245,94.57629,1017.0
20250213T0000,8.120246,94.63826,1016.8
20250213T0100,8.250245,94.061104,1017.3
20250213T0200,8.090245,93.9227,1016.8
20250213T0300,7.980245,92.69326,1016.6
20250213T0400,7.7602453,93.19272,1016.7
20250213T0500,7.5302453,93.30732,1016.5
20250213T0600,7.1802454,94.39242,1016.9
20250213T0700,6.9702454,94.315315,1016.6
20250213T0800,6.6402454,95.15424,1017.3
20250213T0900,6.1202455,96.33152,1017.4
20250213T1000,5.1002455,97.9957,1018.4
20250213T1100,4.2602453,97.97007,1019.1
20250213T1200,3.6902456,94.458405,1019.3
20250213T1300,3.8302455,90.17843,1018.8
20250213T1400,4.3502455,85.325676,1018.6
20250213T1500,4.2902455,82.59833,1018.9
20250213T1600,4.2902455,81.6499,1019.0
20250213T1700,3.6502452,83.105865,1019.4
20250213T1800,3.1602454,85.85668,1019.7
20250213T1900,2.7202454,88.0752,1019.8
20250213T2000,2.5202456,89.276245,1019.7
20250213T2100,2.3002453,88.09336,1019.8
20250213T2200,2.9302454,85.14497,1020.1
20250213T2300,2.8802452,84.398476,1020.2
20250214T0000,2.6002455,84.36075,1020.2
20250214T0100,1.8702455,89.14536,1020.5
20250214T0200,1.2902454,91.196724,1020.7
20250214T0300,0.5402454,92.88754,1021.6
20250214T0400,0.11024541,93.7473,1022.3
20250214T0500,-0.1297546,93.93772,1022.9
20250214T0600,-0.3697546,92.54234,1023.6
20250214T0700,-0.60975456,91.09208,1024.1
20250214T0800,-0.4397546,88.045845,1025.2
20250214T0900,0.13024542,83.51928,1025.3
20250214T1000,0.4902454,77.909775,1026.0
20250214T1100,0.8202454,77.73667,1026.1
20250214T1200,1.0802454,75.89024,1026.0
20250214T1300,1.2002454,73.89571,1026.1
20250214T1400,1.2802454,72.921616,1026.0
20250214T1500,1.3702455,72.178665,1025.9
20250214T1600,1.1902454,72.08601,1025.9
20250214T1700,0.6002454,75.57017,1026.1
20250214T1800,0.050245404,78.71223,1026.3
20250214T1900,-0.4397546,81.21231,1026.5
20250214T2000,-1.0297546,82.225876,1026.8
20250214T2100,-1.4197546,82.72601,1026.7
20250214T2200,-1.6297547,83.954926,1026.8
20250214T2300,-2.1197548,85.61882,1026.7
20250215T0000,-2.3297548,86.17684,1026.4
20250215T0100,-2.5097547,86.022354,1026.1
20250215T0200,-2.6597548,85.41539,1025.7
20250215T0300,-2.4597545,83.07003,1025.3
20250215T0400,-2.4297547,82.19235,1024.7
20250215T0500,-3.3997545,84.272804,1024.4
20250215T0600,-3.7897549,84.54005,1024.1
20250215T0700,-3.8997545,85.30842,1023.9
20250215T0800,-1.2397546,77.17976,1023.7
20250215T0900,-0.05975461,72.583176,1023.2
20250215T1000,0.9402454,70.847466,1023.6
20250215T1100,1.8602453,68.89841,1023.2
20250215T1200,2.6902456,67.355515,1022.2
20250215T1300,3.7202454,65.18006,1021.1
20250215T1400,4.130245,64.2699,1020.5
20250215T1500,3.8002453,65.345375,1020.0
20250215T1600,2.6602454,78.98959,1019.5
20250215T1700,2.2302454,72.361,1019.3
20250215T1800,1.6002454,76.386826,1019.3
20250215T1900,-0.22975457,84.97689,1019.4
20250215T2000,-0.89975464,88.388306,1019.1
20250215T2100,-0.9697546,89.176445,1018.6
20250215T2200,-0.5997546,86.98282,1018.9
20250215T2300,-0.8397546,89.39019,1018.8
20250216T0000,-1.0797546,90.77711,1019.0
20250216T0100,-1.2597545,91.85061,1018.6
20250216T0200,-1.4097546,92.18103,1018.2
20250216T0300,-1.2297546,90.35676,1017.8
20250216T0400,-1.4097546,92.45676,1017.3
20250216T0500,-1.4897546,93.49117,1017.3
20250216T0600,-1.5697545,92.99767,1017.0
20250216T0700,-1.1397547,91.72429,1017.1
20250216T0800,-0.07975459,87.435165,1017.4
20250216T0900,0.6202454,85.91458,1017.3
20250216T1000,1.5302454,80.32822,1018.0
20250216T1100,2.7902455,76.55246,1017.8
20250216T1200,3.8602452,72.914246,1017.2
20250216T1300,4.5602455,71.210884,1016.8
20250216T1400,5.0302453,69.71431,1016.9
20250216T1500,4.9102454,68.977005,1017.0
20250216T1600,4.3102455,73.811005,1017.4
20250216T1700,2.6802454,81.22576,1017.9
20250216T1800,1.8102454,84.315094,1018.5
20250216T1900,1.0402454,87.24437,1019.0
20250216T2000,0.8202454,87.92863,1019.1
20250216T2100,0.6602454,87.780815,1019.4
20250216T2200,0.2802454,90.77092,1019.7
20250216T2300,-0.029754579,90.74189,1019.8
20250217T0000,-0.3797546,89.50491,1020.2
20250217T0100,-0.4397546,89.83181,1020.2
20250217T0200,-0.4597546,89.96336,1020.2
20250217T0300,-0.73975456,88.869156,1020.3
20250217T0400,-0.8497546,88.52608,1020.4
20250217T0500,-0.76975465,87.87653,1020.5
20250217T0600,-0.8297546,87.869545,1020.6
20250217T0700,-0.5697546,87.70335,1021.0
20250217T0800,0.5902454,82.475044,1021.4
20250217T0900,1.0702454,79.42141,1021.3
20250217T1000,1.7102454,78.36056,1021.9
20250217T1100,2.4002454,77.44636,1021.7
20250217T1200,3.0202456,76.14561,1021.2
20250217T1300,3.7202454,73.9101,1020.9
20250217T1400,3.9502454,73.8475,1020.8
20250217T1500,3.7502456,74.29664,1020.4
20250217T1600,3.1702452,77.4139,1020.1
20250217T1700,1.5302454,83.966965,1020.5
20250217T1800,0.8602454,85.881714,1020.9
20250217T1900,0.9602454,84.6974,1021.3
20250217T2000,0.77024543,84.67158,1021.5
20250217T2100,0.3702454,85.50107,1021.8
20250217T2200,0.100245416,84.831955,1022.8
20250217T2300,-0.07975459,84.61787,1022.8
20250218T0000,-0.16975462,84.98504,1022.9
20250218T0100,-0.46975458,85.70954,1022.9
20250218T0200,-0.9397546,85.58332,1023.0
20250218T0300,-0.8397546,86.43426,1022.9
20250218T0400,-0.60975456,85.81942,1022.9
20250218T0500,-1.0597546,86.40629,1023.2
20250218T0600,-1.1397547,86.52588,1023.3
20250218T0700,-0.77975464,86.24801,1023.5
20250218T0800,0.3202454,81.82151,1023.8
20250218T0900,1.0002453,78.00176,1023.4
20250218T1000,1.8002454,75.01676,1023.9
20250218T1100,2.6102452,72.98046,1023.7
20250218T1200,3.5602455,69.79993,1023.3
20250218T1300,4.2502456,67.97103,1022.8
20250218T1400,4.610245,66.61536,1022.1
20250218T1500,4.6002455,66.367714,1021.8
20250218T1600,3.8102455,72.69005,1021.9
20250218T1700,0.9802454,83.08619,1022.0
20250218T1800,0.11024541,85.276375,1022.3
20250218T1900,0.010245383,85.07277,1022.6
20250218T2000,-0.46975458,84.18488,1022.7
20250218T2100,-0.9397546,82.92415,1022.8
20250218T2200,-1.0697546,78.810356,1023.6
20250218T2300,-1.4097546,78.57007,1023.7
20250219T0000,-1.8797547,79.63082,1023.7
20250219T0100,-2.1097546,79.34769,1023.8
20250219T0200,-2.1197548,79.16421,1023.6
20250219T0300,-2.2897544,79.74167,1023.5
20250219T0400,-2.4197545,80.20857,1023.6
20250219T0500,-2.3297548,80.46972,1023.8
20250219T0600,-2.2797546,81.4673,1023.9
20250219T0700,-2.0197544,83.45339,1024.2
20250219T0800,-0.5597546,81.49879,1024.4
20250219T0900,0.9102454,76.19905,1024.2
20250219T1000,2.3902454,74.798744,1025.3
20250219T1100,3.9902453,72.83386,1025.3
20250219T1200,5.5802455,70.447044,1024.4
20250219T1300,6.920245,68.377594,1023.9
20250219T1400,7.730245,67.09693,1023.4
20250219T1500,7.6602454,70.081276,1023.2
20250219T1600,6.3502455,75.769844,1023.3
20250219T1700,4.8402452,77.14888,1023.5
20250219T1800,2.9602456,86.08147,1023.9
20250219T1900,2.1402454,90.544945,1024.2
20250219T2000,1.3202454,93.286255,1024.5
20250219T2100,0.84024537,95.59718,1024.6
20250219T2200,1.1202455,93.68108,1025.8
20250219T2300,0.89024544,94.97417,1026.1
20250220T0000,0.5802454,96.284004,1026.4
20250220T0100,0.84024537,96.22685,1026.5
20250220T0200,1.0802454,95.40174,1026.2
20250220T0300,1.5302454,94.25612,1026.0
20250220T0400,1.9502454,94.078476,1025.7
20250220T0500,2.6702452,92.711365,1025.8
20250220T0600,3.4202452,92.170074,1026.1
20250220T0700,3.9202452,91.683,1026.4
20250220T0800,4.4302454,92.90548,1026.8
20250220T0900,6.0602455,92.43209,1026.9
20250220T1000,8.0602455,88.62199,1027.6
20250220T1100,10.500245,83.5564,1027.2
20250220T1200,12.400246,77.66991,1026.9
20250220T1300,13.790245,72.50633,1026.2
20250220T1400,14.940246,65.88238,1025.6
20250220T1500,14.780245,67.022705,1025.5
20250220T1600,14.420245,65.67693,1025.6
20250220T1700,12.490245,75.64759,1025.9
20250220T1800,10.860246,80.01706,1026.4
20250220T1900,7.920245,90.59727,1026.6
20250220T2000,7.6202455,91.33008,1026.8
20250220T2100,7.1402454,93.93282,1026.6
20250220T2200,6.150245,95.19613,1026.8
20250220T2300,5.5902452,94.834236,1026.8
20250221T0000,5.0102453,95.8783,1026.8
20250221T0100,4.4602456,96.46477,1026.8
20250221T0200,4.2102456,96.72781,1026.7
20250221T0300,3.7202454,96.50119,1026.4
20250221T0400,3.2702456,96.13726,1026.4
20250221T0500,3.5102453,95.94302,1026.3
20250221T0600,3.5002456,95.32824,1026.2
20250221T0700,3.6402454,95.67615,1026.3
20250221T0800,4.790245,93.92297,1026.3
20250221T0900,7.0802455,89.70993,1026.0
20250221T1000,9.110246,86.48904,1025.6
20250221T1100,10.940246,82.30852,1024.8
20250221T1200,12.910245,75.10455,1023.6
20250221T1300,14.430245,67.496666,1022.6
20250221T1400,15.150246,63.462044,1021.7
20250221T1500,15.020246,63.258644,1020.9
20250221T1600,13.630245,68.39343,1020.3
20250221T1700,11.190246,78.16752,1019.7
20250221T1800,9.910245,82.2251,1019.7
20250221T1900,8.710245,86.80471,1019.6
20250221T2000,7.5102453,90.31195,1019.5
20250221T2100,7.1002455,91.79976,1019.8
20250221T2200,7.0602455,94.124054,1019.9
20250221T2300,6.540245,95.14926,1019.4
20250222T0000,6.210245,95.7991,1019.6
20250222T0100,6.0702453,96.531395,1019.5
20250222T0200,6.1602454,95.86374,1019.2
20250222T0300,5.750245,96.518524,1018.5
20250222T0400,4.9902453,96.827515,1018.4
20250222T0500,4.7402453,96.47671,1018.6
20250222T0600,5.0502453,94.67122,1019.0
20250222T0700,5.400245,93.762184,1019.4
20250222T0800,6.3902454,91.297516,1019.9
20250222T0900,8.620245,86.435104,1020.3
20250222T1000,10.550245,82.48179,1021.0
20250222T1100,12.070246,76.61564,1021.1
20250222T1200,13.340245,71.48867,1020.7
20250222T1300,14.190246,65.670425,1020.5
20250222T1400,14.800245,60.86601,1020.8
20250222T1500,15.130245,58.563847,1020.8
20250222T1600,14.190246,63.15067,1021.4
20250222T1700,12.020246,77.92682,1022.5
20250222T1800,12.360246,76.92619,1023.7
20250222T1900,10.870245,85.21558,1024.3
20250222T2000,10.580245,86.29377,1025.0
20250222T2100,10.280245,87.26876,1025.6
20250222T2200,10.220245,87.203026,1026.2
20250222T2300,9.770246,89.02637,1026.8
20250223T0000,9.140245,90.82029,1027.4
20250223T0100,8.840245,91.48546,1028.0
20250223T0200,8.430245,93.1064,1028.4
20250223T0300,7.980245,94.50074,1028.6
20250223T0400,7.940245,94.95546,1028.9
20250223T0500,7.960245,94.82575,1029.4
20250223T0600,7.710245,95.5353,1029.7
20250223T0700,7.900245,94.49651,1030.3
20250223T0800,8.570246,94.46677,1030.8
20250223T0900,9.760245,90.930626,1031.2
20250223T1000,10.740245,88.63068,1031.1
20250223T1100,11.430245,84.35875,1031.3
20250223T1200,11.970245,81.99979,1031.2
20250223T1300,12.280245,82.48687,1030.5
20250223T1400,12.520246,79.39614,1030.5
20250223T1500,12.580245,78.28179,1030.1
20250223T1600,11.770246,83.20656,1029.5
20250223T1700,10.900246,85.74295,1029.8
20250223T1800,8.740245,91.60387,1029.7
20250223T1900,7.1202455,94.91435,1030.3
20250223T2000,5.650245,97.66972,1030.4
20250223T2100,5.2802453,97.79504,1030.3
20250223T2200,4.8902454,94.12859,1030.6
20250223T2300,4.5802455,94.37692,1030.3
20250224T0000,4.1402454,96.930855,1029.7
20250224T0100,4.0802455,97.47977,1029.8
20250224T0200,4.1402454,97.27493,1029.3
20250224T0300,3.9602456,97.821785,1028.7
20250224T0400,4.2802453,97.83222,1028.2
20250224T0500,4.2602453,97.555115,1027.8
20250224T0600,4.2902455,97.55615,1027.8
20250224T0700,4.8102455,97.43646,1027.9
20250224T0800,5.8702455,96.4559,1027.7
20250224T0900,7.210245,93.54661,1027.1
20250224T1000,8.670245,91.09607,1026.8
20250224T1100,10.250245,87.325294,1026.0
20250224T1200,11.540245,82.05313,1025.6
20250224T1300,12.570246,77.43366,1024.1
20250224T1400,12.990245,74.2038,1023.4
20250224T1500,12.910245,75.10455,1022.1
20250224T1600,12.250245,78.28293,1021.5
20250224T1700,10.990245,84.76638,1021.7
20250224T1800,10.200245,88.09865,1021.5
20250224T1900,9.970245,88.49876,1021.4
20250224T2000,9.600245,88.82823,1021.8
20250224T2100,9.080245,90.00881,1021.2
20250224T2200,8.830245,88.94023,1020.9
20250224T2300,8.100245,93.14981,1020.7
20250225T0000,8.010245,92.95153,1020.4
20250225T0100,8.250245,92.20138,1019.9
20250225T0200,8.320246,91.13175,1019.2
20250225T0300,8.340245,92.017235,1018.8
20250225T0400,8.260245,93.7387,1018.1
20250225T0500,8.170245,95.42472,1017.5
20250225T0600,8.160246,95.68686,1016.9
20250225T0700,8.200246,96.2155,1016.4
20250225T0800,8.540245,95.11502,1016.1
20250225T0900,8.790245,94.348946,1016.1
20250225T1000,8.610246,96.09989,1015.4
20250225T1100,8.920245,94.2913,1015.3
20250225T1200,9.430245,91.4663,1014.6
20250225T1300,9.980246,87.11865,1013.7
20250225T1400,10.740245,81.887825,1013.2
20250225T1500,11.230246,75.3748,1012.0
20250225T1600,11.200245,72.65856,1011.5
20250225T1700,9.910245,76.2454,1011.5
20250225T1800,8.910245,78.72474,1012.9
20250225T1900,8.630245,75.168915,1013.5
20250225T2000,7.8302455,75.39475,1013.9
20250225T2100,7.3902454,76.01297,1014.4
20250225T2200,7.110245,77.32504,1014.7
20250225T2300,6.710245,77.58679,1015.3
20250226T0000,6.2802453,79.1347,1015.9
20250226T0100,5.8202453,80.889336,1016.6
20250226T0200,5.2402453,83.44705,1017.1
20250226T0300,4.880245,84.90453,1017.8
20250226T0400,4.4802456,87.44632,1018.2
20250226T0500,4.2702456,88.68413,1018.9
20250226T0600,4.2702456,90.54116,1019.6
20250226T0700,4.4702454,90.752556,1020.5
20250226T0800,4.790245,90.201256,1021.2
20250226T0900,5.440245,87.551125,1021.9
20250226T1000,5.5902452,87.81589,1022.7
20250226T1100,6.3302455,83.772285,1023.1
20250226T1200,7.1002455,79.323524,1022.8
20250226T1300,7.860245,74.8679,1022.3
20250226T1400,8.280246,70.16284,1021.8
20250226T1500,8.330246,69.230354,1021.4
20250226T1600,8.0602455,68.28751,1021.6
20250226T1700,6.880245,69.51242,1021.6
20250226T1800,4.8202453,78.95085,1022.1
20250226T1900,3.7302456,82.87675,1022.0
20250226T2000,2.5402455,85.65454,1022.1
20250226T2100,2.2302454,86.55808,1021.7
20250226T2200,2.1802454,88.33721,1021.3
20250226T2300,2.3802454,87.59083,1021.0
20250227T0000,2.6902456,87.244804,1020.8
20250227T0100,3.0802455,85.04075,1020.3
20250227T0200,3.7802453,81.632095,1019.6
20250227T0300,3.9902453,84.24158,1019.3
20250227T0400,4.170245,86.849304,1019.1
20250227T0500,4.5702453,87.76933,1019.1
20250227T0600,4.6602454,88.155815,1019.1
20250227T0700,4.8502455,88.99587,1019.5
20250227T0800,5.250245,90.43432,1020.1
20250227T0900,6.0502453,90.82242,1020.4
20250227T1000,7.110245,85.48193,1020.9
20250227T1100,8.150246,79.49034,1020.8
20250227T1200,8.680245,72.52181,1020.6
20250227T1300,8.740245,67.18218,1020.2
20250227T1400,8.850245,63.929306,1020.1
20250227T1500,8.620245,61.61744,1020.2
20250227T1600,8.3102455,63.432175,1020.6
20250227T1700,6.880245,71.18299,1020.9
20250227T1800,5.110245,79.97155,1021.6
20250227T1900,4.0102453,85.16012,1022.4
20250227T2000,3.5602455,86.34135,1022.9
20250227T2100,3.6602454,86.9155,1023.3
20250227T2200,3.5702453,89.76673,1023.4
20250227T2300,3.3702455,89.94165,1023.5
20250228T0000,3.2002454,90.12019,1023.7
20250228T0100,2.2702456,90.95189,1023.9
20250228T0200,1.3602455,91.603455,1023.7
20250228T0300,0.8702454,93.18518,1023.6
20250228T0400,0.88024545,93.52737,1023.8
20250228T0500,0.6602454,93.99231,1024.1
20250228T0600,0.6302454,94.47326,1024.5
20250228T0700,1.5902454,92.89943,1024.6
20250228T0800,2.8202453,89.30629,1025.1
20250228T0900,4.0402455,85.22528,1025.2
20250228T1000,5.380245,80.64836,1025.3
20250228T1100,6.2402453,73.92241,1025.2
20250228T1200,6.440245,68.270065,1024.6
20250228T1300,6.520245,66.91561,1024.1
20250228T1400,6.5302453,65.52232,1024.1
20250228T1500,6.460245,68.07693,1023.8
20250228T1600,6.230245,70.382195,1024.0
20250228T1700,5.0102453,78.01983,1024.3
20250228T1800,3.7402453,84.02567,1024.8
20250228T1900,3.2902455,84.76012,1025.2
20250228T2000,3.4002452,85.63815,1025.3
20250228T2100,2.9202452,87.905754,1025.3
20250228T2200,2.4802454,87.85724,1025.3
20250228T2300,1.9002454,87.66436,1025.1
20250301T0000,1.4602454,88.90766,1025.2
20250301T0100,1.5102453,89.238754,1025.5
20250301T0200,1.6202455,89.97002,1025.3
20250301T0300,2.0302453,89.35677,1025.8
20250301T0400,2.1702454,88.85216,1026.1
20250301T0500,2.2002454,88.27506,1026.3
20250301T0600,2.3602452,87.079834,1026.6
20250301T0700,2.5302453,85.77818,1027.0
20250301T0800,3.1402454,80.82396,1027.5
20250301T0900,4.0802455,78.597984,1027.7
20250301T1000,5.2402453,74.31684,1027.8
20250301T1100,6.290245,68.18681,1027.6
20250301T1200,7.190245,63.156334,1027.8
20250301T1300,7.610245,59.90492,1027.3
20250301T1400,7.9102454,57.79495,1027.2
20250301T1500,7.9302454,57.800327,1027.3
20250301T1600,7.4302454,59.335503,1027.7
20250301T1700,6.4102454,61.63846,1028.4
20250301T1800,5.2202454,65.97934,1028.9
20250301T1900,4.2402453,70.93402,1029.4
20250301T2000,3.3502455,76.20721,1029.8
20250301T2100,2.8002453,80.06338,1030.3
20250301T2200,3.1302452,78.090904,1030.3
20250301T2300,2.4802454,81.25412,1030.6
20250302T0000,2.0002456,82.99013,1030.8
20250302T0100,1.4502454,84.63886,1031.0
20250302T0200,1.3002454,85.307236,1031.0
20250302T0300,0.88024545,85.31507,1030.9
20250302T0400,0.5702454,85.65406,1031.0
20250302T0500,0.2402454,86.95574,1031.0
20250302T0600,-0.2697546,87.282616,1030.9
20250302T0700,0.84024537,88.450554,1031.5
20250302T0800,2.4202454,84.64502,1032.3
20250302T0900,3.6802454,80.26425,1032.2
20250302T1000,5.420245,72.858894,1032.3
20250302T1100,7.1402454,67.10696,1031.9
20250302T1200,8.470245,60.652573,1031.3
20250302T1300,9.400246,56.780945,1030.2
20250302T1400,10.000245,53.629963,1029.4
20250302T1500,10.300245,52.14267,1028.7
20250302T1600,9.770246,56.83962,1028.5
20250302T1700,6.790245,68.844,1028.7
20250302T1800,4.400245,78.25415,1028.9
20250302T1900,3.1102452,81.94736,1029.1
20250302T2000,2.0402455,86.53514,1029.3
20250302T2100,1.3202454,88.76272,1029.4
20250302T2200,0.4002454,89.25515,1029.7
20250302T2300,-0.3697546,89.972404,1029.5
20250303T0000,-0.40975457,90.035225,1029.6
20250303T0100,-0.8297546,90.86856,1029.8
20250303T0200,-1.1597546,91.040855,1029.6
20250303T0300,-1.2697546,90.89462,1029.4
20250303T0400,-1.6497546,90.65419,1029.4
20250303T0500,-1.7897545,90.16536,1029.6
20250303T0600,-1.9797546,89.53752,1029.6
20250303T0700,-0.98975456,90.24573,1029.7
20250303T0800,1.9202454,83.28399,1030.1
20250303T0900,4.4102454,77.69022,1030.2
20250303T1000,6.3502455,73.15059,1030.3
20250303T1100,8.260245,67.26562,1029.6
20250303T1200,9.820246,62.450043,1028.8
20250303T1300,11.130245,56.553707,1027.8
20250303T1400,12.130245,51.761482,1027.1
20250303T1500,12.430245,48.120506,1026.5
20250303T1600,11.990245,47.923103,1026.3
20250303T1700,9.660245,57.38656,1026.2
20250303T1800,8.290245,64.069695,1026.4
20250303T1900,6.500245,72.551735,1026.6
20250303T2000,3.3402452,82.64034,1026.7
20250303T2100,1.6502454,87.25175,1026.8
20250303T2200,0.3902454,90.513954,1026.9
20250303T2300,-0.3197546,92.88921,1027.0
20250304T0000,-0.5897546,92.79918,1027.1
20250304T0100,-0.46975458,91.172615,1026.7
20250304T0200,-0.76975465,91.009544,1026.5
20250304T0300,-0.8497546,90.39421,1026.5
20250304T0400,-0.90975463,89.98492,1026.6
20250304T0500,-0.86975455,89.52048,1026.5
20250304T0600,-1.0997546,91.72784,1026.5
20250304T0700,-0.10975462,90.26542,1026.7
20250304T0800,2.6402454,85.16946,1027.3
20250304T0900,5.8002453,76.10539,1027.1
20250304T1000,8.430245,69.796295,1027.2
20250304T1100,10.280245,63.457172,1026.8
20250304T1200,11.950245,57.66378,1026.1
20250304T1300,13.100245,51.959473,1025.2
20250304T1400,13.910245,48.85951,1025.0
20250304T1500,14.110246,45.09838,1024.7
20250304T1600,13.430245,49.84566,1024.7
20250304T1700,11.700245,52.31164,1024.9
20250304T1800,8.530246,65.89836,1025.3
20250304T1900,7.0302453,72.036224,1025.6
20250304T2000,3.8502455,79.65227,1025.7
20250304T2100,2.7502456,80.88063,1025.5
20250304T2200,1.6602454,84.35654,1025.8
20250304T2300,1.0602454,86.16093,1025.9
20250305T0000,0.7102454,87.141014,1025.9
20250305T0100,0.5002454,87.051544,1026.0
20250305T0200,0.2602454,86.50796,1025.9
20250305T0300,0.100245416,86.68094,1026.0
20250305T0400,-0.23975462,87.8725,1026.2
20250305T0500,-0.60975456,88.81715,1026.4
20250305T0600,-0.6697546,89.67479,1026.7
20250305T0700,0.35024542,89.84492,1027.1
20250305T0800,3.6702452,82.448715,1027.2
20250305T0900,7.020245,74.07312,1027.2
20250305T1000,10.280245,67.43183,1026.8
20250305T1100,12.600245,60.491035,1026.3
20250305T1200,14.530245,53.20703,1025.4
20250305T1300,15.880245,46.29577,1024.5
20250305T1400,16.710245,41.427284,1024.1
20250305T1500,17.030245,36.758198,1023.7
20250305T1600,16.340246,44.76071,1023.4
20250305T1700,13.410245,45.87174,1023.4
20250305T1800,9.870245,57.112774,1023.5
20250305T1900,6.8502455,67.6249,1023.6
20250305T2000,4.3302455,78.12865,1023.7
20250305T2100,3.2902455,82.81352,1023.8
20250305T2200,3.0802455,84.73251,1024.0
20250305T2300,2.3002453,86.946014,1024.2
20250306T0000,1.7402455,88.54798,1024.0
20250306T0100,1.2502453,88.43028,1024.0
20250306T0200,0.7902454,90.418816,1023.8
20250306T0300,0.4202454,91.72456,1023.7
20250306T0400,0.20024541,92.929634,1023.5
20250306T0500,-0.33975458,94.0618,1023.4
20250306T0600,-0.5797546,94.7432,1023.4
20250306T0700,1.1302454,89.79046,1023.7
20250306T0800,5.040245,80.827614,1023.8
20250306T0900,9.3102455,68.271645,1023.7
20250306T1000,12.400246,58.559994,1023.0
20250306T1100,14.670245,49.66866,1022.5
20250306T1200,16.360247,44.483345,1021.6
20250306T1300,17.430244,40.364883,1020.5
20250306T1400,18.120245,37.134968,1020.0
20250306T1500,18.380245,33.98911,1019.7
20250306T1600,17.600245,36.325584,1019.4
20250306T1700,15.620245,43.922794,1019.5
20250306T1800,12.630245,53.1353,1019.7
20250306T1900,9.280245,62.944134,1019.8
20250306T2000,6.8702455,71.28329,1020.1
20250306T2100,5.880245,75.7923,1020.1
20250306T2200,3.8502455,83.73745,1020.2
20250306T2300,3.1902456,86.92382,1020.5
20250307T0000,2.6302452,91.44516,1020.7
20250307T0100,2.3102455,92.34961,1020.8
20250307T0200,1.8102454,93.86485,1020.9
20250307T0300,1.1302454,95.057785,1020.9
20250307T0400,0.97024536,94.97899,1020.9
20250307T0500,0.7302454,96.08093,1020.9
20250307T0600,0.8002454,95.24663,1020.8
20250307T0700,2.5102453,89.46972,1021.0
20250307T0800,6.5302453,79.28812,1021.1
20250307T0900,9.910245,68.162186,1021.0
20250307T1000,12.790245,59.11461,1020.2
20250307T1100,14.710245,51.784763,1019.6
20250307T1200,15.790245,46.959423,1018.7
20250307T1300,16.470245,43.58298,1017.4
20250307T1400,16.830246,42.20309,1016.7
20250307T1500,16.740246,41.28943,1016.2
20250307T1600,15.900246,44.474884,1015.8
20250307T1700,13.210245,55.13191,1015.9
20250307T1800,12.140245,56.5016,1016.0
20250307T1900,10.000245,64.79963,1016.2
20250307T2000,7.270245,73.38439,1016.1
20250307T2100,5.150245,79.920456,1016.1
20250307T2200,4.710245,77.237595,1016.1
20250307T2300,4.0002456,81.13473,1016.1
20250308T0000,3.3202453,83.17971,1015.8
20250308T0100,2.7302456,83.88758,1016.0
20250308T0200,2.2202454,85.86453,1015.4
20250308T0300,1.9702454,85.95885,1015.3
20250308T0400,1.6802454,86.36469,1015.1
20250308T0500,1.2302454,86.691055,1015.1
20250308T0600,1.0002453,86.34422,1014.9
20250308T0700,2.2802453,84.87417,1015.0
20250308T0800,5.8002453,75.179756,1015.2
20250308T0900,9.330245,65.1963,1015.1
20250308T1000,12.530245,55.33896,1014.2
20250308T1100,14.8102455,47.41045,1013.3
20250308T1200,16.390245,41.924423,1012.3
20250308T1300,17.390245,37.610588,1011.3
20250308T1400,17.980246,34.832912,1010.3
20250308T1500,18.050245,33.818333,1009.6
20250308T1600,17.500246,35.37054,1008.9
20250308T1700,15.290245,39.75738,1008.6
20250308T1800,11.120245,55.47028,1008.6
20250308T1900,8.650246,65.64399,1008.3
20250308T2000,6.9302454,73.0034,1008.4
20250308T2100,5.6202455,77.397896,1008.4
20250308T2200,5.2002454,77.99623,1008.0
20250308T2300,4.4402456,80.15323,1007.9
20250309T0000,4.170245,81.33721,1007.6
20250309T0100,3.7102456,81.62151,1007.6
20250309T0200,3.5302453,83.5722,1007.4
20250309T0300,3.5302453,83.93635,1006.9
20250309T0400,2.9502454,85.83064,1006.4
20250309T0500,2.1002455,86.416046,1006.2
20250309T0600,1.9502454,85.20427,1006.1
20250309T0700,3.3002453,84.76143,1006.4
20250309T0800,7.0702453,72.926704,1006.1
20250309T0900,10.610246,58.92947,1005.8
20250309T1000,13.660245,50.624527,1005.0
20250309T1100,15.5602455,44.723137,1004.1
20250309T1200,17.140245,40.565857,1003.1
20250309T1300,18.020245,37.610058,1002.4
20250309T1400,18.310246,36.56229,1001.8
20250309T1500,18.140245,37.1145,1001.3
20250309T1600,17.530245,43.555,1000.9
20250309T1700,14.200245,55.70724,1000.7
20250309T1800,11.360246,65.16259,1000.3
20250309T1900,9.660245,73.225815,1000.1
20250309T2000,8.120246,78.15562,1000.3
20250309T2100,7.250245,83.129776,1000.3
20250309T2200,6.860245,81.79545,1000.6
20250309T2300,6.4702454,83.43585,999.9
20250310T0000,5.770245,84.896225,999.1
20250310T0100,6.3302455,84.30777,999.0
20250310T0200,6.520245,82.67825,998.6
20250310T0300,7.3502455,76.22203,998.6
20250310T0400,8.480246,76.691666,999.0
20250310T0500,8.840245,82.70731,999.3
20250310T0600,9.140245,84.894806,1000.3
20250310T0700,9.480246,85.22879,1001.8
20250310T0800,9.750245,86.79655,1003.2
20250310T0900,9.910245,88.13081,1003.8
20250310T1000,10.000245,87.4193,1004.4
20250310T1100,10.170245,85.25092,1004.6
20250310T1200,11.040245,79.55141,1004.5
20250310T1300,11.880245,74.71637,1004.1
20250310T1400,12.610246,69.9853,1003.8
20250310T1500,13.150246,66.62052,1003.6
20250310T1600,13.210245,66.221794,1003.7
20250310T1700,10.890245,79.96664,1003.9
20250310T1800,8.340245,86.9454,1004.4
20250310T1900,6.0802455,95.79319,1004.4
20250310T2000,4.8002453,99.72489,1004.5
20250310T2100,4.0202456,99.85279,1004.9
20250310T2200,4.0202456,99.85279,1005.3
20250310T2300,3.3202453,99.84092,1005.0
20250311T0000,3.0402455,99.835945,1004.7
20250311T0100,2.9302454,99.33642,1004.8
20250311T0200,3.3602452,97.871475,1004.2
20250311T0300,3.4702454,96.49019,1003.7
20250311T0400,3.5702453,95.74088,1003.8
20250311T0500,3.6002455,95.33355,1003.9
20250311T0600,3.4702454,95.94108,1004.0
20250311T0700,4.670245,93.384636,1004.1
20250311T0800,6.9902453,90.078636,1004.4
20250311T0900,9.800245,82.38041,1004.4
20250311T1000,11.680245,74.68032,1003.9
20250311T1100,12.790245,69.06576,1003.4
20250311T1200,13.710245,63.29904,1002.4
20250311T1300,14.080245,59.564972,1001.6
20250311T1400,14.280245,57.22359,1001.0
20250311T1500,14.140245,59.415054,1000.4
20250311T1600,12.960245,66.21171,1000.5
20250311T1700,11.900246,70.0327,1000.7
20250311T1800,10.780245,77.618454,1000.7
20250311T1900,9.330245,83.11787,1000.9
20250311T2000,8.850245,84.97746,1000.7
20250311T2100,8.300245,87.85027,1000.6
20250311T2200,7.4102454,93.17055,1000.2
20250311T2300,7.480245,93.23957,1000.0
20250312T0000,7.880245,92.43071,999.8
20250312T0100,7.9302454,92.882195,999.6
20250312T0200,7.190245,95.049545,998.9
20250312T0300,7.210245,95.31425,998.3
20250312T0400,7.130245,96.50589,998.2
20250312T0500,7.230245,96.04364,998.3
20250312T0600,7.3102455,95.980606,998.7
20250312T0700,7.3102455,95.319016,998.8
20250312T0800,7.380245,94.53415,999.1
20250312T0900,7.480245,92.65978,999.1
20250312T1000,7.440245,92.080284,999.8
20250312T1100,7.630245,91.01455,999.6
20250312T1200,7.8502455,89.903145,999.1
20250312T1300,8.170245,86.32503,998.8
20250312T1400,8.080246,80.7729,998.7
20250312T1500,7.940245,84.099976,998.2
20250312T1600,7.6402454,87.11229,998.2
20250312T1700,7.400245,89.177666,998.3
20250312T1800,6.5702453,95.28336,998.4
20250312T1900,6.540245,95.41467,998.6
20250312T2000,6.2602453,95.86823,998.4
20250312T2100,6.0602455,95.792274,998.4
20250312T2200,5.7402453,97.39983,998.0
20250312T2300,5.7202454,96.78788,997.5
20250313T0000,5.520245,96.50916,997.0
20250313T0100,5.3402452,95.893585,996.5
20250313T0200,5.3702455,95.69304,995.7
20250313T0300,5.4502454,94.62688,995.3
20250313T0400,5.400245,93.96047,994.9
20250313T0500,5.270245,94.15139,995.2
20250313T0600,4.9102454,94.797165,995.0
20250313T0700,5.0802455,93.8746,995.5
20250313T0800,5.2802453,94.08566,996.1
20250313T0900,5.710245,92.667404,996.5
20250313T1000,7.130245,79.66602,996.1
20250313T1100,8.040245,74.372856,996.5
20250313T1200,8.780245,72.49038,996.5
20250313T1300,8.680245,69.75038,996.9
20250313T1400,7.9102454,68.646324,997.4
20250313T1500,7.170245,68.630745,997.7
20250313T1600,6.360245,68.69884,998.4
20250313T1700,5.4702454,71.247665,999.6
20250313T1800,4.860245,72.53361,1000.5
20250313T1900,4.3402452,75.12116,1001.4
20250313T2000,4.150245,74.97527,1002.0
20250313T2100,3.7902455,76.90445,1002.5
20250313T2200,3.1702452,81.06495,1002.9
20250313T2300,2.8702455,82.51146,1003.1
20250314T0000,3.0102453,81.21772,1003.5
20250314T0100,3.3402452,80.50259,1003.8
20250314T0200,3.0102453,82.05194,1003.5
20250314T0300,2.8502455,83.11276,1003.4
20250314T0400,2.5902452,84.605934,1003.6
20250314T0500,2.2902455,86.628456,1003.8
20250314T0600,1.6402454,90.895615,1004.3
20250314T0700,2.6402454,90.00247,1004.8
20250314T0800,3.7802453,85.130806,1005.2
20250314T0900,4.920245,75.77887,1005.3
20250314T1000,5.3202453,71.57961,1005.4
20250314T1100,6.1202455,68.34681,1005.5
20250314T1200,6.630245,66.60196,1005.5
20250314T1300,6.9502454,65.28977,1005.3
20250314T1400,6.880245,66.563576,1005.5
20250314T1500,6.4902453,70.437744,1005.9
20250314T1600,6.1402454,71.85387,1006.1
20250314T1700,5.5802455,73.52707,1006.8
20250314T1800,5.1202455,74.6716,1007.2
20250314T1900,4.8302455,75.43303,1007.6
20250314T2000,4.610245,76.384,1008.0
20250314T2100,4.0802455,78.712296,1008.0
20250314T2200,4.2002454,78.10617,1008.1
20250314T2300,4.0702453,79.28441,1007.9
20250315T0000,3.8702455,80.93833,1008.3
20250315T0100,3.9202452,80.88742,1008.2
20250315T0200,4.0802455,80.61979,1007.9
20250315T0300,4.0102453,82.141,1007.8
20250315T0400,3.9402456,83.81028,1007.9
20250315T0500,3.8902454,84.716,1008.2
20250315T0600,3.7602453,85.68294,1008.5
20250315T0700,3.9502454,86.077515,1008.7
20250315T0800,4.380245,84.051285,1008.9
20250315T0900,4.880245,84.48022,1009.1
20250315T1000,5.5902452,84.15166,1009.6
20250315T1100,6.130245,79.84771,1009.5
20250315T1200,6.420245,78.31552,1010.1
20250315T1300,6.540245,79.12062,1009.6
20250315T1400,6.630245,78.01658,1009.2
20250315T1500,6.8002453,77.547005,1009.3
20250315T1600,6.860245,77.88909,1009.7
20250315T1700,6.7002454,78.362404,1009.9
20250315T1800,6.500245,79.0578,1010.8
20250315T1900,6.150245,81.28603,1011.4
20250315T2000,5.9502454,82.89259,1011.8
20250315T2100,5.7402453,84.4111,1011.9
20250315T2200,5.500245,85.58989,1012.4
20250315T2300,5.400245,86.55731,1012.3
20250316T0000,4.9302454,89.00375,1012.4
20250316T0100,4.960245,89.0067,1012.5
20250316T0200,4.9102454,89.57324,1012.5
20250316T0300,4.690245,89.87185,1012.9
20250316T0400,4.6402454,89.93124,1013.5
20250316T0500,4.5802455,90.24656,1014.1
20250316T0600,4.4602456,90.10718,1014.5
20250316T0700,4.4102454,89.398056,1015.1
20250316T0800,4.380245,89.012825,1015.7
20250316T0900,4.5802455,90.31086,1016.1
20250316T1000,4.900245,89.3179,1016.8
20250316T1100,5.150245,88.583855,1017.0
20250316T1200,5.3102455,86.17821,1017.2
20250316T1300,5.3002453,86.85416,1017.5
20250316T1400,4.9902453,89.83567,1017.9
20250316T1500,4.750245,91.814125,1018.2
20250316T1600,4.7202454,90.90323,1018.4
20250316T1700,4.5402455,91.01739,1019.0
20250316T1800,4.400245,92.04835,1019.9
20250316T1900,4.2102456,93.420334,1020.9
20250316T2000,4.1902456,94.08587,1021.3
20250316T2100,4.2902455,94.29276,1021.6
20250316T2200,4.360245,93.896095,1022.0
20250316T2300,4.2702456,94.62698,1022.2
20250317T0000,4.4502454,93.835144,1022.1
20250317T0100,4.4902453,93.83766,1022.5
20250317T0200,4.3402452,94.228836,1022.4
20250317T0300,3.9102454,94.20265,1022.2
20250317T0400,3.9402456,94.00335,1022.4
20250317T0500,3.0502453,95.440765,1022.5
20250317T0600,3.0402455,94.894455,1022.7
20250317T0700,3.4102454,92.56675,1023.4
20250317T0800,4.4902453,86.94823,1023.4
20250317T0900,5.9902453,79.0308,1023.7
20250317T1000,7.290245,70.40518,1023.2
20250317T1100,8.330246,61.990303,1023.2
20250317T1200,9.280245,54.766823,1023.1
20250317T1300,9.830245,50.14578,1022.8
20250317T1400,10.3102455,48.23528,1022.5
20250317T1500,10.180245,47.356197,1022.1
20250317T1600,9.780245,48.11444,1022.0
20250317T1700,8.580245,51.423294,1022.5
20250317T1800,6.9502454,55.657166,1023.2
20250317T1900,5.790245,58.811787,1024.3
20250317T2000,4.880245,62.62197,1024.7
20250317T2100,4.3002453,65.85613,1024.9
20250317T2200,3.8002453,67.41589,1024.6
20250317T2300,3.0702453,69.58721,1024.8
20250318T0000,2.2502456,71.40087,1024.6
20250318T0100,1.3002454,74.19328,1024.9
20250318T0200,0.3202454,76.48757,1024.9
20250318T0300,-0.49975455,78.31829,1024.7
20250318T0400,-0.88975465,79.26114,1024.7
20250318T0500,-1.3397546,80.88152,1025.2
20250318T0600,-1.2597545,81.140045,1025.7
20250318T0700,1.3002454,70.98041,1026.1
20250318T0800,3.2302456,61.964184,1026.4
20250318T0900,4.730245,58.35022,1026.2
20250318T1000,6.690245,53.241837,1026.4
20250318T1100,8.110246,50.721348,1026.1
20250318T1200,9.380245,49.032413,1025.6
20250318T1300,10.390245,47.41836,1025.1
20250318T1400,11.220245,45.189888,1024.6
20250318T1500,11.700245,43.738663,1024.2
20250318T1600,11.650246,43.182148,1023.7
20250318T1700,10.200245,49.021046,1023.6
20250318T1800,9.230246,47.353035,1023.7
20250318T1900,5.360245,64.14707,1024.2
20250318T2000,4.0202456,70.26323,1024.4
20250318T2100,2.6102452,76.06861,1024.8
20250318T2200,1.7302454,77.43969,1025.4
20250318T2300,1.0602454,79.89373,1025.8
20250319T0000,0.64024544,80.66096,1026.4
20250319T0100,0.1202454,81.54599,1026.5
20250319T0200,-0.5997546,85.69245,1026.7
20250319T0300,-1.0297546,87.91196,1026.8
20250319T0400,-1.4797546,88.921036,1026.9
20250319T0500,-1.5497545,89.650276,1027.1
20250319T0600,-1.2797546,89.67849,1027.4
20250319T0700,1.5302454,80.924805,1028.1
20250319T0800,4.790245,72.572174,1028.0
20250319T0900,8.200246,65.163025,1028.2
20250319T1000,10.830245,60.644558,1027.6
20250319T1100,13.090245,52.923748,1027.0
20250319T1200,14.790245,47.069878,1026.1
20250319T1300,15.900246,40.342167,1025.4
20250319T1400,16.490246,37.85575,1024.9
20250319T1500,16.630245,36.402027,1024.4
20250319T1600,16.460245,35.289574,1024.3
20250319T1700,14.870245,41.235462,1024.1
20250319T1800,12.770246,49.978054,1024.2
20250319T1900,9.130245,63.178154,1024.7
20250319T2000,6.1602454,72.7973,1025.0
20250319T2100,5.3902454,78.25374,1025.3
20250319T2200,4.940245,78.06413,1025.5
20250319T2300,3.7502456,83.72372,1025.5
20250320T0000,2.9902453,86.39793,1025.8
20250320T0100,2.5202456,88.695145,1026.0
20250320T0200,2.1502454,90.74336,1025.8
20250320T0300,2.2402453,90.029655,1025.7
20250320T0400,2.3702455,89.84625,1025.9
20250320T0500,3.0502453,90.82371,1025.9
20250320T0600,3.6802454,89.19875,1025.8
20250320T0700,5.3002453,84.29377,1026.0
20250320T0800,7.770245,75.81228,1026.2
20250320T0900,11.400246,65.1262,1026.1
20250320T1000,14.210245,56.571465,1025.0
20250320T1100,16.260246,48.16143,1024.1
20250320T1200,17.830246,43.429028,1023.4
20250320T1300,19.090246,39.19993,1022.5
20250320T1400,19.900246,36.105618,1021.8
20250320T1500,19.890245,35.347054,1021.1
20250320T1600,19.090246,39.144966,1020.6
20250320T1700,16.740246,40.50508,1020.6
20250320T1800,14.080245,47.435513,1020.5
20250320T1900,11.260245,59.51814,1020.9
20250320T2000,9.580245,66.0473,1020.9
20250320T2100,8.700245,69.60622,1020.9
20250320T2200,7.3502455,77.80634,1020.7
20250320T2300,6.8402452,79.22549,1020.4
20250321T0000,6.5902452,78.96001,1019.9
20250321T0100,6.270245,80.67018,1019.4
20250321T0200,6.0702453,81.38992,1018.9
20250321T0300,5.7602453,80.64933,1018.6
20250321T0400,5.5602455,80.15789,1018.5
20250321T0500,5.790245,79.281296,1018.0
20250321T0600,6.400245,77.64425,1017.7
20250321T0700,7.6202455,80.703896,1017.7
20250321T0800,9.5602455,73.61819,1017.2
20250321T0900,11.600245,64.26632,1017.0
20250321T1000,13.590245,57.16367,1016.1
20250321T1100,15.720245,49.408123,1015.3
20250321T1200,17.560246,44.147167,1014.4
20250321T1300,18.590246,41.13606,1012.9
20250321T1400,19.010244,40.34661,1011.7
20250321T1500,19.070246,42.530453,1010.3
20250321T1600,18.430244,45.710712,1009.2
20250321T1700,16.800245,50.93119,1008.6
20250321T1800,15.130245,55.875217,1008.0
20250321T1900,14.110246,58.344875,1007.6
20250321T2000,13.220245,60.22419,1007.3
20250321T2100,12.510245,62.707363,1006.9
20250321T2200,11.550245,66.35586,1006.6
20250321T2300,11.230246,69.89416,1006.2
20250322T0000,11.240245,72.968735,1006.3
20250322T0100,11.260245,73.83544,1006.4
20250322T0200,10.890245,75.94155,1006.0
20250322T0300,10.580245,77.47838,1006.0
20250322T0400,9.790245,84.04229,1006.6
20250322T0500,9.250245,86.087975,1007.3
20250322T0600,9.700245,84.03103,1007.8
20250322T0700,11.300245,79.75451,1007.7
20250322T0800,14.520246,68.53388,1007.2
20250322T0900,16.490246,57.86974,1007.0
20250322T1000,18.090246,54.680218,1005.8
20250322T1100,19.150246,50.1208,1004.8
20250322T1200,19.440245,46.761475,1004.4
20250322T1300,19.870245,43.50541,1003.8
20250322T1400,19.830246,41.930637,1002.9
20250322T1500,20.020245,40.41628,1002.0
20250322T1600,19.410246,43.493183,1001.3
20250322T1700,17.390245,52.553883,1001.2
20250322T1800,14.720245,58.62178,1001.0
20250322T1900,13.590245,64.23915,1001.0
20250322T2000,12.480246,71.07473,1000.5
20250322T2100,11.860246,74.558975,1000.4
20250322T2200,11.290245,75.95881,1000.7
20250322T2300,10.830245,79.41012,1001.2
20250323T0000,10.780245,79.84033,1001.3
20250323T0100,10.180245,83.975555,1001.8
20250323T0200,9.940246,85.869804,1002.2
20250323T0300,10.230246,82.4954,1002.8
20250323T0400,10.460245,77.72667,1003.5
20250323T0500,10.460245,77.03103,1004.2
20250323T0600,9.900246,82.28044,1005.1
20250323T0700,9.820246,86.2698,1005.8
20250323T0800,10.390245,85.86148,1006.2
20250323T0900,11.520246,78.86553,1006.7
20250323T1000,12.190246,76.21816,1006.9
20250323T1100,13.430245,68.72689,1006.8
20250323T1200,14.400246,62.594913,1006.6
20250323T1300,15.0602455,57.38557,1006.4
20250323T1400,15.570246,54.841267,1006.3
20250323T1500,15.790245,51.937668,1006.1
20250323T1600,15.630245,52.65762,1006.1
20250323T1700,15.150246,52.820477,1006.2
20250323T1800,14.230246,55.288795,1006.9
20250323T1900,12.040245,66.05098,1008.1
20250323T2000,10.670245,72.859406,1008.8
20250323T2100,9.270246,81.90944,1009.3
20250323T2200,10.380245,81.61331,1009.8
20250323T2300,9.230246,86.20454,1010.3
20250324T0000,8.170245,89.248764,1010.4
20250324T0100,8.140245,90.24001,1010.3
20250324T0200,7.770245,92.29533,1010.4
20250324T0300,7.7202454,93.8366,1010.3
20250324T0400,7.360245,94.926506,1010.7
20250324T0500,7.2002454,95.18183,1011.2
20250324T0600,7.690245,93.89972,1012.1
20250324T0700,8.630245,92.29113,1012.7
20250324T0800,10.130245,88.09188,1013.2
20250324T0900,11.470245,83.792465,1013.7
20250324T1000,12.870245,76.54135,1013.9
20250324T1100,13.8102455,71.385895,1013.8
20250324T1200,14.660245,66.54205,1013.5
20250324T1300,15.020246,63.258644,1013.3
20250324T1400,14.650246,59.54291,1013.3
20250324T1500,14.420245,60.31328,1013.7
20250324T1600,14.540245,61.391605,1014.4
20250324T1700,13.680245,65.781654,1014.5
20250324T1800,12.480246,70.636154,1015.5
20250324T1900,11.490245,78.376465,1016.2
20250324T2000,12.070246,75.93744,1016.8
20250324T2100,11.610246,78.93349,1017.3
20250324T2200,9.640245,87.14303,1017.0
20250324T2300,8.650246,90.969215,1017.5
20250325T0000,8.400246,91.70508,1017.7
20250325T0100,7.7802453,92.74405,1017.7
20250325T0200,7.5102453,93.954285,1017.3
20250325T0300,7.290245,93.74635,1017.6
20250325T0400,6.8302455,94.11088,1018.1
20250325T0500,6.230245,95.33315,1018.5
20250325T0600,6.3502455,95.33902,1018.8
20250325T0700,7.920245,91.98725,1019.2
20250325T0800,10.540245,85.00291,1019.6
20250325T0900,12.580245,76.962685,1019.8
20250325T1000,14.040245,72.40624,1020.0
20250325T1100,14.990245,66.6594,1019.5
20250325T1200,14.960245,64.07104,1019.5
20250325T1300,15.170245,62.905853,1018.9
20250325T1400,15.0602455,62.45135,1018.6
20250325T1500,15.120245,61.447556,1018.0
20250325T1600,14.620245,61.368767,1018.0
20250325T1700,13.490245,69.16429,1018.5
20250325T1800,11.790245,79.447815,1019.2
20250325T1900,10.770246,82.56776,1020.1
20250325T2000,11.380245,79.82113,1020.0
20250325T2100,11.500245,79.18682,1020.2
20250325T2200,10.170245,84.43657,1020.2
20250325T2300,10.090245,84.25312,1020.1
20250326T0000,9.460245,85.81556,1019.9
20250326T0100,9.670245,84.20115,1019.7
20250326T0200,9.630245,85.3638,1019.7
20250326T0300,9.420245,86.10699,1019.7
20250326T0400,9.190246,87.09595,1019.8
20250326T0500,7.9902453,89.23226,1020.0
20250326T0600,7.650245,90.38655,1020.3
20250326T0700,9.150246,84.36935,1020.6
20250326T0800,10.280245,78.23648,1020.9
20250326T0900,11.280245,70.14798,1021.1
20250326T1000,11.970245,68.60726,1021.1
20250326T1100,12.530245,66.06959,1021.0
20250326T1200,12.300245,66.017815,1020.6
20250326T1300,11.840245,69.82672,1020.4
20250326T1400,11.380245,72.69322,1020.3
20250326T1500,11.040245,76.493385,1020.3
20250326T1600,10.640245,79.27169,1020.1
20250326T1700,10.120245,82.70789,1020.5
20250326T1800,9.690246,85.13622,1020.8
20250326T1900,9.400246,86.87864,1021.4
20250326T2000,9.150246,87.875,1021.5
20250326T2100,8.950245,88.219124,1021.7
20250326T2200,8.730246,89.60791,1021.6
20250326T2300,8.580245,88.24383,1021.3
20250327T0000,8.400246,86.710976,1021.3
20250327T0100,8.140245,86.021965,1020.7
20250327T0200,7.7002454,85.85144,1020.4
20250327T0300,7.2602453,85.86025,1020.2
20250327T0400,6.920245,85.27902,1020.3
20250327T0500,6.7402453,86.22283,1020.1
20250327T0600,6.9302454,86.18413,1020.0
20250327T0700,7.940245,83.455765,1020.2
20250327T0800,9.180245,76.544716,1020.0
20250327T0900,10.270246,69.69342,1019.9
20250327T1000,11.160245,63.757774,1019.3
20250327T1100,12.120245,59.77934,1018.7
20250327T1200,12.710245,57.456497,1018.0
20250327T1300,13.300245,55.702057,1017.4
20250327T1400,13.710245,53.96153,1016.8
20250327T1500,13.890245,51.958817,1016.5
20250327T1600,13.550245,52.6029,1016.4
20250327T1700,12.430245,57.545296,1016.5
20250327T1800,9.650246,68.20144,1016.6
20250327T1900,8.390245,71.443825,1016.9
20250327T2000,7.6602454,73.4082,1016.9
20250327T2100,6.6002455,76.08706,1016.8
20250327T2200,5.730245,78.4238,1016.5
20250327T2300,5.8702455,77.998886,1016.1
20250328T0000,4.900245,81.976295,1015.6
20250328T0100,4.3902454,83.75083,1015.3
20250328T0200,4.1902456,84.694,1015.0
20250328T0300,4.0802455,85.29173,1014.8
20250328T0400,4.0202456,85.90035,1014.6
20250328T0500,3.0802455,88.49724,1014.4
20250328T0600,2.9502454,90.74939,1014.5
20250328T0700,5.610245,84.69509,1014.4
20250328T0800,8.010245,76.33949,1014.2
20250328T0900,9.770246,69.29439,1013.8
20250328T1000,11.190246,65.214714,1013.2
20250328T1100,12.080245,62.82323,1012.4
20250328T1200,13.300245,58.3814,1011.7
20250328T1300,14.020246,56.838024,1010.8
20250328T1400,14.530245,55.600636,1010.2
20250328T1500,14.870245,53.56078,1009.6
20250328T1600,14.720245,52.776676,1009.5
20250328T1700,14.020246,67.50068,1009.6
20250328T1800,14.000245,51.007915,1009.5
20250328T1900,11.020246,67.54808,1009.8
20250328T2000,10.180245,70.90631,1010.2
20250328T2100,9.740245,71.91872,1010.2
20250328T2200,9.640245,76.464325,1010.5
20250328T2300,9.500245,77.513504,1010.5
20250329T0000,9.260245,80.052284,1010.7
20250329T0100,8.850245,81.90736,1010.5
20250329T0200,8.630245,83.25623,1010.3
20250329T0300,8.380245,83.74668,1010.6
20250329T0400,8.300245,84.851845,1010.9
20250329T0500,8.240246,86.212975,1011.7
20250329T0600,8.410246,86.53181,1012.8
20250329T0700,8.540245,87.208084,1013.8
20250329T0800,8.390245,88.71495,1014.7
20250329T0900,8.490246,90.02064,1015.4
20250329T1000,9.200245,84.90203,1016.6
20250329T1100,10.080245,80.065384,1017.0
20250329T1200,10.600245,76.20668,1017.1
20250329T1300,10.990245,72.66843,1017.3
20250329T1400,11.320246,71.533,1017.5
20250329T1500,11.190246,72.104866,1017.8
20250329T1600,11.120245,71.94124,1018.1
20250329T1700,10.910245,71.00516,1018.6
20250329T1800,10.540245,68.63564,1019.2
20250329T1900,9.580245,70.83314,1020.1
20250329T2000,8.260245,75.41991,1020.4
20250329T2100,7.1202455,79.43916,1020.6
20250329T2200,6.110245,86.45489,1021.0
20250329T2300,5.250245,87.530556,1020.8
20250330T0000,5.920245,85.27723,1021.0
20250330T0100,5.650245,85.425835,1021.0
20250330T0200,5.250245,85.92597,1021.1
20250330T0300,5.0602455,86.518036,1021.5
20250330T0400,4.7002454,87.6581,1021.5
20250330T0500,3.1802454,90.96603,1021.8
20250330T0600,2.7402453,93.38705,1022.0
20250330T0700,5.7802453,86.478195,1021.9
20250330T0800,8.8102455,75.99859,1021.9
20250330T0900,11.160245,64.47919,1021.9
20250330T1000,12.760245,55.283527,1021.6
20250330T1100,13.940246,48.315308,1020.9
20250330T1200,14.540245,45.09563,1020.8
20250330T1300,14.530245,44.803738,1019.5
20250330T1400,14.380245,45.958492,1019.8
20250330T1500,13.750245,48.883213,1019.6
20250330T1600,13.110246,53.64593,1019.7
20250330T1700,12.5602455,58.108704,1020.3
20250330T1800,11.890245,62.207718,1020.8
20250330T1900,10.860246,67.13536,1021.9
20250330T2000,9.980246,71.916115,1022.0
20250330T2100,9.570246,73.671684,1022.2
20250330T2200,9.530245,74.49412,1021.8
20250330T2300,8.970245,76.50817,1021.6
20250331T0000,8.660245,75.91851,1021.8
20250331T0100,8.510245,75.57173,1021.8
20250331T0200,7.750245,76.998314,1021.7
20250331T0300,7.3402452,77.20027,1022.0
20250331T0400,7.4702454,75.81178,1022.4
20250331T0500,7.3402452,76.16612,1022.7
20250331T0600,7.3902454,76.33751,1023.5
20250331T0700,8.410246,71.75267,1023.7
20250331T0800,9.5602455,62.252327,1024.7
20250331T0900,10.120245,58.424007,1024.8
20250331T1000,10.570246,57.42272,1025.2
20250331T1100,11.050245,55.65007,1024.8
20250331T1200,11.370245,54.476482,1024.9
20250331T1300,11.610246,53.003674,1024.5
20250331T1400,11.770246,51.73419,1024.1
20250331T1500,11.860246,51.095222,1024.4
20250331T1600,11.450245,50.466534,1025.0
20250331T1700,10.670245,50.53509,1024.9
20250331T1800,9.360246,53.723648,1025.4
20250331T1900,8.260245,57.552563,1026.1
20250331T2000,7.750245,60.511173,1026.2
20250331T2100,7.110245,63.551014,1026.1
20250331T2200,5.670245,71.54879,1025.4
20250331T2300,4.8702455,74.19094,1024.9
20250401T0000,4.2002454,76.25323,1024.4
20250401T0100,3.6302452,78.06403,1023.8
20250401T0200,3.0902452,80.16916,1023.6
20250401T0300,2.8902454,81.19906,1023.1
20250401T0400,2.6902456,81.227325,1022.7
20250401T0500,2.8402452,80.18729,1022.6
20250401T0600,4.3202453,77.50535,1022.4
20250401T0700,7.170245,67.50243,1022.3
20250401T0800,8.830245,61.448803,1021.9
20250401T0900,9.940246,53.225742,1021.2
20250401T1000,10.690246,49.73962,1020.4
20250401T1100,11.340245,48.96098,1019.6
20250401T1200,11.550245,48.002945,1018.7
20250401T1300,12.100245,44.018967,1018.1
20250401T1400,12.230246,44.67154,1017.5
20250401T1500,12.390245,44.492283,1016.8
20250401T1600,12.160245,44.03692,1016.6
20250401T1700,11.510245,45.045494,1016.7
20250401T1800,10.740245,46.116947,1016.8
20250401T1900,10.290245,49.011528,1017.2
20250401T2000,9.990245,52.092487,1017.3
20250401T2100,9.5602455,55.725517,1017.0
20250401T2200,9.250245,57.984905,1017.1
20250401T2300,8.780245,60.034817,1016.9
20250402T0000,8.220245,62.637512,1016.8
20250402T0100,7.2802453,67.576096,1017.0
20250402T0200,5.8702455,75.0847,1016.6
20250402T0300,5.7202454,74.624626,1016.5
20250402T0400,5.7802453,74.905624,1016.6
20250402T0500,5.0102453,78.35839,1016.7
20250402T0600,5.0602455,80.77263,1016.9
20250402T0700,7.980245,71.9719,1017.0
20250402T0800,10.280245,65.88143,1016.9
20250402T0900,12.160245,60.891945,1016.9
20250402T1000,13.660245,56.70404,1015.9
20250402T1100,15.3102455,51.66103,1015.2
20250402T1200,16.820246,47.353252,1014.8
20250402T1300,18.020245,44.2186,1014.6
20250402T1400,18.930244,41.960697,1013.6
20250402T1500,19.400246,40.347916,1013.4
20250402T1600,19.090246,41.28208,1013.4
20250402T1700,17.680244,45.973442,1013.7
20250402T1800,15.520246,51.21623,1014.2
20250402T1900,13.960245,55.838486,1015.0
20250402T2000,12.760245,58.28319,1015.7
20250402T2100,11.210245,64.174484,1016.4
20250402T2200,9.300245,73.465385,1017.1
20250402T2300,8.370246,76.24178,1017.5
20250403T0000,7.500245,79.33139,1018.2
20250403T0100,6.440245,82.43302,1018.6
20250403T0200,5.420245,85.51926,1018.8
20250403T0300,4.9102454,85.94649,1019.2
20250403T0400,4.4302454,86.320694,1019.6
20250403T0500,3.7402453,89.78288,1020.4
20250403T0600,5.1202455,88.14118,1021.3
20250403T0700,8.550245,78.61152,1021.8
20250403T0800,11.690246,67.03833,1022.1
20250403T0900,13.760245,60.61043,1021.8
20250403T1000,15.650246,57.418476,1021.4
20250403T1100,17.170246,52.783802,1021.0
20250403T1200,18.420246,49.037796,1020.4
20250403T1300,19.500246,45.574825,1020.0
20250403T1400,20.220245,42.62711,1019.3
20250403T1500,20.490246,42.353863,1019.1
20250403T1600,20.370245,42.086723,1019.0
20250403T1700,18.830246,47.332237,1019.2
20250403T1800,15.150246,58.609272,1019.4
20250403T1900,15.070246,56.63884,1019.9
20250403T2000,12.960245,65.07701,1020.1
20250403T2100,9.700245,75.78483,1020.0
20250403T2200,8.740245,80.58935,1019.8
20250403T2300,7.3302455,85.14931,1019.8
20250404T0000,6.520245,86.684654,1019.9
20250404T0100,5.8002453,88.89995,1019.8
20250404T0200,5.0502453,90.86669,1019.7
20250404T0300,4.5302453,91.40598,1019.5
20250404T0400,4.1902456,91.50861,1019.3
20250404T0500,4.0002456,91.36249,1019.3
20250404T0600,5.3902454,89.49143,1019.5
20250404T0700,9.520246,77.032196,1019.4
20250404T0800,13.090245,65.78506,1019.4
20250404T0900,15.610246,55.885277,1018.7
20250404T1000,17.530245,51.44923,1018.1
20250404T1100,19.060246,47.82131,1017.4
20250404T1200,20.380245,44.133087,1016.4
20250404T1300,21.200245,41.4074,1016.0
20250404T1400,21.820246,39.233044,1014.8
20250404T1500,22.130245,38.283276,1014.2
20250404T1600,21.790245,38.982265,1013.9
20250404T1700,20.290245,44.746532,1013.4
20250404T1800,16.750246,56.25932,1013.6
20250404T1900,16.080246,55.89272,1013.9
20250404T2000,14.760245,59.447235,1013.6
20250404T2100,10.670245,74.29019,1013.9
20250404T2200,9.180245,80.823235,1013.7
20250404T2300,8.190246,82.792046,1013.8
20250405T0000,7.110245,85.421936,1013.9
20250405T0100,6.0602455,87.86538,1014.0
20250405T0200,5.2002454,88.588905,1013.9
20250405T0300,4.670245,89.23209,1014.0
20250405T0400,4.5302453,88.39436,1014.1
20250405T0500,4.0502453,88.407776,1014.2
20250405T0600,5.960245,84.200066,1014.5
20250405T0700,10.200245,71.258705,1014.9
20250405T0800,13.720245,59.515858,1015.1
20250405T0900,16.250246,49.97312,1014.9
20250405T1000,18.280245,43.803093,1014.7
20250405T1100,19.850245,39.450035,1014.1
20250405T1200,20.740246,36.811954,1013.5
20250405T1300,21.570246,34.8284,1012.8
20250405T1400,21.940245,33.54979,1012.4
20250405T1500,22.010244,33.49975,1012.0
20250405T1600,21.490246,35.24547,1011.6
20250405T1700,20.170246,35.205326,1011.5
20250405T1800,17.350245,44.583076,1011.9
20250405T1900,15.000245,52.448643,1012.3
20250405T2000,13.950245,54.98246,1012.5
20250405T2100,13.340245,60.044636,1013.0
20250405T2200,13.320246,61.26379,1013.1
20250405T2300,12.630245,65.09165,1013.4
20250406T0000,11.320246,68.89875,1014.2
20250406T0100,10.440246,68.42176,1014.8
20250406T0200,9.150246,67.70596,1015.6
20250406T0300,8.020246,66.348785,1016.1
20250406T0400,6.9902453,66.9756,1016.6
20250406T0500,5.940245,69.40742,1017.1
20250406T0600,7.290245,64.9463,1017.9
20250406T0700,9.070246,55.34926,1018.6
20250406T0800,10.110246,50.853218,1018.9
20250406T0900,11.210245,47.59075,1019.2
20250406T1000,12.300245,44.014626,1019.1
20250406T1100,13.250245,39.229073,1018.8
20250406T1200,14.120245,34.79015,1018.7
20250406T1300,14.710245,30.493244,1018.2
20250406T1400,15.040245,27.924122,1018.1
20250406T1500,15.0602455,26.135801,1017.9
20250406T1600,14.430245,25.579798,1017.9
20250406T1700,13.030245,28.654856,1018.4
20250406T1800,10.700245,31.122059,1018.8
20250406T1900,8.840245,35.466595,1019.9
20250406T2000,7.520245,38.689995,1020.6
20250406T2100,6.1402454,43.342598,1020.5
20250406T2200,4.6002455,51.334366,1021.0
20250406T2300,3.4802456,56.704205,1021.2
20250407T0000,2.7302456,59.899323,1021.3
20250407T0100,2.0502453,63.457134,1021.0
20250407T0200,1.2302454,67.5674,1021.0
20250407T0300,0.5702454,69.12174,1021.0
20250407T0400,0.100245416,70.499275,1021.4
20250407T0500,-0.27975458,71.603966,1021.4
20250407T0600,1.8602453,66.50315,1022.1
20250407T0700,5.130245,51.569134,1022.5
20250407T0800,7.5302453,42.69251,1022.5
20250407T0900,9.470245,39.060764,1022.6
20250407T1000,11.150246,36.073494,1022.6
20250407T1100,12.690246,34.69067,1022.2
20250407T1200,13.850245,32.878036,1021.7
20250407T1300,14.8102455,31.119806,1021.4
20250407T1400,15.470245,29.754507,1021.1
20250407T1500,15.770246,29.033916,1020.8
20250407T1600,15.570246,29.497566,1020.9
20250407T1700,14.230246,33.659748,1021.2
20250407T1800,11.140245,41.745647,1021.7
20250407T1900,8.530246,51.90319,1022.7
20250407T2000,7.8102455,53.44311,1023.3
20250407T2100,5.8002453,63.92618,1023.5
20250407T2200,5.0602455,65.40938,1023.6
20250407T2300,4.110245,68.190155,1024.1
20250408T0000,3.1702452,72.07657,1024.2
20250408T0100,2.1502454,75.02953,1024.2
20250408T0200,1.3902454,77.95556,1024.3
20250408T0300,0.7002454,80.43067,1024.4
20250408T0400,0.3302454,81.39674,1024.6
20250408T0500,0.030245423,81.714905,1024.9
20250408T0600,2.4902453,75.262726,1025.5
20250408T0700,6.3302455,59.832165,1026.0
20250408T0800,9.3102455,48.259342,1026.2
20250408T0900,11.340245,43.47039,1025.9
20250408T1000,13.030245,40.12134,1025.4
20250408T1100,14.460245,38.26479,1024.8
20250408T1200,15.620245,36.336163,1024.1
20250408T1300,16.440247,33.976616,1023.5
20250408T1400,17.200245,32.58195,1022.6
20250408T1500,17.570246,31.365808,1021.7
20250408T1600,17.520245,31.19154,1021.5
20250408T1700,16.220245,38.102577,1021.2
20250408T1800,13.270246,44.62467,1021.3
20250408T1900,11.960245,45.941753,1021.8
20250408T2000,8.950245,59.73305,1022.0
20250408T2100,6.7402453,69.38174,1021.8
20250408T2200,5.8002453,72.200554,1021.8
20250408T2300,4.4702454,78.152794,1021.7
20250409T0000,3.5502453,80.88838,1021.5
20250409T0100,2.8502455,84.026474,1021.4
20250409T0200,2.2602453,86.05783,1021.1
20250409T0300,1.8302454,87.2727,1021.0
20250409T0400,1.4002454,87.60743,1021.1
20250409T0500,1.1002455,87.96022,1021.1
20250409T0600,3.3202453,81.740555,1021.6
20250409T0700,7.1802454,70.07927,1021.7
20250409T0800,10.520246,57.615288,1022.2
20250409T0900,12.790245,50.270374,1022.0
20250409T1000,14.760245,45.742706,1021.6
20250409T1100,16.100246,41.63072,1021.2
20250409T1200,17.100245,38.173676,1020.6
20250409T1300,17.630245,37.095345,1020.2
20250409T1400,17.970245,35.790714,1019.8
20250409T1500,17.860245,35.75805,1019.8
20250409T1600,17.370245,37.283676,1020.1
20250409T1700,16.400246,36.64927,1020.7
20250409T1800,14.5602455,37.30342,1021.3
20250409T1900,12.420245,43.667362,1022.4
20250409T2000,10.280245,52.668858,1022.8
20250409T2100,8.680245,61.366657,1023.4
20250409T2200,7.860245,64.28946,1024.0
20250409T2300,6.400245,69.91151,1024.3
20250410T0000,5.3502455,73.69484,1024.6
20250410T0100,4.2802453,78.9749,1024.9
20250410T0200,3.5902452,82.37721,1024.9
20250410T0300,2.9502454,84.962105,1025.0
20250410T0400,2.7002454,86.23745,1025.2
20250410T0500,2.0102453,89.61541,1025.5
20250410T0600,4.4802456,83.162704,1026.0
20250410T0700,8.670245,70.19528,1026.5
20250410T0800,11.630245,59.067253,1026.4
20250410T0900,13.750245,53.330486,1026.2
20250410T1000,15.600245,46.280178,1025.8
20250410T1100,16.730246,42.74423,1025.3
20250410T1200,17.540245,40.683895,1024.9
20250410T1300,18.220245,39.219837,1024.2
20250410T1400,18.540245,38.247505,1023.5
20250410T1500,18.520245,38.0798,1023.2
20250410T1600,18.050245,39.08667,1023.1
20250410T1700,16.860245,39.684666,1023.2
20250410T1800,14.340245,46.473995,1023.4
20250410T1900,11.240245,60.36215,1023.9
20250410T2000,9.760245,65.38962,1024.2
20250410T2100,9.820246,64.61946,1024.3
20250410T2200,7.5502453,75.343414,1024.7
20250410T2300,6.610245,78.12444,1024.8
20250411T0000,6.2002454,79.74501,1024.5
20250411T0100,5.670245,82.03014,1023.9
20250411T0200,4.8702455,85.45162,1023.4
20250411T0300,4.2302456,88.23674,1023.3
20250411T0400,3.7302456,89.267784,1023.2
20250411T0500,3.3502455,89.74576,1023.3
20250411T0600,4.7402453,86.91451,1023.6
20250411T0700,8.420245,74.97161,1023.6
20250411T0800,11.140245,64.83791,1023.3
20250411T0900,13.630245,57.454536,1022.8
20250411T1000,15.900246,51.321373,1022.1
20250411T1100,17.660246,45.237225,1021.1
20250411T1200,19.070246,40.110867,1020.0
20250411T1300,20.100245,36.675957,1019.5
20250411T1400,20.730246,33.931835,1018.8
20250411T1500,21.010244,31.874414,1017.9
20250411T1600,20.690245,32.007866,1017.4
20250411T1700,19.200245,35.069126,1017.2
20250411T1800,15.520246,50.118275,1017.2
20250411T1900,12.640245,58.375145,1017.4
20250411T2000,10.780245,63.757057,1017.4
20250411T2100,9.230246,70.26314,1017.0
20250411T2200,8.3102455,72.80873,1016.7
20250411T2300,7.6802454,75.957344,1016.4
20250412T0000,6.7402453,78.87228,1015.8
20250412T0100,6.0302453,81.79068,1015.2
20250412T0200,5.3302455,83.63837,1014.8
20250412T0300,4.5702453,85.35321,1014.2
20250412T0400,3.9302454,87.25971,1014.1
20250412T0500,3.5402455,88.036705,1013.9
20250412T0600,6.250245,81.24315,1013.7
20250412T0700,10.750245,66.0819,1013.7
20250412T0800,14.350245,54.097145,1013.3
20250412T0900,16.960245,47.12951,1012.8
20250412T1000,18.760244,43.09535,1012.6
20250412T1100,20.370245,40.21054,1012.1
20250412T1200,21.290245,37.593815,1011.2
20250412T1300,21.600245,35.89729,1010.2
20250412T1400,21.480246,36.3145,1009.3
20250412T1500,21.730246,37.177753,1008.4
20250412T1600,21.970245,40.701103,1007.3
20250412T1700,20.820246,46.861473,1007.0
20250412T1800,18.010244,52.43358,1007.1
20250412T1900,17.260244,54.79796,1007.5
20250412T2000,15.080245,65.3776,1007.9
20250412T2100,14.930245,67.14626,1008.5
20250412T2200,15.530245,63.50695,1008.4
20250412T2300,15.800245,59.624325,1008.2
20250413T0000,13.150246,72.18729,1008.1
20250413T0100,12.910245,75.463165,1008.0
20250413T0200,13.170245,78.05708,1007.8
20250413T0300,13.840245,74.86129,1008.0
20250413T0400,13.940246,71.120735,1008.7
20250413T0500,13.720245,70.067535,1009.2
20250413T0600,13.380245,72.97295,1009.7
20250413T0700,13.710245,73.5318,1010.3
20250413T0800,13.940246,74.12359,1010.5
20250413T0900,14.360246,73.007256,1010.7
20250413T1000,14.630245,73.40257,1010.9
20250413T1100,15.090245,72.99485,1010.7
20250413T1200,15.980246,69.34654,1010.5
20250413T1300,17.140245,64.95682,1010.1
20250413T1400,17.610245,62.040062,1009.7
20250413T1500,17.980246,59.234253,1009.5
20250413T1600,18.190245,57.55474,1009.0
20250413T1700,17.270245,64.33589,1009.1
20250413T1800,16.550245,60.9164,1008.9
20250413T1900,15.5602455,65.92986,1009.8
20250413T2000,14.090245,75.66656,1010.5
20250413T2100,13.540245,80.896286,1010.7
20250413T2200,12.650246,89.27836,1010.8
20250413T2300,12.470245,91.741325,1011.2
20250414T0000,12.320246,94.021965,1011.3
20250414T0100,12.090245,96.09933,1011.2
20250414T0200,11.710245,97.11649,1011.1
20250414T0300,11.290245,97.821304,1011.0
20250414T0400,11.070246,98.53863,1011.3
20250414T0500,10.830245,98.13919,1011.4
20250414T0600,11.550245,97.50151,1011.5
20250414T0700,13.120245,93.0092,1011.5
20250414T0800,14.8102455,85.201454,1011.1
20250414T0900,16.090246,80.65883,1010.3
20250414T1000,17.050245,72.483215,1010.3
20250414T1100,18.100245,66.21654,1009.0
20250414T1200,18.970245,60.75959,1008.3
20250414T1300,19.860245,56.86193,1007.3
20250414T1400,20.470245,54.27351,1006.3
20250414T1500,20.730246,53.80003,1005.4
20250414T1600,20.560246,52.37074,1004.7
20250414T1700,19.630245,59.874134,1004.4
20250414T1800,17.080246,69.244576,1003.6
20250414T1900,14.960245,75.76347,1003.5
20250414T2000,13.440246,81.59145,1003.0
20250414T2100,12.490245,84.25775,1002.5
20250414T2200,11.660245,87.11311,1002.1
20250414T2300,10.520246,91.050125,1001.5
20250415T0000,10.340245,91.28415,1001.0
20250415T0100,10.290245,89.803665,1000.5
20250415T0200,10.020246,91.136444,1000.2
20250415T0300,9.600245,95.942696,1000.0
20250415T0400,9.630245,96.074165,999.9
20250415T0500,10.290245,95.00222,999.9
20250415T0600,11.570246,92.23602,1000.0
20250415T0700,13.170245,88.434586,1000.4
20250415T0800,13.980246,88.91734,1000.9
20250415T0900,14.090245,90.22769,1001.4
20250415T1000,14.320246,90.90069,1001.9
20250415T1100,15.030245,86.24218,1001.7
20250415T1200,16.000246,81.66133,1001.9
20250415T1300,17.550245,71.38747,1001.7
20250415T1400,18.970245,62.1912,1001.3
20250415T1500,19.320246,58.7329,1001.2
20250415T1600,19.310246,57.526432,1001.4
20250415T1700,18.750246,62.97225,1001.8
20250415T1800,17.730246,65.30489,1002.4
20250415T1900,14.750245,82.311356,1002.9
20250415T2000,15.030245,80.13856,1003.9
20250415T2100,13.130245,86.9107,1004.0
20250415T2200,13.610246,85.98031,1005.7
20250415T2300,13.230246,88.85294,1005.5
20250416T0000,12.410245,92.35112,1005.5
20250416T0100,12.230246,92.33984,1005.4
20250416T0200,11.300245,94.72933,1005.2
20250416T0300,10.780245,97.28612,1005.2
20250416T0400,10.430245,97.93312,1005.2
20250416T0500,10.570246,98.331696,1005.1
20250416T0600,11.670245,96.986015,1005.6
20250416T0700,13.280245,89.093956,1006.3
20250416T0800,13.180245,88.67135,1007.2
20250416T0900,12.920245,86.83147,1008.0
20250416T1000,12.500245,81.8495,1008.5
20250416T1100,12.080245,79.1138,1008.8
20250416T1200,11.620245,80.294205,1009.7
20250416T1300,11.350245,80.63942,1010.2
20250416T1400,11.110246,82.05068,1010.5
20250416T1500,11.010245,81.310715,1010.7
20250416T1600,10.8102455,81.89747,1010.9
20250416T1700,10.580245,84.08284,1010.9
20250416T1800,10.160245,87.61489,1010.9
20250416T1900,9.820246,91.24572,1011.2
20250416T2000,9.670245,94.01042,1011.4
20250416T2100,9.490245,95.67798,1011.6
20250416T2200,9.250245,95.733116,1011.1
20250416T2300,9.090245,96.1187,1010.5
20250417T0000,8.920245,95.91553,1010.4
20250417T0100,8.770246,95.386406,1009.8
20250417T0200,8.610246,94.404106,1009.7
20250417T0300,8.490246,94.009865,1009.3
20250417T0400,8.380245,94.32716,1008.5
20250417T0500,8.290245,94.45208,1008.9
20250417T0600,8.340245,93.87233,1008.9
20250417T0700,8.550245,93.30599,1008.8
20250417T0800,8.800245,92.239426,1009.1
20250417T0900,8.790245,91.67048,1009.1
20250417T1000,8.910245,91.17714,1008.3
20250417T1100,9.290245,89.65686,1009.2
20250417T1200,9.480246,88.87805,1009.1
20250417T1300,9.550245,89.006386,1009.4
20250417T1400,9.520246,88.03249,1009.8
20250417T1500,9.380245,88.07922,1010.4
20250417T1600,9.270246,86.208984,1011.2
20250417T1700,8.770246,87.292564,1011.9
20250417T1800,8.400246,87.3748,1012.6
20250417T1900,8.130245,87.955025,1013.3
20250417T2000,7.860245,89.15837,1014.0
20250417T2100,7.6402454,89.26203,1014.4
20250417T2200,7.5102453,89.9359,1014.5
20250417T2300,7.3102455,90.736084,1014.7
20250418T0000,7.1002455,91.09903,1014.9
20250418T0100,6.980245,90.455986,1015.2
20250418T0200,6.8402452,89.6883,1015.2
20250418T0300,6.8502455,89.43853,1015.5
20250418T0400,6.900245,88.75721,1015.8
20250418T0500,6.900245,89.25561,1016.3
20250418T0600,7.0802455,89.70993,1016.5
20250418T0700,7.3902454,87.26811,1016.6
20250418T0800,7.860245,83.91352,1016.8
20250418T0900,8.640245,78.24147,1016.7
20250418T1000,8.660245,79.625946,1017.0
20250418T1100,9.110246,76.85456,1016.5
20250418T1200,9.600245,73.47123,1016.1
20250418T1300,10.240245,72.4722,1015.4
20250418T1400,10.860246,68.560486,1015.1
20250418T1500,10.920245,68.47759,1014.8
20250418T1600,10.830245,68.74607,1014.3
20250418T1700,10.510245,70.03726,1014.0
20250418T1800,9.070246,75.88499,1013.8
20250418T1900,6.8002453,86.59421,1013.7
20250418T2000,5.2002454,93.02469,1013.3
20250418T2100,5.0802455,91.839775,1013.0
20250418T2200,3.6602454,97.1187,1013.2
20250418T2300,3.1502452,98.28439,1012.9
20250419T0000,2.7802453,99.12025,1012.2
20250419T0100,2.4602454,99.0414,1011.7
20250419T0200,2.1802454,98.112816,1011.4
20250419T0300,1.9402454,97.47008,1010.9
20250419T0400,1.6802454,97.31909,1010.8
20250419T0500,1.9602454,96.700195,1010.9
20250419T0600,4.1202455,94.08154,1010.5
20250419T0700,6.6802454,89.10997,1010.8
20250419T0800,9.330245,81.46473,1010.3
20250419T0900,11.820246,74.29597,1009.6
20250419T1000,14.040245,69.08954,1008.8
20250419T1100,16.300245,61.43774,1007.9
20250419T1200,18.090246,55.956142,1007.0
20250419T1300,19.410246,51.78277,1006.5
20250419T1400,20.280245,48.390476,1005.4
20250419T1500,20.750246,45.92828,1004.8
20250419T1600,20.870245,44.575684,1004.5
20250419T1700,20.070246,47.90715,1004.1
20250419T1800,16.240246,63.541607,1004.1
20250419T1900,13.3102455,75.68632,1004.2
20250419T2000,11.640245,81.0119,1004.3
20250419T2100,10.5602455,84.426155,1004.2
20250419T2200,9.840245,87.9433,1004.3
20250419T2300,9.100245,89.51724,1004.1
20250420T0000,8.130245,90.36411,1003.8
20250420T0100,7.3302455,93.03625,1003.3
20250420T0200,7.020245,93.080765,1003.6
20250420T0300,6.860245,93.32995,1003.7
20250420T0400,6.4702454,94.74865,1003.9
20250420T0500,7.3702455,94.011314,1004.8
20250420T0600,10.530245,84.7117,1005.8
20250420T0700,12.680245,76.19768,1007.1
20250420T0800,13.470245,69.96896,1007.6
20250420T0900,13.140245,67.588745,1008.2
20250420T1000,12.380245,69.88991,1010.0
20250420T1100,11.250245,73.986786,1010.9
20250420T1200,11.130245,73.20076,1011.7
20250420T1300,12.090245,70.5086,1011.2
20250420T1400,13.170245,67.31674,1010.6
20250420T1500,14.460245,68.05683,1010.0
20250420T1600,15.090245,60.105537,1009.5
20250420T1700,14.650246,61.672207,1009.3
20250420T1800,12.480246,70.296684,1009.4
20250420T1900,10.670245,77.439804,1009.6
20250420T2000,9.380245,82.38003,1010.1
20250420T2100,8.680245,85.31126,1010.0
20250420T2200,7.1002455,90.71882,1010.2
20250420T2300,6.880245,90.95435,1010.5
20250421T0000,7.0802455,90.90712,1010.9
20250421T0100,7.610245,91.26597,1010.9
20250421T0200,7.9902453,90.98006,1011.0
20250421T0300,8.290245,91.19234,1011.1
20250421T0400,8.390245,92.274635,1011.1
20250421T0500,8.200246,93.220276,1011.3
20250421T0600,8.880245,91.17485,1011.7
20250421T0700,10.040245,88.5658,1012.3
20250421T0800,11.510245,84.82759,1012.7
20250421T0900,12.490245,79.23018,1013.1
20250421T1000,13.270246,72.16109,1013.0
20250421T1100,13.550245,65.843025,1013.0
20250421T1200,14.140245,64.1895,1013.1
20250421T1300,14.520246,66.104225,1012.9
20250421T1400,13.5602455,73.8543,1013.4
20250421T1500,14.380245,67.67014,1013.6
20250421T1600,13.900246,69.060524,1013.9
20250421T1700,13.220245,72.34864,1014.6
20250421T1800,12.400246,75.94239,1015.2
20250421T1900,10.710245,83.41174,1016.1
20250421T2000,10.320246,85.79497,1017.0
20250421T2100,10.160245,86.13001,1017.3
20250421T2200,10.120245,88.57326,1017.6
20250421T2300,9.450245,90.34867,1017.9
20250422T0000,9.080245,91.440506,1018.1
20250422T0100,8.550245,92.47621,1018.0
20250422T0200,8.440246,93.49183,1018.1
20250422T0300,8.190246,94.4468,1018.2
20250422T0400,7.8402452,95.541176,1018.2
20250422T0500,7.920245,95.9401,1018.4
20250422T0600,9.350245,92.719124,1018.7
20250422T0700,11.880245,83.38997,1019.1
20250422T0800,14.090245,74.250786,1019.2
20250422T0900,15.410245,65.318146,1019.1
20250422T1000,16.640245,61.644073,1018.6
20250422T1100,17.180244,58.39972,1018.2
20250422T1200,17.630245,56.562885,1018.0
20250422T1300,18.060246,53.750496,1017.7
20250422T1400,18.280245,51.442066,1017.5
20250422T1500,18.360245,50.109104,1017.4
20250422T1600,18.160246,50.95405,1017.3
20250422T1700,17.320246,56.29135,1017.3
20250422T1800,15.260245,65.10733,1017.6
20250422T1900,12.780245,77.362686,1018.0
20250422T2000,11.760245,79.93241,1018.6
20250422T2100,11.300245,80.79767,1018.8
20250422T2200,9.790245,82.949265,1018.9
20250422T2300,9.330245,84.216934,1019.1
20250423T0000,8.700245,85.84741,1019.3
20250423T0100,7.2202454,91.553535,1018.6
20250423T0200,6.8002453,92.80731,1018.4
20250423T0300,6.9902453,93.46809,1018.0
20250423T0400,6.650245,94.03495,1017.6
20250423T0500,7.270245,93.745155,1017.7
20250423T0600,9.800245,88.7859,1017.5
20250423T0700,11.920245,82.0487,1017.3
20250423T0800,13.770246,77.15789,1016.9
20250423T0900,15.370245,70.92088,1016.3
20250423T1000,16.480246,66.84605,1015.7
20250423T1100,16.450245,64.23715,1014.5
20250423T1200,16.780245,62.64338,1013.7
20250423T1300,16.290245,66.94015,1012.7
20250423T1400,13.870245,79.11809,1013.2
20250423T1500,12.300245,86.418945,1013.7
20250423T1600,12.070246,85.23733,1013.9
20250423T1700,11.770246,85.607544,1013.7
20250423T1800,11.410245,87.56033,1013.9
20250423T1900,11.150246,88.90846,1014.4
20250423T2000,10.950245,87.63368,1015.4
20250423T2100,10.610246,89.22279,1015.5
20250423T2200,10.500245,92.415726,1016.4
20250423T2300,10.220245,93.2155,1016.5
20250424T0000,9.900246,93.76786,1016.4
20250424T0100,9.600245,93.687325,1016.6
20250424T0200,9.270246,95.019485,1017.1
20250424T0300,9.180245,94.49826,1017.2
20250424T0400,9.160245,93.79029,1017.3
20250424T0500,9.290245,93.6697,1017.6
20250424T0600,9.650246,93.11801,1018.3
20250424T0700,10.430245,91.29075,1018.7
20250424T0800,11.290245,85.786385,1018.5
20250424T0900,11.740245,81.857254,1018.3
20250424T1000,12.260245,76.7523,1018.6
20250424T1100,12.690246,76.51113,1018.6
20250424T1200,12.400246,76.775696,1018.6
20250424T1300,12.520246,76.900375,1018.3
20250424T1400,12.540245,74.477554,1018.1
20250424T1500,12.680245,73.14079,1017.8
20250424T1600,12.630245,75.15764,1017.5
20250424T1700,12.3102455,77.075386,1017.4
20250424T1800,11.500245,81.657364,1017.9
20250424T1900,10.780245,87.26024,1018.4
20250424T2000,10.330245,90.727295,1018.7
20250424T2100,10.3102455,92.65423,1018.6
20250424T2200,10.0602455,93.64962,1018.5
20250424T2300,10.080245,93.777824,1018.3
20250425T0000,10.200245,93.72094,1018.0
20250425T0100,10.100245,94.35255,1017.4
20250425T0200,10.0602455,93.84033,1017.1
20250425T0300,10.050245,93.33198,1016.9
20250425T0400,9.990245,92.82287,1017.1
20250425T0500,9.980246,92.8853,1017.4
20250425T0600,10.150246,92.51843,1017.7
20250425T0700,10.390245,92.97349,1018.2
20250425T0800,10.880245,92.00452,1018.5
20250425T0900,11.740245,90.590775,1018.8
20250425T1000,12.190246,89.538925,1019.1
20250425T1100,13.260245,86.00046,1019.0
20250425T1200,14.040245,79.19669,1018.7
20250425T1300,14.390245,72.96354,1018.4
20250425T1400,14.5602455,70.47497,1018.4
20250425T1500,14.190246,71.36311,1018.3
20250425T1600,14.100245,71.53944,1018.0
20250425T1700,13.780245,74.19517,1018.1
20250425T1800,12.730246,80.34665,1018.1
20250425T1900,11.470245,88.040886,1018.5
20250425T2000,11.250245,88.55744,1018.9
20250425T2100,10.370245,92.09471,1018.8
20250425T2200,9.800245,94.273186,1019.0
20250425T2300,9.300245,95.604965,1018.9
20250426T0000,8.830245,96.108574,1018.6
20250426T0100,8.580245,96.55996,1018.1
20250426T0200,8.200246,96.47993,1017.8
20250426T0300,8.220245,95.75518,1017.7
20250426T0400,8.630245,94.405174,1017.5
20250426T0500,9.510245,92.35064,1017.6
20250426T0600,10.520246,88.67068,1017.7
20250426T0700,11.480246,84.70904,1017.9
20250426T0800,12.570246,78.12087,1017.7
20250426T0900,13.550245,73.30298,1017.6
20250426T1000,13.580245,71.975204,1017.9
20250426T1100,14.210245,70.11882,1017.6
20250426T1200,14.710245,68.666695,1017.3
20250426T1300,15.070246,67.40456,1017.0
20250426T1400,15.140245,66.10603,1016.9
20250426T1500,15.100245,65.56021,1016.9
20250426T1600,15.110246,65.47332,1016.7
20250426T1700,14.540245,69.80564,1016.9
20250426T1800,13.590245,75.93951,1017.1
20250426T1900,12.100245,83.75685,1017.4
20250426T2000,11.0602455,88.360245,1017.9
20250426T2100,9.790245,92.30637,1017.9
20250426T2200,9.690246,93.183846,1018.3
20250426T2300,9.200245,94.24174,1018.3
20250427T0000,8.800245,94.672874,1018.8
20250427T0100,8.5602455,94.92064,1018.9
20250427T0200,8.850245,93.45215,1018.8
20250427T0300,8.690246,94.34368,1019.3
20250427T0400,8.390245,94.6521,1019.7
20250427T0500,8.220245,94.83877,1020.3
20250427T0600,9.400246,92.84899,1021.1
20250427T0700,11.710245,83.53836,1021.5
20250427T0800,13.640245,74.674194,1021.7
20250427T0900,15.250245,69.24466,1021.7
20250427T1000,16.740246,63.699314,1021.8
20250427T1100,17.750246,61.616344,1021.7
20250427T1200,18.510244,59.92365,1021.5
20250427T1300,18.830246,60.60485,1021.3
20250427T1400,19.030245,60.491104,1021.3
20250427T1500,18.770245,60.630985,1021.3
20250427T1600,18.700245,60.695286,1021.1
20250427T1700,18.080246,61.983906,1021.9
20250427T1800,16.600245,65.67037,1022.2
20250427T1900,14.950245,71.17381,1022.7
20250427T2000,13.640245,77.03273,1023.3
20250427T2100,13.350245,75.43708,1023.6
20250427T2200,11.850245,86.080376,1024.0
20250427T2300,10.920245,87.80935,1024.0
20250428T0000,10.010245,89.23053,1023.9
20250428T0100,8.970245,90.62002,1023.7
20250428T0200,8.180245,92.00587,1023.9
20250428T0300,7.7602453,92.48643,1024.1
20250428T0400,7.3502455,93.42552,1024.2
20250428T0500,7.110245,94.12691,1024.5
20250428T0600,10.180245,89.06331,1024.9
20250428T0700,13.0602455,78.2512,1025.2
20250428T0800,15.410245,68.81175,1025.0
20250428T0900,17.400246,62.283257,1024.7
20250428T1000,19.140245,57.56097,1024.2
20250428T1100,20.430244,54.66321,1023.8
20250428T1200,21.230246,52.094303,1023.2
20250428T1300,21.950245,50.17211,1022.8
20250428T1400,22.400246,46.984383,1022.5
20250428T1500,22.540245,44.74459,1022.3
20250428T1600,22.350245,42.509697,1022.1
20250428T1700,21.290245,42.934093,1022.3
20250428T1800,19.180244,47.235947,1022.3
20250428T1900,16.490246,56.616993,1022.8
20250428T2000,14.630245,64.21436,1023.4
20250428T2100,13.860246,67.281746,1023.6
20250428T2200,12.8102455,71.43353,1024.2
20250428T2300,11.470245,76.514046,1024.1
20250429T0000,10.470245,80.844025,1023.7
20250429T0100,10.040245,82.92521,1023.7
20250429T0200,9.270246,85.67566,1023.4
20250429T0300,8.0602455,89.30056,1023.5
20250429T0400,7.2602453,91.55659,1023.9
20250429T0500,8.280246,91.12865,1024.0
20250429T0600,11.650246,82.51569,1024.5
20250429T0700,14.840245,69.067055,1024.8
20250429T0800,17.290245,58.585876,1024.4
20250429T0900,19.120245,54.432716,1024.2
20250429T1000,20.900246,53.095425,1023.8
20250429T1100,22.250246,51.845848,1023.1
20250429T1200,23.330246,49.48495,1022.5
20250429T1300,24.150246,45.73749,1022.0
20250429T1400,24.510244,43.669426,1021.3
20250429T1500,25.120245,42.663414,1021.0
20250429T1600,24.220245,43.733845,1020.8
20250429T1700,23.260244,45.460228,1020.7
20250429T1800,20.910246,51.939766,1020.6
20250429T1900,17.180244,65.57765,1021.1
20250429T2000,16.450245,67.65184,1021.4
20250429T2100,16.130245,66.27796,1021.6
20250429T2200,13.470245,78.89815,1022.0
20250429T2300,12.650246,81.86977,1021.8
20250430T0000,11.660245,84.214905,1021.7
20250430T0100,10.630245,88.19989,1021.6
20250430T0200,9.910245,90.632774,1021.8
20250430T0300,8.800245,93.51324,1021.9
20250430T0400,7.670245,94.61488,1022.1
20250430T0500,9.030245,92.889046,1022.2
20250430T0600,12.270246,84.51603,1022.5
20250430T0700,16.130245,69.703026,1022.7
20250430T0800,18.610245,58.991745,1022.6
20250430T0900,20.540245,53.822346,1022.4
20250430T1000,22.410246,50.42963,1021.9
20250430T1100,23.720245,46.661495,1021.5
20250430T1200,25.200245,44.592968,1021.1
20250430T1300,25.300245,40.770046,1020.5
20250430T1400,25.600245,39.72651,1019.9
20250430T1500,25.710245,40.157356,1019.4
20250430T1600,25.370245,41.282032,1019.1
20250430T1700,24.410246,43.178543,1019.0
20250430T1800,20.940245,55.453747,1018.9
20250430T1900,18.270245,62.111294,1019.4
20250430T2000,17.070246,68.78313,1019.6
20250430T2100,14.990245,73.32038,1019.8
20250430T2200,12.440246,82.78697,1019.7
20250430T2300,11.390245,85.972145,1019.9
20250501T0000,10.570246,87.4173,1019.7
20250501T0100,9.470245,88.51216,1019.9
20250501T0200,9.160245,88.66543,1019.9
20250501T0300,8.990245,87.9802,1020.1
20250501T0400,9.240245,87.7028,1020.3
20250501T0500,9.440246,86.52506,1020.4
20250501T0600,12.930245,77.91344,1020.8
20250501T0700,16.910246,67.83891,1020.9
20250501T0800,20.040245,59.10459,1020.8
20250501T0900,23.000246,52.456215,1020.5
20250501T1000,24.540245,46.302013,1019.9
20250501T1100,25.920246,42.380062,1019.6
20250501T1200,26.220245,38.38957,1018.9
20250501T1300,27.400246,34.232006,1018.3
20250501T1400,27.290245,31.991375,1017.8
20250501T1500,27.890245,31.987356,1017.4
20250501T1600,27.260244,33.328934,1017.2
20250501T1700,25.930244,38.667717,1016.7
20250501T1800,22.470245,46.2227,1016.7
20250501T1900,19.850245,50.722393,1016.9
20250501T2000,15.790245,65.35862,1017.4
20250501T2100,14.230246,72.39319,1017.4
20250501T2200,11.940246,81.82892,1017.9
20250501T2300,11.260245,86.54292,1018.2
20250502T0000,11.020246,87.16615,1018.2
20250502T0100,10.860246,87.863144,1018.3
20250502T0200,10.700245,89.65544,1018.4
20250502T0300,10.640245,91.9261,1018.5
20250502T0400,10.700245,92.49113,1018.7
20250502T0500,11.510245,89.42152,1018.9
20250502T0600,14.490245,81.29821,1019.0
20250502T0700,18.140245,68.63594,1019.0
20250502T0800,21.330246,55.884632,1018.7
20250502T0900,23.400246,49.864788,1018.3
20250502T1000,25.110245,45.429558,1017.6
20250502T1100,26.570246,43.096153,1016.7
20250502T1200,26.990246,40.947254,1015.8
20250502T1300,28.180244,37.954784,1015.3
20250502T1400,28.200245,35.69497,1014.6
20250502T1500,28.580246,35.494904,1014.2
20250502T1600,27.740246,37.457245,1014.2
20250502T1700,26.020245,44.409367,1013.9
20250502T1800,22.960245,55.817337,1013.8
20250502T1900,20.260244,58.962406,1014.0
20250502T2000,19.670246,64.062096,1014.7
20250502T2100,18.810246,68.14101,1015.1
20250502T2200,17.570246,71.15584,1015.7
20250502T2300,17.890245,65.16617,1016.1
20250503T0000,18.010244,59.762123,1015.5
20250503T0100,19.390245,51.427826,1015.5
20250503T0200,19.020245,53.894573,1015.6
20250503T0300,16.290245,66.805275,1015.9
20250503T0400,15.460245,81.21373,1015.8
20250503T0500,14.690246,92.67057,1015.7
20250503T0600,15.250245,93.49015,1015.3
20250503T0700,15.950245,92.44094,1015.1
20250503T0800,17.290245,86.02133,1014.9
20250503T0900,19.490246,73.54243,1014.3
20250503T1000,21.550245,65.911385,1014.0
20250503T1100,22.730246,57.723793,1013.5
20250503T1200,24.220245,51.17821,1012.6
20250503T1300,24.870245,46.300915,1011.7
20250503T1400,24.640245,45.933365,1010.9
20250503T1500,24.880245,44.79979,1010.0
20250503T1600,24.320246,44.58496,1009.5
20250503T1700,23.690245,44.409184,1009.2
20250503T1800,21.650246,48.767406,1009.0
20250503T1900,19.370245,55.945175,1009.6
20250503T2000,18.370245,63.30559,1010.1
20250503T2100,18.340246,67.06243,1010.2
20250503T2200,16.810246,76.37284,1010.1
20250503T2300,16.500246,77.234634,1010.5
20250504T0000,15.990245,81.07106,1010.5
20250504T0100,15.390245,84.817215,1010.8
20250504T0200,14.920245,88.066055,1010.9
20250504T0300,14.470245,92.05236,1010.6
20250504T0400,13.870245,93.54233,1010.2
20250504T0500,13.780245,93.3531,1010.2
20250504T0600,14.450245,91.629196,1010.3
20250504T0700,14.730246,87.18339,1010.3
20250504T0800,14.220245,86.61651,1010.4
20250504T0900,12.980246,91.410164,1010.4
20250504T1000,12.760245,94.29366,1010.8
20250504T1100,12.630245,94.22491,1011.0
20250504T1200,12.490245,93.221,1010.7
20250504T1300,12.390245,92.10389,1010.4
20250504T1400,12.540245,89.5081,1009.8
20250504T1500,12.030245,87.79798,1009.7
20250504T1600,11.760245,86.77111,1009.7
20250504T1700,11.490245,85.86667,1009.6
20250504T1800,11.0602455,85.93588,1009.6
20250504T1900,10.790245,83.47899,1009.5
20250504T2000,10.510245,82.87333,1009.7
20250504T2100,10.360246,82.22995,1009.6
20250504T2200,10.110246,85.477974,1009.1
20250504T2300,10.040245,84.65289,1008.7
20250505T0000,9.890245,84.11264,1008.7
20250505T0100,9.520246,85.11614,1008.7
20250505T0200,9.210245,85.78708,1008.5
20250505T0300,8.930245,86.4693,1008.6
20250505T0400,8.5602455,87.87652,1008.7
20250505T0500,8.440246,89.08848,1008.9
20250505T0600,8.540245,88.79049,1009.1
20250505T0700,8.8102455,89.676674,1009.6
20250505T0800,9.210245,88.5483,1009.9
20250505T0900,9.650246,87.26376,1010.5
20250505T1000,10.130245,83.73896,1010.8
20250505T1100,10.040245,83.84273,1011.1
20250505T1200,10.3102455,83.819176,1011.3
20250505T1300,10.850245,80.89893,1011.4
20250505T1400,11.160245,80.336426,1011.4
20250505T1500,11.360246,78.14117,1011.7
20250505T1600,10.890245,78.44248,1011.8
20250505T1700,10.590245,79.373215,1011.9
20250505T1800,10.080245,79.23947,1012.3
20250505T1900,9.500245,80.92629,1012.9
20250505T2000,9.240245,81.50841,1013.3
20250505T2100,9.040245,82.44776,1013.4
20250505T2200,8.450246,83.348434,1013.6
20250505T2300,8.250245,83.43835,1013.4
20250506T0000,7.880245,84.15111,1013.3
20250506T0100,7.9102454,83.68559,1013.3
20250506T0200,8.150246,83.19246,1013.4
20250506T0300,8.220245,83.31803,1013.5
20250506T0400,8.170245,83.7779,1013.7
20250506T0500,8.490246,83.06392,1013.8
20250506T0600,9.120245,81.604546,1014.1
20250506T0700,9.840245,78.00248,1014.3
20250506T0800,10.390245,73.11038,1014.2
20250506T0900,11.280245,67.98375,1014.4
20250506T1000,11.930245,65.65911,1014.8
20250506T1100,12.230246,61.769302,1014.9
20250506T1200,12.640245,59.24239,1014.8
20250506T1300,12.980246,57.9322,1014.7
20250506T1400,13.010245,56.851753,1014.6
20250506T1500,12.830245,56.804344,1014.6
20250506T1600,12.880245,56.498413,1014.8
20250506T1700,12.650246,57.521744,1015.2
20250506T1800,12.040245,61.377174,1015.2
20250506T1900,10.510245,67.53025,1015.7
20250506T2000,9.550245,68.85736,1016.0
20250506T2100,9.150246,70.097565,1016.1
20250506T2200,9.090245,74.30786,1015.8
20250506T2300,8.290245,75.31897,1015.5
20250507T0000,8.150246,76.310394,1015.5
20250507T0100,7.5602455,78.33874,1015.1
20250507T0200,6.730245,81.5453,1014.8
20250507T0300,6.460245,83.31647,1014.8
20250507T0400,6.420245,84.55819,1014.9
20250507T0500,7.400245,82.104126,1015.0
20250507T0600,8.800245,76.317635,1015.2
20250507T0700,10.430245,69.33739,1015.0
20250507T0800,12.050245,64.057915,1014.8
20250507T0900,13.320246,58.509113,1014.5
20250507T1000,15.200245,52.320553,1014.2
20250507T1100,15.750245,50.007633,1013.8
20250507T1200,15.800245,49.465233,1013.5
20250507T1300,15.940246,49.22858,1013.2
20250507T1400,15.570246,48.780678,1013.1
20250507T1500,15.220245,51.34809,1013.3
20250507T1600,14.690246,54.30249,1013.6
20250507T1700,14.100245,57.89779,1013.9
20250507T1800,13.110246,65.38185,1014.0
20250507T1900,12.330245,67.17953,1014.2
20250507T2000,11.380245,71.89271,1014.7
20250507T2100,10.710245,75.3866,1014.5
20250507T2200,10.460245,77.56564,1014.4
20250507T2300,10.660245,75.84885,1014.0
20250508T0000,10.500245,77.09107,1013.8
20250508T0100,9.340245,82.317505,1013.7
20250508T0200,9.800245,81.026,1013.6
20250508T0300,9.380245,83.64332,1013.4
20250508T0400,9.150246,85.54364,1013.5
20250508T0500,8.620245,89.2897,1013.6
20250508T0600,9.620245,85.303925,1013.9
20250508T0700,10.950245,79.48308,1013.8
20250508T0800,12.600245,73.72864,1013.6
20250508T0900,13.900246,68.825294,1013.5
20250508T1000,14.700245,65.60501,1013.4
20250508T1100,15.980246,60.571667,1012.9
20250508T1200,16.320246,59.104546,1012.6
20250508T1300,16.010246,60.16718,1012.3
20250508T1400,15.480246,61.11505,1012.5
20250508T1500,13.990245,69.74129,1012.5
20250508T1600,14.090245,71.87791,1013.0
20250508T1700,14.110246,71.202415,1012.6
20250508T1800,13.570246,70.99938,1013.3
20250508T1900,12.390245,71.94158,1013.8
20250508T2000,11.380245,72.542534,1014.2
20250508T2100,10.190246,76.71886,1014.4
20250508T2200,8.690246,83.90318,1014.3
20250508T2300,8.070246,85.179245,1014.4
20250509T0000,7.270245,87.74475,1014.6
20250509T0100,6.9902453,89.13926,1014.5
20250509T0200,6.0902452,91.01747,1014.7
20250509T0300,5.770245,90.863,1014.9
20250509T0400,5.8202453,90.931206,1015.3
20250509T0500,6.7602453,90.374084,1015.6
20250509T0600,8.830245,84.44661,1016.3
20250509T0700,11.230246,75.53085,1016.6
20250509T0800,12.960245,65.48351,1016.4
20250509T0900,14.450245,59.74015,1016.4
20250509T1000,15.690246,52.783905,1016.2
20250509T1100,16.490246,49.417583,1015.9
20250509T1200,17.900246,46.45362,1015.8
20250509T1300,17.750246,43.89438,1015.8
20250509T1400,17.920246,44.56103,1015.6
20250509T1500,17.610245,45.444088,1015.6
20250509T1600,17.470245,45.403816,1015.8
20250509T1700,17.020245,48.376503,1016.2
20250509T1800,15.390245,56.09844,1016.6
20250509T1900,13.8102455,59.33195,1017.0
20250509T2000,12.260245,65.41497,1017.9
20250509T2100,9.800245,75.170975,1018.1
20250509T2200,7.8902454,83.274155,1018.3
20250509T2300,6.9902453,85.76834,1018.1
20250510T0000,5.8102455,87.96346,1018.2
20250510T0100,5.5102453,89.946945,1018.6
20250510T0200,4.5902452,90.698326,1018.9
20250510T0300,4.2602453,90.604935,1018.9
20250510T0400,3.9402456,90.382416,1019.2
20250510T0500,5.360245,85.75582,1019.6
20250510T0600,8.830245,74.416115,1020.1
20250510T0700,12.0602455,61.339035,1020.1
20250510T0800,14.580245,55.691387,1019.5
20250510T0900,16.250246,54.568527,1019.2
20250510T1000,17.840246,53.326935,1018.6
20250510T1100,18.610245,50.59107,1018.0
20250510T1200,20.310246,47.87626,1017.4
20250510T1300,20.400246,45.23921,1016.7
20250510T1400,21.470245,43.397552,1016.1
20250510T1500,21.550245,42.716187,1015.6
20250510T1600,21.510244,42.096867,1015.2
20250510T1700,20.510244,44.747852,1014.7
20250510T1800,18.470245,52.88007,1014.8
20250510T1900,16.840246,51.829796,1015.1
20250510T2000,15.360246,59.8428,1015.2
20250510T2100,12.100245,73.83858,1015.3
20250510T2200,10.580245,77.96139,1015.2
20250510T2300,9.450245,83.47911,1015.3
20250511T0000,8.350245,86.165504,1015.4
20250511T0100,7.730245,88.03703,1015.5
20250511T0200,7.2202454,88.85015,1015.0
20250511T0300,6.5902452,89.85441,1014.9
20250511T0400,6.400245,90.66055,1014.8
20250511T0500,7.980245,85.58513,1014.7
20250511T0600,11.450245,73.870735,1014.8
20250511T0700,14.890245,60.138832,1014.6
20250511T0800,17.190245,52.644352,1014.3
20250511T0900,19.020245,50.187675,1014.0
20250511T1000,20.290245,47.870716,1012.9
20250511T1100,21.460245,45.847603,1012.3
20250511T1200,22.480246,41.802925,1011.8
20250511T1300,23.200245,38.723904,1011.0
20250511T1400,24.030245,36.17818,1010.3
20250511T1500,24.030245,34.436794,1009.6
20250511T1600,24.090246,32.8549,1009.3
20250511T1700,23.520245,35.63774,1008.8
20250511T1800,20.530245,48.263157,1008.8
20250511T1900,17.450245,52.570084,1009.1
20250511T2000,14.000245,63.585808,1009.4
20250511T2100,12.640245,69.559296,1009.9
20250511T2200,12.200245,77.21508,1010.5
20250511T2300,13.0602455,71.629456,1011.1
20250512T0000,12.5602455,76.12535,1011.8
20250512T0100,11.610246,82.286224,1012.5
20250512T0200,10.520246,87.71045,1012.4
20250512T0300,10.290245,93.03041,1012.3
20250512T0400,9.840245,96.34276,1012.4
20250512T0500,11.360246,92.65734,1012.7
20250512T0600,13.580245,85.63409,1012.9
20250512T0700,15.050245,79.66365,1013.0
20250512T0800,16.530245,73.50118,1012.9
20250512T0900,17.450245,67.41086,1012.9
20250512T1000,18.090246,69.95238,1012.6
20250512T1100,18.130245,68.95202,1012.3
20250512T1200,18.860245,65.59479,1012.2
20250512T1300,19.000246,63.827995,1012.6
20250512T1400,18.410246,65.93268,1012.0
20250512T1500,17.620245,71.968346,1012.3
20250512T1600,16.180246,77.59333,1012.3
20250512T1700,14.840245,85.65587,1012.4
20250512T1800,13.990245,90.27971,1013.2
20250512T1900,12.970245,95.81227,1013.7
20250512T2000,12.630245,96.692184,1014.3
20250512T2100,12.300245,96.93929,1014.6
20250512T2200,12.350245,94.77693,1015.5
20250512T2300,11.780245,96.60224,1015.5
20250513T0000,11.790245,96.152954,1015.5
20250513T0100,11.430245,96.78503,1015.5
20250513T0200,11.130245,96.97047,1015.5
20250513T0300,10.970245,96.18846,1015.7
20250513T0400,10.520246,96.30192,1016.0
20250513T0500,11.030245,95.29112,1016.3
20250513T0600,12.400246,91.248146,1016.6
20250513T0700,13.920245,83.36396,1016.8
20250513T0800,14.950245,80.02072,1017.0
20250513T0900,16.380245,79.90702,1017.0
20250513T1000,17.010244,77.416374,1016.8
20250513T1100,18.580246,71.81586,1016.5
20250513T1200,19.690245,64.23549,1016.0
20250513T1300,19.930244,57.25993,1015.8
20250513T1400,20.930244,53.351883,1015.5
20250513T1500,21.460245,51.843353,1015.1
20250513T1600,21.000246,50.89621,1014.9
20250513T1700,19.920246,53.516132,1014.8
20250513T1800,18.330246,63.085922,1014.8
20250513T1900,15.180245,73.7001,1015.1
20250513T2000,14.090245,75.00631,1015.4
20250513T2100,12.910245,77.01719,1015.7
20250513T2200,11.710245,82.579704,1016.1
20250513T2300,10.440246,87.16614,1016.3
20250514T0000,9.530245,87.85244,1016.4
20250514T0100,8.870245,88.760284,1016.6
20250514T0200,7.9902453,89.728584,1016.7
20250514T0300,7.880245,89.09835,1016.8
20250514T0400,7.2402453,87.68032,1016.8
20250514T0500,8.800245,87.35603,1017.0
20250514T0600,11.930245,76.06943,1017.4
20250514T0700,15.020246,67.990456,1017.4
20250514T0800,17.650246,56.568005,1017.3
20250514T0900,19.540245,49.88756,1017.2
20250514T1000,21.080246,43.079735,1017.0
20250514T1100,21.940245,38.59857,1016.7
20250514T1200,22.470245,37.084766,1016.2
20250514T1300,23.030245,36.1129,1015.6
20250514T1400,23.280245,35.568474,1015.4
20250514T1500,24.000246,35.678223,1015.1
20250514T1600,22.920246,36.155712,1014.9
20250514T1700,22.400246,36.58189,1014.6
20250514T1800,20.710245,41.809338,1014.4
20250514T1900,19.380245,41.5973,1014.5
20250514T2000,15.990245,55.180546,1014.8
20250514T2100,13.670245,69.485855,1015.0
20250514T2200,13.730246,62.478287,1015.4
20250514T2300,12.160245,70.96188,1015.2
20250515T0000,11.070246,77.55929,1015.0
20250515T0100,10.300245,81.93958,1015.0
20250515T0200,8.910245,86.10925,1014.9
20250515T0300,8.470245,88.538704,1014.5
20250515T0400,7.8702455,88.54214,1014.4
20250515T0500,8.730246,87.711655,1014.3
20250515T0600,12.300245,80.99522,1014.3
20250515T0700,15.620245,66.84119,1014.5
20250515T0800,17.370245,58.88431,1014.5
20250515T0900,19.250246,52.80143,1014.5
20250515T1000,20.070246,49.192616,1014.4
20250515T1100,20.690245,45.911404,1014.0
20250515T1200,21.070246,41.76949,1013.9
20250515T1300,21.480246,38.919247,1013.9
20250515T1400,20.840246,36.051983,1013.5
20250515T1500,20.910246,35.37247,1013.6
20250515T1600,20.000246,35.579494,1013.6
20250515T1700,18.990246,37.57731,1013.7
20250515T1800,17.730246,36.703556,1014.5
20250515T1900,16.390245,35.47359,1015.4
20250515T2000,15.010245,36.178963,1016.5
20250515T2100,13.430245,38.797665,1017.0
20250515T2200,11.950245,43.813713,1017.2
20250515T2300,10.400246,50.091473,1017.7
20250516T0000,8.880245,57.802597,1017.9
20250516T0100,7.3102455,63.231964,1018.1
20250516T0200,6.480245,69.27473,1018.0
20250516T0300,5.8402452,72.89073,1018.1
20250516T0400,4.790245,77.02835,1018.3
20250516T0500,7.040245,73.286896,1018.5
20250516T0600,10.400246,59.76419,1018.5
20250516T0700,13.490245,48.669613,1018.4
20250516T0800,15.140245,42.915028,1018.4
20250516T0900,16.510246,38.519135,1018.2
20250516T1000,18.150246,34.386868,1017.9
20250516T1100,18.570246,33.609055,1017.8
20250516T1200,18.720245,32.937183,1017.5
20250516T1300,18.980246,33.203503,1017.0
20250516T1400,19.310246,33.37207,1016.9
20250516T1500,19.050245,33.343174,1016.6
20250516T1600,18.570246,33.77812,1016.3
20250516T1700,18.150246,39.92501,1016.2
20250516T1800,16.720245,52.119965,1016.1
20250516T1900,15.430245,41.550823,1016.3
20250516T2000,12.400246,55.736515,1016.6
20250516T2100,11.290245,59.864124,1016.8
20250516T2200,11.530245,57.63528,1017.5
20250516T2300,10.860246,63.060013,1017.2
20250517T0000,9.860246,66.816895,1017.0
20250517T0100,8.660245,70.69287,1016.8
20250517T0200,7.400245,76.77388,1016.5
20250517T0300,5.9302454,86.74063,1016.4
20250517T0400,5.1802454,91.45847,1016.3
20250517T0500,7.230245,88.479576,1016.7
20250517T0600,11.030245,73.23248,1017.1
20250517T0700,13.980246,57.58543,1017.1
20250517T0800,15.960245,50.628063,1016.9
20250517T0900,18.020245,44.776546,1016.6
20250517T1000,18.530245,41.03218,1016.1
20250517T1100,19.260244,38.45955,1015.9
20250517T1200,19.370245,37.21472,1015.9
20250517T1300,19.540245,36.84743,1015.4
20250517T1400,19.460245,37.636215,1015.0
20250517T1500,19.260244,39.415096,1015.1
20250517T1600,18.610245,43.807053,1015.3
20250517T1700,18.140245,46.90985,1015.1
20250517T1800,16.950245,50.62138,1015.3
20250517T1900,14.660245,61.547535,1015.7
20250517T2000,13.020246,67.376854,1016.2
20250517T2100,12.080245,70.21507,1016.7
20250517T2200,11.340245,74.36184,1017.3
20250517T2300,10.750245,77.66706,1017.4
20250518T0000,10.540245,75.82777,1017.4
20250518T0100,10.690246,74.34543,1017.5
20250518T0200,10.260245,76.25333,1017.2
20250518T0300,9.640245,78.02389,1017.3
20250518T0400,8.540245,83.12848,1017.5
20250518T0500,8.860246,85.037544,1017.6
20250518T0600,11.520246,75.94647,1017.8
20250518T0700,14.220245,63.201183,1017.8
20250518T0800,16.440247,54.769436,1017.7
20250518T0900,17.900246,48.523277,1017.4
20250518T1000,18.730246,46.75373,1016.7
20250518T1100,19.510244,43.162548,1016.4
20250518T1200,20.070246,41.166092,1016.1
20250518T1300,20.970245,39.230064,1015.4
20250518T1400,21.310246,36.239697,1015.1
20250518T1500,21.480246,35.538857,1014.6
20250518T1600,21.360245,35.232174,1014.4
20250518T1700,21.060246,35.16923,1014.4
20250518T1800,19.540245,50.4667,1014.7
20250518T1900,17.870245,37.272636,1015.3
20250518T2000,15.070246,54.404552,1016.0
20250518T2100,12.380245,65.03423,1016.4
20250518T2200,10.400246,73.41843,1016.6
20250518T2300,9.580245,79.76808,1016.6
20250519T0000,8.650246,83.83978,1016.9
20250519T0100,8.420245,85.93447,1017.1
20250519T0200,7.960245,87.99901,1017.1
20250519T0300,6.7002454,90.62224,1017.2
20250519T0400,6.610245,91.95562,1017.6
20250519T0500,8.660245,86.979706,1017.9
20250519T0600,11.550245,76.47513,1017.8
20250519T0700,14.960245,65.1729,1018.0
20250519T0800,16.940245,57.865223,1017.7
20250519T0900,19.480246,53.112896,1017.5
20250519T1000,21.080246,50.273148,1016.8
20250519T1100,22.090246,46.961567,1016.3
20250519T1200,22.590246,43.803883,1015.3
20250519T1300,23.430244,41.3978,1014.7
20250519T1400,24.090246,38.480824,1014.4
20250519T1500,24.470245,37.027477,1014.0
20250519T1600,24.180244,37.39938,1013.9
20250519T1700,23.470245,41.102776,1013.6
20250519T1800,21.180244,54.42101,1013.9
20250519T1900,20.090246,48.83254,1014.0
20250519T2000,18.800245,54.275536,1014.6
20250519T2100,16.780245,64.225334,1014.9
20250519T2200,16.040245,72.34418,1015.7
20250519T2300,16.160246,71.07432,1015.5
20250520T0000,15.880245,71.64067,1015.1
20250520T0100,14.910245,78.275955,1015.3
20250520T0200,14.3102455,85.76947,1015.3
20250520T0300,13.910245,88.38325,1015.0
20250520T0400,13.480246,92.53915,1015.0
20250520T0500,13.770246,95.02545,1015.2
20250520T0600,14.830245,90.75778,1015.4
20250520T0700,15.780245,85.97985,1015.8
20250520T0800,16.890245,81.03238,1015.7
20250520T0900,18.020245,77.72426,1015.8
20250520T1000,19.560246,66.17889,1015.5
20250520T1100,19.900246,64.57822,1015.0
20250520T1200,20.430244,62.73235,1014.9
20250520T1300,20.070246,61.4643,1014.4
20250520T1400,20.030245,61.861828,1014.5
20250520T1500,19.540245,63.23553,1014.8
20250520T1600,19.060246,67.21313,1015.0
20250520T1700,18.230246,73.464836,1015.0
20250520T1800,17.140245,78.51007,1015.1
20250520T1900,16.780245,80.54177,1015.5
20250520T2000,16.080246,85.3388,1015.7
20250520T2100,15.100245,91.85075,1016.1
20250520T2200,14.150246,96.35624,1016.2
20250520T2300,14.040245,96.922066,1015.8
20250521T0000,13.820246,96.85288,1016.1
20250521T0100,13.390245,96.714035,1015.9
20250521T0200,13.270246,97.41323,1015.5
20250521T0300,12.950245,98.05001,1015.2
20250521T0400,12.780245,98.04688,1015.6
20250521T0500,13.530245,96.527504,1015.3
20250521T0600,14.910245,93.41204,1015.6
20250521T0700,16.180246,88.75284,1015.6
20250521T0800,17.400246,85.86567,1015.4
20250521T0900,18.780245,81.280945,1014.9
20250521T1000,19.280245,76.12387,1014.4
20250521T1100,19.880245,70.20776,1014.2
20250521T1200,20.540245,64.54925,1013.6
20250521T1300,20.580246,60.978386,1013.0
20250521T1400,20.100245,60.98634,1012.4
20250521T1500,19.330246,65.739494,1012.2
20250521T1600,18.470245,68.97482,1012.5
20250521T1700,17.090246,70.87579,1012.1
20250521T1800,15.640245,79.11803,1012.6
20250521T1900,14.130245,85.750275,1013.0
20250521T2000,13.460245,84.59829,1013.4
20250521T2100,12.400246,91.12638,1013.3
20250521T2200,12.070246,90.73735,1013.3
20250521T2300,11.700245,91.99729,1013.1
20250522T0000,11.340245,94.73118,1012.6
20250522T0100,11.230246,95.4274,1012.0
20250522T0200,11.3102455,95.68666,1011.2
20250522T0300,11.370245,94.73257,1011.0
20250522T0400,11.530245,94.42337,1011.3
20250522T0500,11.590245,94.616005,1011.7
20250522T0600,11.950245,87.31866,1012.3
20250522T0700,12.010245,89.0443,1012.7
20250522T0800,12.270246,86.53212,1012.9
20250522T0900,12.500245,86.55605,1013.0
20250522T1000,13.050245,86.67071,1013.8
20250522T1100,13.300245,83.79087,1014.1
20250522T1200,14.180245,83.67378,1014.3
20250522T1300,14.490245,81.244095,1014.0
20250522T1400,15.200245,74.74732,1014.1
20250522T1500,15.670245,68.40309,1014.3
20250522T1600,15.820246,63.1437,1014.4
20250522T1700,15.630245,61.31861,1014.6
20250522T1800,14.650246,62.054855,1015.1
20250522T1900,13.820246,63.10688,1015.7
20250522T2000,12.860246,66.602295,1016.5
20250522T2100,11.910245,71.353745,1016.9
20250522T2200,10.220245,79.920784,1017.2
20250522T2300,9.930245,80.32001,1017.1
20250523T0000,9.030245,84.52983,1017.1
20250523T0100,8.660245,87.281075,1016.9
20250523T0200,8.570246,88.30386,1016.6
20250523T0300,8.510245,88.66503,1016.4
20250523T0400,8.070246,91.42774,1016.7
20250523T0500,8.920245,90.55375,1016.9
20250523T0600,10.570246,86.52837,1017.5
20250523T0700,11.900246,75.90807,1017.8
20250523T0800,12.890245,67.62776,1017.8
20250523T0900,13.730246,60.142014,1017.9
20250523T1000,14.150246,60.079838,1018.1
20250523T1100,15.200245,57.065758,1018.2
20250523T1200,15.960245,52.967346,1017.7
20250523T1300,16.730246,47.45996,1017.2
20250523T1400,16.570246,44.200626,1016.9
20250523T1500,17.390245,40.181973,1016.7
20250523T1600,16.960245,38.460426,1016.7
20250523T1700,16.540245,38.638626,1017.2
20250523T1800,15.120245,45.78253,1017.7
20250523T1900,12.840245,51.813004,1018.3
20250523T2000,11.420245,55.829723,1019.2
20250523T2100,9.290245,63.943886,1019.9
20250523T2200,8.410246,62.865532,1020.6
20250523T2300,6.2202454,75.474754,1020.4
20250524T0000,7.480245,67.47556,1020.6
20250524T0100,6.980245,70.54189,1020.4
20250524T0200,7.0802455,72.40855,1020.2
20250524T0300,6.4702454,76.009094,1020.3
20250524T0400,6.3402452,78.134575,1020.5
20250524T0500,6.170245,85.24758,1020.5
20250524T0600,9.180245,73.28764,1020.7
20250524T0700,11.940246,60.155975,1020.8
20250524T0800,13.790245,50.19654,1020.8
20250524T0900,15.680245,44.28476,1020.7
20250524T1000,16.080246,40.685417,1020.3
20250524T1100,16.920246,39.787334,1019.8
20250524T1200,18.380245,38.09231,1019.1
20250524T1300,18.330246,37.302902,1018.7
20250524T1400,19.390245,37.220604,1018.1
20250524T1500,19.420246,37.020252,1017.6
20250524T1600,18.210245,39.746117,1017.7
20250524T1700,16.940245,43.32191,1018.2
20250524T1800,15.740245,45.639038,1018.5
20250524T1900,14.440246,54.73008,1019.1
20250524T2000,13.280245,67.805115,1019.7
20250524T2100,12.960245,70.684166,1019.8
20250524T2200,13.040245,72.3636,1019.4
20250524T2300,13.040245,73.50829,1019.9
20250525T0000,13.070246,75.64496,1019.5
20250525T0100,12.880245,78.16991,1019.2
20250525T0200,12.870245,79.12693,1019.0
20250525T0300,12.760245,79.91749,1018.6
20250525T0400,12.680245,81.15824,1018.4
20250525T0500,12.880245,81.18607,1018.1
20250525T0600,13.800245,79.74749,1018.2
20250525T0700,14.550245,78.37743,1018.0
20250525T0800,15.3102455,77.04518,1017.9
20250525T0900,16.820246,73.65049,1017.3
20250525T1000,18.850245,64.55962,1016.5
20250525T1100,20.190245,59.49447,1016.4
20250525T1200,20.550245,57.4525,1016.2
20250525T1300,20.820246,53.787594,1016.2
20250525T1400,20.970245,52.479355,1015.9
20250525T1500,20.530245,56.84095,1015.7
20250525T1600,20.150246,56.632305,1015.8
20250525T1700,19.660246,58.542755,1015.9
20250525T1800,18.710245,61.677254,1016.2
20250525T1900,17.320246,66.44634,1016.6
20250525T2000,16.710245,69.67936,1017.2
20250525T2100,15.900246,74.4217,1017.6
20250525T2200,15.800245,76.35959,1017.7
20250525T2300,15.280245,79.5913,1017.8
20250526T0000,14.770246,83.63377,1017.8
20250526T0100,14.380245,86.97696,1017.6
20250526T0200,14.380245,89.12729,1018.0
20250526T0300,14.270246,90.4793,1018.3
20250526T0400,13.920245,92.50427,1018.6
20250526T0500,14.070246,93.184555,1019.2
20250526T0600,14.090245,90.5854,1019.5
20250526T0700,14.590245,85.29007,1020.1
20250526T0800,15.040245,81.42643,1020.5
20250526T0900,15.460245,76.9156,1020.8
20250526T1000,15.630245,76.94298,1021.4
20250526T1100,15.970245,69.81122,1021.7
20250526T1200,16.550245,63.784813,1021.4
20250526T1300,17.810246,58.08404,1021.5
20250526T1400,18.010244,53.26321,1021.1
20250526T1500,18.600245,50.140854,1020.9
20250526T1600,18.440245,47.8116,1020.8
20250526T1700,17.710245,49.58671,1020.4
20250526T1800,16.930244,54.29994,1020.6
20250526T1900,14.920245,64.80943,1021.1
20250526T2000,12.970245,74.04863,1021.5
20250526T2100,11.800245,80.26585,1021.9
20250526T2200,12.540245,74.98804,1022.3
20250526T2300,11.410245,81.81211,1022.1
20250527T0000,11.050245,85.41046,1021.7
20250527T0100,10.750245,87.435394,1021.7
20250527T0200,10.880245,87.74587,1021.7
20250527T0300,10.850245,89.304344,1021.9
20250527T0400,10.520246,90.80351,1021.8
20250527T0500,11.610246,87.81678,1022.2
20250527T0600,12.950245,82.46334,1022.6
20250527T0700,14.890245,72.90885,1023.0
20250527T0800,16.810246,63.03193,1023.0
20250527T0900,18.630245,53.391926,1022.6
20250527T1000,18.670246,49.614235,1022.5
20250527T1100,19.130245,49.707165,1022.7
20250527T1200,18.970245,50.620453,1022.5
20250527T1300,19.320246,51.026707,1022.1
20250527T1400,19.860245,51.45018,1022.0
20250527T1500,20.650246,49.119164,1021.7
20250527T1600,20.060246,50.882298,1021.5
20250527T1700,19.670246,51.53819,1021.6
20250527T1800,18.710245,56.95305,1021.5
20250527T1900,16.790245,66.33208,1021.6
20250527T2000,15.280245,70.998764,1021.8
20250527T2100,14.730246,74.06556,1021.8
20250527T2200,14.730246,75.87698,1022.1
20250527T2300,14.970245,75.51206,1021.8
20250528T0000,14.600245,76.930435,1021.5
20250528T0100,14.570246,75.19079,1021.1
20250528T0200,14.700245,75.21325,1020.9
20250528T0300,14.950245,75.00465,1020.6
20250528T0400,14.600245,77.29186,1020.8
20250528T0500,15.460245,75.84756,1020.7
20250528T0600,16.490246,73.98316,1020.5
20250528T0700,17.530245,69.8422,1020.7
20250528T0800,17.650246,68.627266,1021.0
20250528T0900,17.220245,67.99403,1021.1
20250528T1000,16.440247,76.11111,1021.5
20250528T1100,16.260246,79.156906,1021.8
20250528T1200,16.060246,84.946846,1021.7
20250528T1300,15.680245,87.38797,1021.9
20250528T1400,15.600245,85.3993,1021.6
20250528T1500,15.650246,85.12496,1021.8
20250528T1600,15.760245,85.97778,1021.8
20250528T1700,15.670245,85.74343,1021.6
20250528T1800,15.490245,86.5156,1021.9
20250528T1900,15.280245,88.61919,1022.3
20250528T2000,15.080245,90.36069,1023.0
20250528T2100,14.530245,92.54007,1023.5
20250528T2200,14.250245,91.01549,1023.7
20250528T2300,14.040245,93.30551,1023.6
20250529T0000,13.660245,93.96377,1024.0
20250529T0100,13.170245,96.13584,1024.0
20250529T0200,12.800245,97.40229,1024.3
20250529T0300,12.410245,97.91021,1024.7
20250529T0400,12.160245,98.36057,1024.9
20250529T0500,14.100245,97.24092,1025.4
20250529T0600,14.780245,95.18964,1025.9
20250529T0700,15.980246,86.507614,1026.0
20250529T0800,16.590246,81.09837,1025.7
20250529T0900,18.220245,69.28937,1025.7
20250529T1000,19.160246,67.01333,1025.4
20250529T1100,20.850245,57.6792,1025.2
20250529T1200,21.330246,52.574375,1024.6
20250529T1300,21.970245,50.311485,1024.3
20250529T1400,22.690245,47.633713,1024.0
20250529T1500,23.510244,46.479805,1023.7
20250529T1600,23.030245,46.409077,1023.3
20250529T1700,22.810246,47.22353,1022.9
20250529T1800,21.040245,54.3126,1022.9
20250529T1900,18.190245,67.83426,1023.2
20250529T2000,17.120245,70.319336,1023.7
20250529T2100,14.750245,79.249435,1024.0
20250529T2200,13.700245,84.40053,1024.3
20250529T2300,12.390245,91.491425,1024.6
20250530T0000,11.460245,93.72649,1024.5
20250530T0100,10.430245,97.14559,1024.5
20250530T0200,10.280245,97.53479,1024.4
20250530T0300,9.8102455,98.516,1024.3
20250530T0400,10.130245,98.72126,1024.4
20250530T0500,12.010245,94.00633,1024.2
20250530T0600,15.200245,82.696365,1024.1
20250530T0700,18.360245,71.82211,1023.9
20250530T0800,21.250246,62.30477,1023.7
20250530T0900,22.880245,56.86402,1023.3
20250530T1000,24.490246,49.79559,1022.7
20250530T1100,25.630245,46.32619,1022.3
20250530T1200,27.130245,44.772884,1021.8
20250530T1300,27.600245,43.268055,1021.3
20250530T1400,28.370245,39.925808,1020.7
20250530T1500,28.790245,38.603638,1020.4
20250530T1600,28.500246,38.144745,1020.1
20250530T1700,28.120245,38.264465,1019.9
20250530T1800,26.120245,51.807274,1019.9
20250530T1900,23.610245,52.960716,1019.8
20250530T2000,20.080246,62.900604,1020.0
20250530T2100,17.290245,74.90868,1020.0
20250530T2200,15.590245,82.63623,1020.1
20250530T2300,14.150246,86.95436,1020.3
20250531T0000,14.240245,87.2514,1020.0
20250531T0100,13.440246,88.2825,1020.0
20250531T0200,12.800245,90.24876,1020.1
20250531T0300,12.290245,91.66801,1019.9
20250531T0400,12.540245,91.50173,1020.0
20250531T0500,14.420245,87.67304,1020.1
20250531T0600,17.870245,75.99515,1020.1
20250531T0700,21.100245,69.135315,1020.2
20250531T0800,24.050245,61.53913,1020.2
20250531T0900,26.350245,56.68795,1019.9
20250531T1000,28.080246,50.57647,1019.3
20250531T1100,29.430244,46.89862,1019.0
20250531T1200,29.820246,42.682087,1018.2
20250531T1300,30.640245,37.409256,1017.4
20250531T1400,31.270245,34.768364,1017.0
20250531T1500,30.670246,33.002884,1016.5
20250531T1600,29.980246,34.81941,1016.4
20250531T1700,28.370245,46.64539,1016.5
20250531T1800,26.010244,54.580563,1016.7
20250531T1900,23.810246,51.812263,1017.1
20250531T2000,22.340246,56.175396,1017.4
20250531T2100,22.340246,57.140533,1017.7
20250531T2200,20.060246,73.641464,1019.0
20250531T2300,19.200245,83.714294,1019.3
20250601T0000,18.220245,87.39406,1019.1
20250601T0100,17.610245,91.00541,1018.5
20250601T0200,17.820246,89.45845,1017.9
20250601T0300,17.310246,90.286736,1017.6
20250601T0400,17.050245,91.027245,1017.8
20250601T0500,17.870245,88.60576,1017.8
20250601T0600,19.910246,80.752426,1017.8
20250601T0700,21.910246,74.19285,1017.5
20250601T0800,23.580246,67.5686,1017.2
20250601T0900,25.440245,62.75831,1016.8
20250601T1000,27.230246,57.622692,1015.9
20250601T1100,27.780245,55.50749,1015.6
20250601T1200,28.750246,51.885784,1015.3
20250601T1300,27.410246,52.908188,1014.9
20250601T1400,27.870245,51.39892,1014.6
20250601T1500,27.720245,50.612267,1014.2
20250601T1600,26.210245,57.3795,1014.8
20250601T1700,24.560246,64.871254,1014.6
20250601T1800,22.800245,72.85174,1014.7
20250601T1900,20.770245,83.51889,1015.0
20250601T2000,19.260244,88.38026,1015.4
20250601T2100,18.360245,90.53293,1015.7
20250601T2200,18.040245,89.18914,1016.4
20250601T2300,17.640245,90.020744,1016.8
20250602T0000,17.760244,90.20268,1017.0
20250602T0100,17.510244,92.113815,1017.1
20250602T0200,17.050245,94.36088,1016.8
20250602T0300,16.860245,96.000534,1016.9
20250602T0400,16.840246,96.92624,1017.2
20250602T0500,16.890245,97.175575,1017.4
20250602T0600,17.050245,99.05604,1017.6
20250602T0700,17.360245,98.30477,1017.6
20250602T0800,17.720245,96.5148,1017.4
20250602T0900,18.070246,93.2085,1017.4
20250602T1000,19.530245,86.02198,1017.7
20250602T1100,20.310246,83.30838,1017.3
20250602T1200,20.130245,82.13061,1017.4
20250602T1300,18.940245,85.36207,1017.4
20250602T1400,18.590246,86.20525,1017.7
20250602T1500,18.780245,86.49973,1017.5
20250602T1600,18.620245,86.208176,1017.6
20250602T1700,18.420246,85.63762,1017.5
20250602T1800,17.830246,87.24663,1017.8
20250602T1900,17.250246,90.456894,1017.9
20250602T2000,16.940245,91.66706,1018.0
20250602T2100,16.490246,95.19103,1018.2
20250602T2200,16.160246,96.78628,1018.1
20250602T2300,16.150246,95.547615,1018.0
20250603T0000,,,
20250603T0100,,,
20250603T0200,,,
20250603T0300,,,
20250603T0400,,,
20250603T0500,,,
20250603T0600,,,
20250603T0700,,,
20250603T0800,,,
20250603T0900,,,
20250603T1000,,,
20250603T1100,,,
20250603T1200,,,
20250603T1300,,,
20250603T1400,,,
20250603T1500,,,
20250603T1600,,,
20250603T1700,,,
20250603T1800,,,
20250603T1900,,,
20250603T2000,,,
20250603T2100,,,
20250603T2200,,,
20250603T2300,,,
20250604T0000,,,
20250604T0100,,,
20250604T0200,,,
20250604T0300,,,
20250604T0400,,,
20250604T0500,,,
20250604T0600,,,
20250604T0700,,,
20250604T0800,,,
20250604T0900,,,
20250604T1000,,,
20250604T1100,,,
20250604T1200,,,
20250604T1300,,,
20250604T1400,,,
20250604T1500,,,
20250604T1600,,,
20250604T1700,,,
20250604T1800,,,
20250604T1900,,,
20250604T2000,,,
20250604T2100,,,
20250604T2200,,,
20250604T2300,,,
20250605T0000,,,
20250605T0100,,,
20250605T0200,,,
20250605T0300,,,
20250605T0400,,,
20250605T0500,,,
20250605T0600,,,
20250605T0700,,,
20250605T0800,,,
20250605T0900,,,
20250605T1000,,,
20250605T1100,,,
20250605T1200,,,
20250605T1300,,,
20250605T1400,,,
20250605T1500,,,
20250605T1600,,,
20250605T1700,,,
20250605T1800,,,
20250605T1900,,,
20250605T2000,,,
20250605T2100,,,
20250605T2200,,,
20250605T2300,,,
20250606T0000,,,
20250606T0100,,,
20250606T0200,,,
20250606T0300,,,
20250606T0400,,,
20250606T0500,,,
20250606T0600,,,
20250606T0700,,,
20250606T0800,,,
20250606T0900,,,
20250606T1000,,,
20250606T1100,,,
20250606T1200,,,
20250606T1300,,,
20250606T1400,,,
20250606T1500,,,
20250606T1600,,,
20250606T1700,,,
20250606T1800,,,
20250606T1900,,,
20250606T2000,,,
20250606T2100,,,
20250606T2200,,,
20250606T2300,,,
20250607T0000,,,
20250607T0100,,,
20250607T0200,,,
20250607T0300,,,
20250607T0400,,,
20250607T0500,,,
20250607T0600,,,
20250607T0700,,,
20250607T0800,,,
20250607T0900,,,
20250607T1000,,,
20250607T1100,,,
20250607T1200,,,
20250607T1300,,,
20250607T1400,,,
20250607T1500,,,
20250607T1600,,,
20250607T1700,,,
20250607T1800,,,
20250607T1900,,,
20250607T2000,,,
20250607T2100,,,
20250607T2200,,,
20250607T2300,,,
20250608T0000,,,
20250608T0100,,,
20250608T0200,,,
20250608T0300,,,
20250608T0400,,,
20250608T0500,,,
20250608T0600,,,
20250608T0700,,,
20250608T0800,,,
20250608T0900,,,
20250608T1000,,,
20250608T1100,,,
20250608T1200,,,
20250608T1300,,,
20250608T1400,,,
20250608T1500,,,
20250608T1600,,,
20250608T1700,,,
20250608T1800,,,
20250608T1900,,,
20250608T2000,,,
20250608T2100,,,
20250608T2200,,,
20250608T2300,,,
20250609T0000,,,
20250609T0100,,,
20250609T0200,,,
20250609T0300,,,
20250609T0400,,,
20250609T0500,,,
20250609T0600,,,
20250609T0700,,,
20250609T0800,,,
20250609T0900,,,
20250609T1000,,,
20250609T1100,,,
20250609T1200,,,
20250609T1300,,,
20250609T1400,,,
20250609T1500,,,
20250609T1600,,,
20250609T1700,,,
20250609T1800,,,
20250609T1900,,,
20250609T2000,,,
20250609T2100,,,
20250609T2200,,,
20250609T2300,,,